run_id,bin,agreement_low,agreement_high,n,share,featured_fraction,majority_baseline,lift,error_share,accuracy,balanced_accuracy,auc_roc,ece,brier,arch,dataset,label_mode,policy,size,finetune,loss,train_size,seed,orientation_pooled,pretrained
cnn_deep_hard_d4_s128_full_bce_nfull_seed0,0,0.0,0.2,5122,0.10713688085676037,0.4328387348691917,0.5671612651308082,0.07575165950800478,0.6458333333333334,0.642912924638813,0.6352568208267053,0.6893026581485423,0.14778132024111762,0.2447891469854436,cnn_deep,gz2,hard,d4,128,full,bce,0,0,False,True
cnn_deep_hard_d4_s128_full_bce_nfull_seed0,1,0.2,0.4,5706,0.11935240963855422,0.38310550297932,0.61689449702068,0.25341745531019977,0.2612994350282486,0.8703119523308798,0.8595197745986858,0.9364854731556185,0.01723513681519143,0.09539402207245823,cnn_deep,gz2,hard,d4,128,full,bce,0,0,False,True
cnn_deep_hard_d4_s128_full_bce_nfull_seed0,2,0.4,0.6,6977,0.14593791834002678,0.29281926329367924,0.7071807367063208,0.2630070230758206,0.07344632768361582,0.9701877597821413,0.9595627034565516,0.9949185340473694,0.030960042309715163,0.024951190068914615,cnn_deep,gz2,hard,d4,128,full,bce,0,0,False,True
cnn_deep_hard_d4_s128_full_bce_nfull_seed0,3,0.6,0.8,13454,0.2814173360107095,0.16701352757544224,0.8329864724245577,0.16352014270848825,0.016596045197740113,0.996506615133046,0.9914985543914894,0.999905647373977,0.008715167099825082,0.00343189835989926,cnn_deep,gz2,hard,d4,128,full,bce,0,0,False,True
cnn_deep_hard_d4_s128_full_bce_nfull_seed0,4,0.8,1.0,16549,0.34615545515394913,0.22859387274155538,0.7714061272584446,0.22811045984651646,0.002824858757062147,0.999516587104961,0.9989426381178959,0.9999998343471906,0.002006623402211823,0.00043153441811854686,cnn_deep,gz2,hard,d4,128,full,bce,0,0,False,True
cnn_deep_hard_d4_s128_full_bce_nfull_seed1,0,0.0,0.2,5122,0.10713688085676037,0.4328387348691917,0.5671612651308082,0.07575165950800478,0.6319972356599862,0.642912924638813,0.6361648410770474,0.6875292393234255,0.14216330087003054,0.2455220788340192,cnn_deep,gz2,hard,d4,128,full,bce,0,1,False,True
cnn_deep_hard_d4_s128_full_bce_nfull_seed1,1,0.2,0.4,5706,0.11935240963855422,0.38310550297932,0.61689449702068,0.24588152821591303,0.2705597788527989,0.862776025236593,0.853585185685769,0.9326348457123846,0.01505131224549745,0.09888726659217058,cnn_deep,gz2,hard,d4,128,full,bce,0,1,False,True
cnn_deep_hard_d4_s128_full_bce_nfull_seed1,2,0.4,0.6,6977,0.14593791834002678,0.29281926329367924,0.7071807367063208,0.26042711767235205,0.07809260539046303,0.9676078543786728,0.9564480213710851,0.9936197949993264,0.03025124390508739,0.027287571983329383,cnn_deep,gz2,hard,d4,128,full,bce,0,1,False,True
cnn_deep_hard_d4_s128_full_bce_nfull_seed1,3,0.6,0.8,13454,0.2814173360107095,0.16701352757544224,0.8329864724245577,0.16329716069570388,0.017277125086385625,0.9962836331202616,0.9911868055318118,0.999794377989248,0.010364481284024068,0.004073267154333174,cnn_deep,gz2,hard,d4,128,full,bce,0,1,False,True
cnn_deep_hard_d4_s128_full_bce_nfull_seed1,4,0.8,1.0,16549,0.34615545515394913,0.22859387274155538,0.7714061272584446,0.22823131307027622,0.002073255010366275,0.9996374403287208,0.9992999822875734,0.9999995030415719,0.002183138230077445,0.0005401958662189269,cnn_deep,gz2,hard,d4,128,full,bce,0,1,False,True
cnn_deep_hard_d4_s128_full_bce_nfull_seed2,0,0.0,0.2,5122,0.10713688085676037,0.4328387348691917,0.5671612651308082,0.07028504490433429,0.6459130434782608,0.6374463100351425,0.6331081915133956,0.689123709219247,0.1416610009319921,0.24445684712924673,cnn_deep,gz2,hard,d4,128,full,bce,0,2,False,True
cnn_deep_hard_d4_s128_full_bce_nfull_seed2,1,0.2,0.4,5706,0.11935240963855422,0.38310550297932,0.61689449702068,0.2527164388363127,0.25878260869565217,0.8696109358569927,0.8614653944522999,0.9377148226316228,0.02272107861526427,0.09528229182690295,cnn_deep,gz2,hard,d4,128,full,bce,0,2,False,True
cnn_deep_hard_d4_s128_full_bce_nfull_seed2,2,0.4,0.6,6977,0.14593791834002678,0.29281926329367924,0.7071807367063208,0.2617170703740863,0.07547826086956522,0.9688978070804071,0.960801671639801,0.9939219230802046,0.032371984909646184,0.02697323045068355,cnn_deep,gz2,hard,d4,128,full,bce,0,2,False,True
cnn_deep_hard_d4_s128_full_bce_nfull_seed2,3,0.6,0.8,13454,0.2814173360107095,0.16701352757544224,0.8329864724245577,0.1633714880332987,0.017043478260869566,0.9963579604578564,0.9915872283872424,0.9998986384352173,0.009735806761988276,0.003597027827251706,cnn_deep,gz2,hard,d4,128,full,bce,0,2,False,True
cnn_deep_hard_d4_s128_full_bce_nfull_seed2,4,0.8,1.0,16549,0.34615545515394913,0.22859387274155538,0.7714061272584446,0.22811045984651646,0.002782608695652174,0.999516587104961,0.9990356418170474,0.9999990578496468,0.0018248900339439083,0.00048600389768763694,cnn_deep,gz2,hard,d4,128,full,bce,0,2,False,True
cnn_deep_hard_d4_s128_full_bce_nfull_seed3,0,0.0,0.2,5122,0.10713688085676037,0.4328387348691917,0.5671612651308082,0.07282311597032409,0.6467905997895476,0.6399843811011323,0.6325148263651941,0.6870979762855792,0.14558802312507313,0.24538473861640067,cnn_deep,gz2,hard,d4,128,full,bce,0,3,False,True
cnn_deep_hard_d4_s128_full_bce_nfull_seed3,1,0.2,0.4,5706,0.11935240963855422,0.38310550297932,0.61689449702068,0.2527164388363127,0.26096106629252896,0.8696109358569927,0.8595583724943858,0.9352715238501206,0.019866470398467614,0.0960725680425131,cnn_deep,gz2,hard,d4,128,full,bce,0,3,False,True
cnn_deep_hard_d4_s128_full_bce_nfull_seed3,2,0.4,0.6,6977,0.14593791834002678,0.29281926329367924,0.7071807367063208,0.2632936792317615,0.07225534900035076,0.9704744159380823,0.959621978297571,0.9944731046981189,0.029194846085673503,0.025371531234378145,cnn_deep,gz2,hard,d4,128,full,bce,0,3,False,True
cnn_deep_hard_d4_s128_full_bce_nfull_seed3,3,0.6,0.8,13454,0.2814173360107095,0.16701352757544224,0.8329864724245577,0.1633714880332987,0.017186951946685375,0.9963579604578564,0.9914093244459196,0.9998928605281944,0.008703038332157485,0.003499959573735838,cnn_deep,gz2,hard,d4,128,full,bce,0,3,False,True
cnn_deep_hard_d4_s128_full_bce_nfull_seed3,4,0.8,1.0,16549,0.34615545515394913,0.22859387274155538,0.7714061272584446,0.22811045984651646,0.0028060329708874078,0.999516587104961,0.9990356418170474,0.9999989336100398,0.0017191584925342874,0.0005210926144388296,cnn_deep,gz2,hard,d4,128,full,bce,0,3,False,True
cnn_deep_hard_d4_s128_full_bce_nfull_seed4,0,0.0,0.2,5122,0.10713688085676037,0.4328387348691917,0.5671612651308082,0.0778992581023038,0.6390158172231986,0.645060523233112,0.6368830434826489,0.6871235958719859,0.13992491416430924,0.24450555932503654,cnn_deep,gz2,hard,d4,128,full,bce,0,4,False,True
cnn_deep_hard_d4_s128_full_bce_nfull_seed4,1,0.2,0.4,5706,0.11935240963855422,0.38310550297932,0.61689449702068,0.2539432176656151,0.25905096660808435,0.8708377146862951,0.8600325937785911,0.9328642237794229,0.019752118541750387,0.09806558797812504,cnn_deep,gz2,hard,d4,128,full,bce,0,4,False,True
cnn_deep_hard_d4_s128_full_bce_nfull_seed4,2,0.4,0.6,6977,0.14593791834002678,0.29281926329367924,0.7071807367063208,0.2601404615164111,0.08014059753954306,0.9673211982227319,0.956532147003193,0.9937409240049911,0.028877185777383036,0.027161472935701668,cnn_deep,gz2,hard,d4,128,full,bce,0,4,False,True
cnn_deep_hard_d4_s128_full_bce_nfull_seed4,3,0.6,0.8,13454,0.2814173360107095,0.16701352757544224,0.8329864724245577,0.16307417868291962,0.018629173989455183,0.9960606511074773,0.9910529606134573,0.9998394496350963,0.009541610208459905,0.003912672119412005,cnn_deep,gz2,hard,d4,128,full,bce,0,4,False,True
cnn_deep_hard_d4_s128_full_bce_nfull_seed4,4,0.8,1.0,16549,0.34615545515394913,0.22859387274155538,0.7714061272584446,0.22805003323463657,0.003163444639718805,0.9994561604930812,0.9988104678826328,0.999999523748173,0.001991443934847406,0.0005121451309131329,cnn_deep,gz2,hard,d4,128,full,bce,0,4,False,True
cnn_deep_reg_hard_d4_s128_full_bce_nfull_seed0,0,0.0,0.2,5122,0.10713688085676037,0.4328387348691917,0.5671612651308082,0.07692307692307698,0.6279710644161213,0.6440843420538852,0.6393340615506682,0.6869153008709883,0.1201712975875642,0.24099687066939324,cnn_deep_reg,gz2,hard,d4,128,full,bce,0,0,False,True
cnn_deep_reg_hard_d4_s128_full_bce_nfull_seed0,1,0.2,0.4,5706,0.11935240963855422,0.38310550297932,0.61689449702068,0.24535576586049768,0.2707543920082673,0.8622502628811777,0.8544592915661648,0.929844295828828,0.03224165059954659,0.10193782676129069,cnn_deep_reg,gz2,hard,d4,128,full,bce,0,0,False,True
cnn_deep_reg_hard_d4_s128_full_bce_nfull_seed0,2,0.4,0.6,6977,0.14593791834002678,0.29281926329367924,0.7071807367063208,0.2598538053604701,0.0792283844299001,0.9670345420667908,0.9579068768934467,0.993244056990354,0.04251578235339459,0.029554058707206614,cnn_deep_reg,gz2,hard,d4,128,full,bce,0,0,False,True
cnn_deep_reg_hard_d4_s128_full_bce_nfull_seed0,3,0.6,0.8,13454,0.2814173360107095,0.16701352757544224,0.8329864724245577,0.16292552400773008,0.018945918015845678,0.9959119964322878,0.9902521149025962,0.9998181051332078,0.013686346604608796,0.00476619655689466,cnn_deep_reg,gz2,hard,d4,128,full,bce,0,0,False,True
cnn_deep_reg_hard_d4_s128_full_bce_nfull_seed0,4,0.8,1.0,16549,0.34615545515394913,0.22859387274155538,0.7714061272584446,0.22805003323463657,0.003100241129865656,0.9994561604930812,0.9988104678826328,0.9999986126577216,0.003165449804460418,0.0007384248033357604,cnn_deep_reg,gz2,hard,d4,128,full,bce,0,0,False,True
cnn_deep_reg_hard_d4_s128_full_bce_nfull_seed1,0,0.0,0.2,5122,0.10713688085676037,0.4328387348691917,0.5671612651308082,0.07340882467786025,0.6300479123887748,0.6405700898086685,0.63228339610132,0.6856025687905304,0.12367835101319954,0.24038145945717443,cnn_deep_reg,gz2,hard,d4,128,full,bce,0,1,False,True
cnn_deep_reg_hard_d4_s128_full_bce_nfull_seed1,1,0.2,0.4,5706,0.11935240963855422,0.38310550297932,0.61689449702068,0.24640729057132837,0.2669404517453799,0.8633017875920084,0.8529711282541795,0.9292308232138402,0.030821521586249182,0.10149994735474127,cnn_deep_reg,gz2,hard,d4,128,full,bce,0,1,False,True
cnn_deep_reg_hard_d4_s128_full_bce_nfull_seed1,2,0.4,0.6,6977,0.14593791834002678,0.29281926329367924,0.7071807367063208,0.2594238211265587,0.07973990417522245,0.9666045578328795,0.9538744516209164,0.993382844442381,0.03991533275208087,0.02931119440084304,cnn_deep_reg,gz2,hard,d4,128,full,bce,0,1,False,True
cnn_deep_reg_hard_d4_s128_full_bce_nfull_seed1,3,0.6,0.8,13454,0.2814173360107095,0.16701352757544224,0.8329864724245577,0.16240523264456674,0.021218343600273786,0.9953917050691244,0.9881607706798738,0.9997993418268963,0.013085620179455904,0.004940178450625597,cnn_deep_reg,gz2,hard,d4,128,full,bce,0,1,False,True
cnn_deep_reg_hard_d4_s128_full_bce_nfull_seed1,4,0.8,1.0,16549,0.34615545515394913,0.22859387274155538,0.7714061272584446,0.22823131307027622,0.002053388090349076,0.9996374403287208,0.9992069785884219,0.9999995133948726,0.003343060393139115,0.0007225128882467571,cnn_deep_reg,gz2,hard,d4,128,full,bce,0,1,False,True
cnn_deep_reg_hard_d4_s128_full_bce_nfull_seed2,0,0.0,0.2,5122,0.10713688085676037,0.4328387348691917,0.5671612651308082,0.07985162046075756,0.6299651567944251,0.6470128855915658,0.6387644527462255,0.6871999111854338,0.12723119127143903,0.2399232440705531,cnn_deep_reg,gz2,hard,d4,128,full,bce,0,2,False,True
cnn_deep_reg_hard_d4_s128_full_bce_nfull_seed2,1,0.2,0.4,5706,0.11935240963855422,0.38310550297932,0.61689449702068,0.24815983175604628,0.2682926829268293,0.8650543287767263,0.8517044154953006,0.934218074211927,0.029391791402326402,0.09855691880733851,cnn_deep_reg,gz2,hard,d4,128,full,bce,0,2,False,True
cnn_deep_reg_hard_d4_s128_full_bce_nfull_seed2,2,0.4,0.6,6977,0.14593791834002678,0.29281926329367924,0.7071807367063208,0.2610004299842339,0.07735191637630662,0.9681811666905547,0.9561363696337419,0.994001187679325,0.03946395076278753,0.028108140498812068,cnn_deep_reg,gz2,hard,d4,128,full,bce,0,2,False,True
cnn_deep_reg_hard_d4_s128_full_bce_nfull_seed2,3,0.6,0.8,13454,0.2814173360107095,0.16701352757544224,0.8329864724245577,0.16255388731975629,0.020905923344947737,0.995540359744314,0.9889616163907349,0.9998572400292287,0.012085935876503758,0.004582428008169001,cnn_deep_reg,gz2,hard,d4,128,full,bce,0,2,False,True
cnn_deep_reg_hard_d4_s128_full_bce_nfull_seed2,4,0.8,1.0,16549,0.34615545515394913,0.22859387274155538,0.7714061272584446,0.2279896066227567,0.003484320557491289,0.9993957338812013,0.9986782976473698,0.9999990267897451,0.0027044783429710185,0.0006653300100832047,cnn_deep_reg,gz2,hard,d4,128,full,bce,0,2,False,True
cnn_deep_reg_hard_d4_s128_full_bce_nfull_seed3,0,0.0,0.2,5122,0.10713688085676037,0.4328387348691917,0.5671612651308082,0.0819992190550567,0.6370081531371854,0.6491604841858649,0.6416191733879264,0.6916169607872822,0.11694705910945048,0.23719054135207066,cnn_deep_reg,gz2,hard,d4,128,full,bce,0,3,False,True
cnn_deep_reg_hard_d4_s128_full_bce_nfull_seed3,1,0.2,0.4,5706,0.11935240963855422,0.38310550297932,0.61689449702068,0.251664914125482,0.26586316908897556,0.868559411146162,0.8570591262580055,0.9374512003035848,0.031338409262043274,0.09569064666923842,cnn_deep_reg,gz2,hard,d4,128,full,bce,0,3,False,True
cnn_deep_reg_hard_d4_s128_full_bce_nfull_seed3,2,0.4,0.6,6977,0.14593791834002678,0.29281926329367924,0.7071807367063208,0.2630070230758206,0.07373271889400922,0.9701877597821413,0.9589891015640424,0.994513778647605,0.03968893854662459,0.026555158534423865,cnn_deep_reg,gz2,hard,d4,128,full,bce,0,3,False,True
cnn_deep_reg_hard_d4_s128_full_bce_nfull_seed3,3,0.6,0.8,13454,0.2814173360107095,0.16701352757544224,0.8329864724245577,0.16285119667013537,0.019851116625310174,0.9958376690946931,0.9898516920471656,0.9998983008942572,0.011679665503507894,0.004038485343558445,cnn_deep_reg,gz2,hard,d4,128,full,bce,0,3,False,True
cnn_deep_reg_hard_d4_s128_full_bce_nfull_seed3,4,0.8,1.0,16549,0.34615545515394913,0.22859387274155538,0.7714061272584446,0.2279896066227567,0.003544842254519674,0.9993957338812013,0.9987713013465214,0.9999990785562479,0.002483567010132582,0.0006034401212930557,cnn_deep_reg,gz2,hard,d4,128,full,bce,0,3,False,True
cnn_deep_reg_hard_d4_s128_full_bce_nfull_seed4,0,0.0,0.2,5122,0.10713688085676037,0.4328387348691917,0.5671612651308082,0.07848496680983996,0.6275933609958506,0.6456462319406482,0.6363845484392625,0.6886157426924012,0.11880298605746849,0.2379209676003774,cnn_deep_reg,gz2,hard,d4,128,full,bce,0,4,False,True
cnn_deep_reg_hard_d4_s128_full_bce_nfull_seed4,1,0.2,0.4,5706,0.11935240963855422,0.38310550297932,0.61689449702068,0.24623203645285663,0.27005532503457813,0.8631265334735366,0.8517022061881394,0.9316303257298512,0.03324911163194286,0.100017443309728,cnn_deep_reg,gz2,hard,d4,128,full,bce,0,4,False,True
cnn_deep_reg_hard_d4_s128_full_bce_nfull_seed4,2,0.4,0.6,6977,0.14593791834002678,0.29281926329367924,0.7071807367063208,0.26157374229611585,0.07538035961272475,0.9687544790024366,0.9578323245201813,0.9939886382778371,0.04262873643413035,0.028489600986717403,cnn_deep_reg,gz2,hard,d4,128,full,bce,0,4,False,True
cnn_deep_reg_hard_d4_s128_full_bce_nfull_seed4,3,0.6,0.8,13454,0.2814173360107095,0.16701352757544224,0.8329864724245577,0.16195926861899812,0.02351313969571231,0.9949457410435558,0.9877151769018417,0.9998031540542104,0.012907532862082838,0.004833430752418218,cnn_deep_reg,gz2,hard,d4,128,full,bce,0,4,False,True
cnn_deep_reg_hard_d4_s128_full_bce_nfull_seed4,4,0.8,1.0,16549,0.34615545515394913,0.22859387274155538,0.7714061272584446,0.2279896066227567,0.003457814661134163,0.9993957338812013,0.9987713013465214,0.9999986126577216,0.0029668721035715113,0.0007436250588720625,cnn_deep_reg,gz2,hard,d4,128,full,bce,0,4,False,True
cnn_deep_reg_soft_d4_s128_full_bce_nfull_seed0,0,0.0,0.2,5122,0.10713688085676037,0.4328387348691917,0.5671612651308082,0.08766106989457245,0.6745516978252576,0.6548223350253807,0.6493880412428761,0.7099483959421681,0.058411566068573624,0.2194171696449559,cnn_deep_reg,gz2,soft,d4,128,full,bce,0,0,False,True
cnn_deep_reg_soft_d4_s128_full_bce_nfull_seed0,1,0.2,0.4,5706,0.11935240963855422,0.38310550297932,0.61689449702068,0.2651594812478093,0.25677222434185426,0.8820539782684893,0.8750179343757798,0.9461899848207603,0.22716373433429152,0.14332216684098475,cnn_deep_reg,gz2,soft,d4,128,full,bce,0,0,False,True
cnn_deep_reg_soft_d4_s128_full_bce_nfull_seed0,2,0.4,0.6,6977,0.14593791834002678,0.29281926329367924,0.7071807367063208,0.27074673928622617,0.05875619992369325,0.9779274759925469,0.9710577568098608,0.996337658065416,0.23360994245423974,0.07727932775247336,cnn_deep_reg,gz2,soft,d4,128,full,bce,0,0,False,True
cnn_deep_reg_soft_d4_s128_full_bce_nfull_seed0,3,0.6,0.8,13454,0.2814173360107095,0.16701352757544224,0.8329864724245577,0.16522967147316792,0.009156810377718427,0.9982161438977256,0.995904873650675,0.9999519500515623,0.1481172449269886,0.02823739668559427,cnn_deep_reg,gz2,soft,d4,128,full,bce,0,0,False,True
cnn_deep_reg_soft_d4_s128_full_bce_nfull_seed0,4,0.8,1.0,16549,0.34615545515394913,0.22859387274155538,0.7714061272584446,0.22847301951779564,0.0007630675314765357,0.9998791467762402,0.999735659529474,0.9999994616283696,0.09021106739981789,0.010325391158567369,cnn_deep_reg,gz2,soft,d4,128,full,bce,0,0,False,True
cnn_deep_reg_soft_d4_s128_full_bce_nfull_seed1,0,0.0,0.2,5122,0.10713688085676037,0.4328387348691917,0.5671612651308082,0.09078484966809841,0.6722947045280123,0.6579461147989066,0.6549193875831958,0.7066301936918368,0.05549238418541311,0.22035271175769766,cnn_deep_reg,gz2,soft,d4,128,full,bce,0,1,False,True
cnn_deep_reg_soft_d4_s128_full_bce_nfull_seed1,1,0.2,0.4,5706,0.11935240963855422,0.38310550297932,0.61689449702068,0.2665615141955836,0.25518035303146586,0.8834560112162636,0.8791015137652831,0.9460986234716793,0.22833537541609294,0.14337561162248935,cnn_deep_reg,gz2,soft,d4,128,full,bce,0,1,False,True
cnn_deep_reg_soft_d4_s128_full_bce_nfull_seed1,2,0.4,0.6,6977,0.14593791834002678,0.29281926329367924,0.7071807367063208,0.2698867708184033,0.06139677666922486,0.977067507524724,0.9705931313405479,0.9965677634942773,0.23389360118351404,0.07768868829356192,cnn_deep_reg,gz2,soft,d4,128,full,bce,0,1,False,True
cnn_deep_reg_soft_d4_s128_full_bce_nfull_seed1,3,0.6,0.8,13454,0.2814173360107095,0.16701352757544224,0.8329864724245577,0.1651553441355731,0.009593246354566385,0.9981418165601308,0.9962160665605359,0.9999399177091024,0.14977930064497383,0.02878601602334482,cnn_deep_reg,gz2,soft,d4,128,full,bce,0,1,False,True
cnn_deep_reg_soft_d4_s128_full_bce_nfull_seed1,4,0.8,1.0,16549,0.34615545515394913,0.22859387274155538,0.7714061272584446,0.22835216629403587,0.0015349194167306216,0.9997582935524805,0.9995643227580995,0.9999994305684679,0.09157783838091506,0.010639822755426336,cnn_deep_reg,gz2,soft,d4,128,full,bce,0,1,False,True
cnn_deep_reg_soft_d4_s128_full_bce_nfull_seed2,0,0.0,0.2,5122,0.10713688085676037,0.4328387348691917,0.5671612651308082,0.08883248730964477,0.6727758686521573,0.655993752440453,0.650580982348105,0.7035042159746661,0.05345075811546371,0.2204069571714781,cnn_deep_reg,gz2,soft,d4,128,full,bce,0,2,False,True
cnn_deep_reg_soft_d4_s128_full_bce_nfull_seed2,1,0.2,0.4,5706,0.11935240963855422,0.38310550297932,0.61689449702068,0.26673676831405535,0.2535318823978618,0.8836312653347353,0.876729757548033,0.9471968440696998,0.22872588174764286,0.142928396948985,cnn_deep_reg,gz2,soft,d4,128,full,bce,0,2,False,True
cnn_deep_reg_soft_d4_s128_full_bce_nfull_seed2,2,0.4,0.6,6977,0.14593791834002678,0.29281926329367924,0.7071807367063208,0.2694567865844919,0.06223749522718595,0.9766375232908127,0.9692853150574365,0.9963490666122232,0.2318689968862506,0.07710219536115923,cnn_deep_reg,gz2,soft,d4,128,full,bce,0,2,False,True
cnn_deep_reg_soft_d4_s128_full_bce_nfull_seed2,3,0.6,0.8,13454,0.2814173360107095,0.16701352757544224,0.8329864724245577,0.16500668946038355,0.010309278350515464,0.9979931618849412,0.9957710287323205,0.9999039993798778,0.14786352021712437,0.028278543010872306,cnn_deep_reg,gz2,soft,d4,128,full,bce,0,2,False,True
cnn_deep_reg_soft_d4_s128_full_bce_nfull_seed2,4,0.8,1.0,16549,0.34615545515394913,0.22859387274155538,0.7714061272584446,0.22841259290591576,0.001145475372279496,0.9998187201643604,0.999603489294211,0.999999751520786,0.09017635602633448,0.010343336283082526,cnn_deep_reg,gz2,soft,d4,128,full,bce,0,2,False,True
cnn_deep_reg_soft_d4_s128_full_bce_nfull_seed3,0,0.0,0.2,5122,0.10713688085676037,0.4328387348691917,0.5671612651308082,0.08805154236626322,0.6750764525993884,0.6552128074970714,0.6503198178369771,0.7087214506586175,0.05241909203341768,0.219762631910414,cnn_deep_reg,gz2,soft,d4,128,full,bce,0,3,False,True
cnn_deep_reg_soft_d4_s128_full_bce_nfull_seed3,1,0.2,0.4,5706,0.11935240963855422,0.38310550297932,0.61689449702068,0.26603575184016826,0.25535168195718655,0.8829302488608483,0.8770284038925393,0.9468585601555352,0.22774233370418717,0.1429341707767505,cnn_deep_reg,gz2,soft,d4,128,full,bce,0,3,False,True
cnn_deep_reg_soft_d4_s128_full_bce_nfull_seed3,2,0.4,0.6,6977,0.14593791834002678,0.29281926329367924,0.7071807367063208,0.27089006736419663,0.058486238532110095,0.9780708040705174,0.9718760968325707,0.9966484169599654,0.23343239012895792,0.07683323283559297,cnn_deep_reg,gz2,soft,d4,128,full,bce,0,3,False,True
cnn_deep_reg_soft_d4_s128_full_bce_nfull_seed3,3,0.6,0.8,13454,0.2814173360107095,0.16701352757544224,0.8329864724245577,0.16508101679797837,0.009938837920489297,0.9980674892225361,0.9959935476464281,0.9999485150759095,0.14766465559722505,0.028086980942824198,cnn_deep_reg,gz2,soft,d4,128,full,bce,0,3,False,True
cnn_deep_reg_soft_d4_s128_full_bce_nfull_seed3,4,0.8,1.0,16549,0.34615545515394913,0.22859387274155538,0.7714061272584446,0.22841259290591576,0.0011467889908256881,0.9998187201643604,0.999603489294211,0.9999997308141848,0.08996353114322184,0.010273458294570255,cnn_deep_reg,gz2,soft,d4,128,full,bce,0,3,False,True
cnn_deep_reg_soft_d4_s128_full_bce_nfull_seed4,0,0.0,0.2,5122,0.10713688085676037,0.4328387348691917,0.5671612651308082,0.08160874658336592,0.6763157894736842,0.6487700117141741,0.6444797166629014,0.703725553674198,0.04885754965999219,0.2204273530299716,cnn_deep_reg,gz2,soft,d4,128,full,bce,0,4,False,True
cnn_deep_reg_soft_d4_s128_full_bce_nfull_seed4,1,0.2,0.4,5706,0.11935240963855422,0.38310550297932,0.61689449702068,0.26498422712933756,0.25338345864661654,0.8818787241500176,0.8762628139815354,0.9467316549530067,0.22717933080858033,0.14318604696742754,cnn_deep_reg,gz2,soft,d4,128,full,bce,0,4,False,True
cnn_deep_reg_soft_d4_s128_full_bce_nfull_seed4,2,0.4,0.6,6977,0.14593791834002678,0.29281926329367924,0.7071807367063208,0.27003009889637386,0.05977443609022556,0.9772108356026946,0.9695472652126027,0.9962427687174075,0.23365969450921956,0.0778014349523391,cnn_deep_reg,gz2,soft,d4,128,full,bce,0,4,False,True
cnn_deep_reg_soft_d4_s128_full_bce_nfull_seed4,3,0.6,0.8,13454,0.2814173360107095,0.16701352757544224,0.8329864724245577,0.16530399881076263,0.008646616541353383,0.9982904712353203,0.9964832004474284,0.9999182158109031,0.14899457508779232,0.02859173706620596,cnn_deep_reg,gz2,soft,d4,128,full,bce,0,4,False,True
cnn_deep_reg_soft_d4_s128_full_bce_nfull_seed4,4,0.8,1.0,16549,0.34615545515394913,0.22859387274155538,0.7714061272584446,0.228291739682156,0.0018796992481203006,0.9996978669406006,0.9994321525228365,0.9999998550537919,0.09090752305691553,0.010481893227027483,cnn_deep_reg,gz2,soft,d4,128,full,bce,0,4,False,True
cnn_deep_soft_d4_s128_full_bce_nfull_seed0,0,0.0,0.2,5122,0.10713688085676037,0.4328387348691917,0.5671612651308082,0.09156579461147996,0.6820132657042528,0.6587270597422882,0.6532042727259317,0.7108166670160248,0.056671762860051725,0.21905929194818072,cnn_deep,gz2,soft,d4,128,full,bce,0,0,False,True
cnn_deep_soft_d4_s128_full_bce_nfull_seed0,1,0.2,0.4,5706,0.11935240963855422,0.38310550297932,0.61689449702068,0.2693655800911321,0.2532188841201717,0.8862600771118121,0.8792938534475588,0.9513218804582882,0.2308416061620419,0.1416088315912866,cnn_deep,gz2,soft,d4,128,full,bce,0,0,False,True
cnn_deep_soft_d4_s128_full_bce_nfull_seed0,2,0.4,0.6,6977,0.14593791834002678,0.29281926329367924,0.7071807367063208,0.27246667622187193,0.05540382364416699,0.9796474129281927,0.972130408221614,0.9974713204013983,0.23360964951357838,0.07568154314766219,cnn_deep,gz2,soft,d4,128,full,bce,0,0,False,True
cnn_deep_soft_d4_s128_full_bce_nfull_seed0,3,0.6,0.8,13454,0.2814173360107095,0.16701352757544224,0.8329864724245577,0.16530399881076263,0.008973858759266484,0.9982904712353203,0.9963052965061057,0.9999647368973449,0.1464379264186595,0.027554932843629736,cnn_deep,gz2,soft,d4,128,full,bce,0,0,False,True
cnn_deep_soft_d4_s128_full_bce_nfull_seed0,4,0.8,1.0,16549,0.34615545515394913,0.22859387274155538,0.7714061272584446,0.22853344612967552,0.0003901677721420211,0.9999395733881201,0.999867829764737,0.9999999792933988,0.08834220435490826,0.009929947735353021,cnn_deep,gz2,soft,d4,128,full,bce,0,0,False,True
cnn_deep_soft_d4_s128_full_bce_nfull_seed1,0,0.0,0.2,5122,0.10713688085676037,0.4328387348691917,0.5671612651308082,0.09195626708317073,0.6857816182246661,0.659117532213979,0.6560055027766197,0.7093962550375482,0.05714708892501272,0.21982109684057527,cnn_deep,gz2,soft,d4,128,full,bce,0,1,False,True
cnn_deep_soft_d4_s128_full_bce_nfull_seed1,1,0.2,0.4,5706,0.11935240963855422,0.38310550297932,0.61689449702068,0.2728706624605678,0.24705420267085623,0.8897651594812478,0.8842151501289195,0.953295116651418,0.2327709665533078,0.14041053701533152,cnn_deep,gz2,soft,d4,128,full,bce,0,1,False,True
cnn_deep_soft_d4_s128_full_bce_nfull_seed1,2,0.4,0.6,6977,0.14593791834002678,0.29281926329367924,0.7071807367063208,0.27203669198796043,0.05695208169677926,0.9792174286942812,0.9742642032935582,0.9966302624898291,0.23326903663151702,0.0760038554932474,cnn_deep,gz2,soft,d4,128,full,bce,0,1,False,True
cnn_deep_soft_d4_s128_full_bce_nfull_seed1,3,0.6,0.8,13454,0.2814173360107095,0.16701352757544224,0.8329864724245577,0.16530399881076263,0.009033778476040848,0.9982904712353203,0.9966611043887512,0.9999561395305376,0.147231042512748,0.02773826418198581,cnn_deep,gz2,soft,d4,128,full,bce,0,1,False,True
cnn_deep_soft_d4_s128_full_bce_nfull_seed1,4,0.8,1.0,16549,0.34615545515394913,0.22859387274155538,0.7714061272584446,0.22841259290591576,0.001178318931657502,0.9998187201643604,0.9996964929933625,0.9999994823349707,0.0891161186647493,0.010113566774732345,cnn_deep,gz2,soft,d4,128,full,bce,0,1,False,True
cnn_deep_soft_d4_s128_full_bce_nfull_seed2,0,0.0,0.2,5122,0.10713688085676037,0.4328387348691917,0.5671612651308082,0.08570870753611881,0.6827956989247311,0.652869972666927,0.6457440044345175,0.7067957893821566,0.050579790919088194,0.2195774844914882,cnn_deep,gz2,soft,d4,128,full,bce,0,2,False,True
cnn_deep_soft_d4_s128_full_bce_nfull_seed2,1,0.2,0.4,5706,0.11935240963855422,0.38310550297932,0.61689449702068,0.2679635471433579,0.2523041474654378,0.8848580441640379,0.878244172627464,0.951479780940697,0.228299464655683,0.14080635815410805,cnn_deep,gz2,soft,d4,128,full,bce,0,2,False,True
cnn_deep_soft_d4_s128_full_bce_nfull_seed2,2,0.4,0.6,6977,0.14593791834002678,0.29281926329367924,0.7071807367063208,0.27232334814390136,0.05491551459293395,0.9795040848502221,0.9731762743495591,0.9970992033659778,0.2320227642538675,0.07528282459247608,cnn_deep,gz2,soft,d4,128,full,bce,0,2,False,True
cnn_deep_soft_d4_s128_full_bce_nfull_seed2,3,0.6,0.8,13454,0.2814173360107095,0.16701352757544224,0.8329864724245577,0.16545265348595217,0.008064516129032258,0.9984391259105099,0.9967503343343209,0.9999407119231261,0.14573407980252204,0.02720294895517294,cnn_deep,gz2,soft,d4,128,full,bce,0,2,False,True
cnn_deep_soft_d4_s128_full_bce_nfull_seed2,4,0.8,1.0,16549,0.34615545515394913,0.22859387274155538,0.7714061272584446,0.228291739682156,0.0019201228878648233,0.9996978669406006,0.9994321525228365,0.9999996894009824,0.08794497735755594,0.009884876923146255,cnn_deep,gz2,soft,d4,128,full,bce,0,2,False,True
cnn_deep_soft_d4_s128_full_bce_nfull_seed3,0,0.0,0.2,5122,0.10713688085676037,0.4328387348691917,0.5671612651308082,0.09351815696993371,0.6805011746280345,0.6606794221007419,0.6552459208572159,0.7087798322615806,0.05926590572136399,0.2197265917045381,cnn_deep,gz2,soft,d4,128,full,bce,0,3,False,True
cnn_deep_soft_d4_s128_full_bce_nfull_seed3,1,0.2,0.4,5706,0.11935240963855422,0.38310550297932,0.61689449702068,0.268664563617245,0.2556773688332028,0.885559060637925,0.8788123544456459,0.9507663696664727,0.22959574071714597,0.14139019110551382,cnn_deep,gz2,soft,d4,128,full,bce,0,3,False,True
cnn_deep_soft_d4_s128_full_bce_nfull_seed3,2,0.4,0.6,6977,0.14593791834002678,0.29281926329367924,0.7071807367063208,0.2737566289236062,0.05207517619420517,0.980937365629927,0.9750500537590566,0.9970381924417485,0.2338469123439237,0.0752026204532533,cnn_deep,gz2,soft,d4,128,full,bce,0,3,False,True
cnn_deep_soft_d4_s128_full_bce_nfull_seed3,3,0.6,0.8,13454,0.2814173360107095,0.16701352757544224,0.8329864724245577,0.16508101679797837,0.010180109631949883,0.9980674892225361,0.9956377397637826,0.9999319557135141,0.1460784453795111,0.027460443542726296,cnn_deep,gz2,soft,d4,128,full,bce,0,3,False,True
cnn_deep_soft_d4_s128_full_bce_nfull_seed3,4,0.8,1.0,16549,0.34615545515394913,0.22859387274155538,0.7714061272584446,0.22835216629403587,0.0015661707126076742,0.9997582935524805,0.9994713190589479,0.9999998964669942,0.0880964853287534,0.009928364905406144,cnn_deep,gz2,soft,d4,128,full,bce,0,3,False,True
cnn_deep_soft_d4_s128_full_bce_nfull_seed4,0,0.0,0.2,5122,0.10713688085676037,0.4328387348691917,0.5671612651308082,0.09019914096056236,0.6866197183098591,0.6573604060913706,0.6518392145811158,0.7045637799603595,0.05599515459200965,0.2205421478125413,cnn_deep,gz2,soft,d4,128,full,bce,0,4,False,True
cnn_deep_soft_d4_s128_full_bce_nfull_seed4,1,0.2,0.4,5706,0.11935240963855422,0.38310550297932,0.61689449702068,0.27304591657903965,0.24569640062597808,0.8899404135997196,0.8836637330533145,0.9523465441237627,0.2343850172951666,0.14114376907288978,cnn_deep,gz2,soft,d4,128,full,bce,0,4,False,True
cnn_deep_soft_d4_s128_full_bce_nfull_seed4,2,0.4,0.6,6977,0.14593791834002678,0.29281926329367924,0.7071807367063208,0.27189336390998997,0.05712050078247261,0.9790741006163107,0.9728722613783389,0.9969660705849768,0.23317216152091141,0.07598443010200527,cnn_deep,gz2,soft,d4,128,full,bce,0,4,False,True
cnn_deep_soft_d4_s128_full_bce_nfull_seed4,3,0.6,0.8,13454,0.2814173360107095,0.16701352757544224,0.8329864724245577,0.16522967147316792,0.009389671361502348,0.9982161438977256,0.995904873650675,0.9999476215851328,0.14602654682943336,0.027526777759777524,cnn_deep,gz2,soft,d4,128,full,bce,0,4,False,True
cnn_deep_soft_d4_s128_full_bce_nfull_seed4,4,0.8,1.0,16549,0.34615545515394913,0.22859387274155538,0.7714061272584446,0.22841259290591576,0.0011737089201877935,0.9998187201643604,0.9996964929933625,0.9999998343471906,0.08840470043657007,0.009933319401638309,cnn_deep,gz2,soft,d4,128,full,bce,0,4,False,True
cnn_small_hard_d4_s128_full_bce_nfull_seed0,0,0.0,0.2,5122,0.10713688085676037,0.4328387348691917,0.5671612651308082,0.06462319406481853,0.5868077162414437,0.6317844591956268,0.625018845923031,0.6726775650834539,0.15068935746874,0.2525783367544705,cnn_small,gz2,hard,d4,128,full,bce,0,0,False,True
cnn_small_hard_d4_s128_full_bce_nfull_seed0,1,0.2,0.4,5706,0.11935240963855422,0.38310550297932,0.61689449702068,0.2295828951980371,0.2725575606720597,0.8464773922187171,0.8350873066206437,0.9143805102719788,0.015256739598143384,0.11144041617506724,cnn_small,gz2,hard,d4,128,full,bce,0,0,False,True
cnn_small_hard_d4_s128_full_bce_nfull_seed0,2,0.4,0.6,6977,0.14593791834002678,0.29281926329367924,0.7071807367063208,0.24881754335674355,0.0955196017423771,0.9559982800630643,0.9412130479649037,0.9888839088101957,0.03449496868640415,0.03587231333812357,cnn_small,gz2,hard,d4,128,full,bce,0,0,False,True
cnn_small_hard_d4_s128_full_bce_nfull_seed0,3,0.6,0.8,13454,0.2814173360107095,0.16701352757544224,0.8329864724245577,0.1578712650512859,0.03827006845052894,0.9908577374758436,0.9776114839217923,0.9994637466911556,0.012461470916694308,0.007465611863053292,cnn_small,gz2,hard,d4,128,full,bce,0,0,False,True
cnn_small_hard_d4_s128_full_bce_nfull_seed0,4,0.8,1.0,16549,0.34615545515394913,0.22859387274155538,0.7714061272584446,0.2272644872801982,0.006845052893590542,0.9986706145386428,0.997371265921668,0.999984149096805,0.004167479510348329,0.0014352079247274565,cnn_small,gz2,hard,d4,128,full,bce,0,0,False,True
cnn_small_hard_d4_s128_full_bce_nfull_seed1,0,0.0,0.2,5122,0.10713688085676037,0.4328387348691917,0.5671612651308082,0.06598984771573613,0.5829972075705864,0.6331511128465444,0.6256895356411146,0.67295029722602,0.14462542805953277,0.2506377524985116,cnn_small,gz2,hard,d4,128,full,bce,0,1,False,True
cnn_small_hard_d4_s128_full_bce_nfull_seed1,1,0.2,0.4,5706,0.11935240963855422,0.38310550297932,0.61689449702068,0.2302839116719243,0.2705553831833695,0.8471784086926043,0.8346152946435997,0.9144541971637694,0.012590892946340507,0.1117561832014306,cnn_small,gz2,hard,d4,128,full,bce,0,1,False,True
cnn_small_hard_d4_s128_full_bce_nfull_seed1,2,0.4,0.6,6977,0.14593791834002678,0.29281926329367924,0.7071807367063208,0.24681095026515698,0.0995966490847037,0.9539916869714777,0.9385037165077308,0.9869729276176316,0.03529738596040547,0.037894434518448164,cnn_small,gz2,hard,d4,128,full,bce,0,1,False,True
cnn_small_hard_d4_s128_full_bce_nfull_seed1,3,0.6,0.8,13454,0.2814173360107095,0.16701352757544224,0.8329864724245577,0.15801991972647544,0.03754266211604096,0.9910063921510331,0.9778786178086849,0.9993947890585423,0.013292108056294504,0.007793993994864177,cnn_small,gz2,hard,d4,128,full,bce,0,1,False,True
cnn_small_hard_d4_s128_full_bce_nfull_seed1,4,0.8,1.0,16549,0.34615545515394913,0.22859387274155538,0.7714061272584446,0.22678107438515926,0.00930809804529941,0.9981872016436039,0.996127896641261,0.9999899055319301,0.00428793139690198,0.0014960282801640065,cnn_small,gz2,hard,d4,128,full,bce,0,1,False,True
cnn_small_hard_d4_s128_full_bce_nfull_seed2,0,0.0,0.2,5122,0.10713688085676037,0.4328387348691917,0.5671612651308082,0.06950409996095286,0.5819262038774234,0.6366653650917611,0.6282000998387519,0.6752074604235616,0.14475467392071595,0.24969209844043452,cnn_small,gz2,hard,d4,128,full,bce,0,2,False,True
cnn_small_hard_d4_s128_full_bce_nfull_seed2,1,0.2,0.4,5706,0.11935240963855422,0.38310550297932,0.61689449702068,0.2267788293024886,0.2789243277048155,0.8436733263231686,0.8305608261249272,0.9101030316892622,0.02104008884673043,0.11350625077887039,cnn_small,gz2,hard,d4,128,full,bce,0,2,False,True
cnn_small_hard_d4_s128_full_bce_nfull_seed2,2,0.4,0.6,6977,0.14593791834002678,0.29281926329367924,0.7071807367063208,0.24896087143471413,0.09568480300187618,0.9561416081410349,0.9395935799444493,0.9882856049337302,0.03584499876021356,0.037188559627641574,cnn_small,gz2,hard,d4,128,full,bce,0,2,False,True
cnn_small_hard_d4_s128_full_bce_nfull_seed2,3,0.6,0.8,13454,0.2814173360107095,0.16701352757544224,0.8329864724245577,0.15801991972647544,0.037836147592245156,0.9910063921510331,0.9778786178086849,0.9992949762111059,0.013813693219201343,0.007935424794556924,cnn_small,gz2,hard,d4,128,full,bce,0,2,False,True
cnn_small_hard_d4_s128_full_bce_nfull_seed2,4,0.8,1.0,16549,0.34615545515394913,0.22859387274155538,0.7714061272584446,0.22750619372771774,0.005628517823639775,0.9989123209861623,0.9978069431635685,0.9999950200624188,0.004962903639181268,0.0014097874152629564,cnn_small,gz2,hard,d4,128,full,bce,0,2,False,True
cnn_small_hard_d4_s128_full_bce_nfull_seed3,0,0.0,0.2,5122,0.10713688085676037,0.4328387348691917,0.5671612651308082,0.07204217102694266,0.5773195876288659,0.6392034361577509,0.6304910343092842,0.6768714137431225,0.14438330614506076,0.24911955369129704,cnn_small,gz2,hard,d4,128,full,bce,0,3,False,True
cnn_small_hard_d4_s128_full_bce_nfull_seed3,1,0.2,0.4,5706,0.11935240963855422,0.38310550297932,0.61689449702068,0.2257273045916579,0.28053733208372383,0.8426218016123379,0.8289284080512351,0.9148017081843134,0.006510855343834663,0.11163678566630601,cnn_small,gz2,hard,d4,128,full,bce,0,3,False,True
cnn_small_hard_d4_s128_full_bce_nfull_seed3,2,0.4,0.6,6977,0.14593791834002678,0.29281926329367924,0.7071807367063208,0.24652429410921606,0.10090596688534832,0.9537050308155368,0.9391614440323479,0.9889041465801839,0.032290783565618,0.03571935313058626,cnn_small,gz2,hard,d4,128,full,bce,0,3,False,True
cnn_small_hard_d4_s128_full_bce_nfull_seed3,3,0.6,0.8,13454,0.2814173360107095,0.16701352757544224,0.8329864724245577,0.15854021108963878,0.03561387066541706,0.9915266835141965,0.9790804423247932,0.9996130390722723,0.011679413745944351,0.006913274432075453,cnn_small,gz2,hard,d4,128,full,bce,0,3,False,True
cnn_small_hard_d4_s128_full_bce_nfull_seed3,4,0.8,1.0,16549,0.34615545515394913,0.22859387274155538,0.7714061272584446,0.22750619372771774,0.005623242736644799,0.9989123209861623,0.9977139394644172,0.9999945438105919,0.00414084261285303,0.0011878582117609963,cnn_small,gz2,hard,d4,128,full,bce,0,3,False,True
cnn_small_hard_d4_s128_full_bce_nfull_seed4,0,0.0,0.2,5122,0.10713688085676037,0.4328387348691917,0.5671612651308082,0.06930886372510747,0.586272040302267,0.6364701288559157,0.6284018734904824,0.6696702914499677,0.14719345415206653,0.25260089532008967,cnn_small,gz2,hard,d4,128,full,bce,0,4,False,True
cnn_small_hard_d4_s128_full_bce_nfull_seed4,1,0.2,0.4,5706,0.11935240963855422,0.38310550297932,0.61689449702068,0.23361373992288814,0.26857682619647355,0.8505082369435681,0.8382676692589204,0.9151996433918324,0.017597768845632845,0.11102224691317714,cnn_small,gz2,hard,d4,128,full,bce,0,4,False,True
cnn_small_hard_d4_s128_full_bce_nfull_seed4,2,0.4,0.6,6977,0.14593791834002678,0.29281926329367924,0.7071807367063208,0.24623763795327502,0.10232997481108312,0.9534183746595958,0.9366643611481641,0.9882778669628524,0.03180606444080547,0.03719336136982929,cnn_small,gz2,hard,d4,128,full,bce,0,4,False,True
cnn_small_hard_d4_s128_full_bce_nfull_seed4,3,0.6,0.8,13454,0.2814173360107095,0.16701352757544224,0.8329864724245577,0.15839155641444924,0.036523929471032744,0.9913780288390069,0.9795249242031918,0.9992897145431985,0.012393489158852397,0.007456723974798253,cnn_small,gz2,hard,d4,128,full,bce,0,4,False,True
cnn_small_hard_d4_s128_full_bce_nfull_seed4,4,0.8,1.0,16549,0.34615545515394913,0.22859387274155538,0.7714061272584446,0.22738534050395798,0.006297229219143577,0.9987914677624026,0.9975426026930425,0.9999910133350924,0.004249814907113956,0.0013827127766058997,cnn_small,gz2,hard,d4,128,full,bce,0,4,False,True
cnn_small_soft_d4_s128_full_bce_nfull_seed0,0,0.0,0.2,5122,0.10713688085676037,0.4328387348691917,0.5671612651308082,0.07438500585708718,0.6291980808773132,0.6415462709878954,0.6369897141242333,0.685257713630474,0.03134262673804088,0.22404951204842216,cnn_small,gz2,soft,d4,128,full,bce,0,0,False,True
cnn_small_soft_d4_s128_full_bce_nfull_seed0,1,0.2,0.4,5706,0.11935240963855422,0.38310550297932,0.61689449702068,0.24500525762355418,0.2700479780671693,0.8618997546442342,0.8536551037594611,0.9277613740331033,0.20339059306956933,0.14692678552521224,cnn_small,gz2,soft,d4,128,full,bce,0,0,False,True
cnn_small_soft_d4_s128_full_bce_nfull_seed0,2,0.4,0.6,6977,0.14593791834002678,0.29281926329367924,0.7071807367063208,0.26085710190626343,0.07642220699108979,0.9680378386125842,0.9576124371810691,0.9929228319941684,0.2263806165369932,0.08131105977438637,cnn_small,gz2,soft,d4,128,full,bce,0,0,False,True
cnn_small_soft_d4_s128_full_bce_nfull_seed0,3,0.6,0.8,13454,0.2814173360107095,0.16701352757544224,0.8329864724245577,0.162628214657351,0.02021932830705963,0.9956146870819087,0.9893620392461654,0.9998426860572434,0.149295587944216,0.030696305140844357,cnn_small,gz2,soft,d4,128,full,bce,0,0,False,True
cnn_small_soft_d4_s128_full_bce_nfull_seed0,4,0.8,1.0,16549,0.34615545515394913,0.22859387274155538,0.7714061272584446,0.22786875339899693,0.00411240575736806,0.9992748806574415,0.9985069608759953,0.9999987783105311,0.09306144336435132,0.011502545077529893,cnn_small,gz2,soft,d4,128,full,bce,0,0,False,True
cnn_small_soft_d4_s128_full_bce_nfull_seed1,0,0.0,0.2,5122,0.10713688085676037,0.4328387348691917,0.5671612651308082,0.06638032018742679,0.6211118464592985,0.633541585318235,0.6295056118539497,0.6796675198765291,0.0249532064112403,0.22534678525975685,cnn_small,gz2,soft,d4,128,full,bce,0,1,False,True
cnn_small_soft_d4_s128_full_bce_nfull_seed1,1,0.2,0.4,5706,0.11935240963855422,0.38310550297932,0.61689449702068,0.23957237995092884,0.27101257445400395,0.8564668769716088,0.8499451571987025,0.923851940031606,0.1993741369272507,0.14872762963776082,cnn_small,gz2,soft,d4,128,full,bce,0,1,False,True
cnn_small_soft_d4_s128_full_bce_nfull_seed1,2,0.4,0.6,6977,0.14593791834002678,0.29281926329367924,0.7071807367063208,0.25698724380106064,0.0827266710787558,0.9641679805073814,0.9537291166550697,0.9905442491896459,0.22395090425035427,0.08296580645714226,cnn_small,gz2,soft,d4,128,full,bce,0,1,False,True
cnn_small_soft_d4_s128_full_bce_nfull_seed1,3,0.6,0.8,13454,0.2814173360107095,0.16701352757544224,0.8329864724245577,0.16233090530697192,0.02084712111184646,0.9953173777315296,0.9898951951203172,0.9997784937087726,0.1511250399872694,0.03166604682999817,cnn_small,gz2,soft,d4,128,full,bce,0,1,False,True
cnn_small_soft_d4_s128_full_bce_nfull_seed1,4,0.8,1.0,16549,0.34615545515394913,0.22859387274155538,0.7714061272584446,0.22780832678711704,0.004301786896095301,0.9992144540455616,0.9984677943398836,0.9999917898326365,0.09406259589568494,0.01197986186542243,cnn_small,gz2,soft,d4,128,full,bce,0,1,False,True
cnn_small_soft_d4_s128_full_bce_nfull_seed2,0,0.0,0.2,5122,0.10713688085676037,0.4328387348691917,0.5671612651308082,0.07321358844201487,0.6081214922416639,0.6403748535728231,0.6372923357842737,0.6843279555492412,0.0300554924123411,0.22431125040221325,cnn_small,gz2,soft,d4,128,full,bce,0,2,False,True
cnn_small_soft_d4_s128_full_bce_nfull_seed2,1,0.2,0.4,5706,0.11935240963855422,0.38310550297932,0.61689449702068,0.23641780581843674,0.2763288213931991,0.8533123028391167,0.8464348280379272,0.923490068514514,0.19605292363926025,0.14869568945796183,cnn_small,gz2,soft,d4,128,full,bce,0,2,False,True
cnn_small_soft_d4_s128_full_bce_nfull_seed2,2,0.4,0.6,6977,0.14593791834002678,0.29281926329367924,0.7071807367063208,0.25584061917729684,0.08517662594915813,0.9630213558836176,0.9523448135059733,0.9908875472437845,0.22385303655037808,0.08354715196936668,cnn_small,gz2,soft,d4,128,full,bce,0,2,False,True
cnn_small_soft_d4_s128_full_bce_nfull_seed2,3,0.6,0.8,13454,0.2814173360107095,0.16701352757544224,0.8329864724245577,0.1611416679054557,0.026081214922416638,0.9941281403300134,0.9868686043185626,0.999730880578048,0.15044099443193548,0.03215500539787676,cnn_small,gz2,soft,d4,128,full,bce,0,2,False,True
cnn_small_soft_d4_s128_full_bce_nfull_seed2,4,0.8,1.0,16549,0.34615545515394913,0.22859387274155538,0.7714061272584446,0.22780832678711704,0.004291845493562232,0.9992144540455616,0.9984677943398836,0.9999948854695112,0.09458508640872139,0.012145453916010412,cnn_small,gz2,soft,d4,128,full,bce,0,2,False,True
cnn_small_soft_d4_s128_full_bce_nfull_seed3,0,0.0,0.2,5122,0.10713688085676037,0.4328387348691917,0.5671612651308082,0.07204217102694266,0.6222222222222222,0.6392034361577509,0.6348708966932877,0.6790948056676736,0.030790668532211563,0.22551071036817222,cnn_small,gz2,soft,d4,128,full,bce,0,3,False,True
cnn_small_soft_d4_s128_full_bce_nfull_seed3,1,0.2,0.4,5706,0.11935240963855422,0.38310550297932,0.61689449702068,0.24500525762355418,0.26531986531986534,0.8618997546442342,0.854175200657074,0.9285441185644182,0.20525500418202444,0.1475452402278729,cnn_small,gz2,soft,d4,128,full,bce,0,3,False,True
cnn_small_soft_d4_s128_full_bce_nfull_seed3,2,0.4,0.6,6977,0.14593791834002678,0.29281926329367924,0.7071807367063208,0.2568439157230902,0.08451178451178451,0.9640246524294109,0.9552051842023968,0.9919364887191296,0.22260373997971497,0.0819923830809827,cnn_small,gz2,soft,d4,128,full,bce,0,3,False,True
cnn_small_soft_d4_s128_full_bce_nfull_seed3,3,0.6,0.8,13454,0.2814173360107095,0.16701352757544224,0.8329864724245577,0.16181061394380858,0.02356902356902357,0.9947970863683663,0.9878038508975948,0.9997113230577128,0.149171403778535,0.03127214711032602,cnn_small,gz2,soft,d4,128,full,bce,0,3,False,True
cnn_small_soft_d4_s128_full_bce_nfull_seed3,4,0.8,1.0,16549,0.34615545515394913,0.22859387274155538,0.7714061272584446,0.22780832678711704,0.004377104377104377,0.9992144540455616,0.9983747906407323,0.9999971528423393,0.0925141594493853,0.011599306913532451,cnn_small,gz2,soft,d4,128,full,bce,0,3,False,True
cnn_small_soft_d4_s128_full_bce_nfull_seed4,0,0.0,0.2,5122,0.10713688085676037,0.4328387348691917,0.5671612651308082,0.06540413900819997,0.6240053050397878,0.6325654041390082,0.6281643100528929,0.6745538504297492,0.02024978329018426,0.2261468760243034,cnn_small,gz2,soft,d4,128,full,bce,0,4,False,True
cnn_small_soft_d4_s128_full_bce_nfull_seed4,1,0.2,0.4,5706,0.11935240963855422,0.38310550297932,0.61689449702068,0.24079915878023128,0.2692307692307692,0.8576936558009113,0.8518929863594777,0.928761605360559,0.20004062961213764,0.14726738688245242,cnn_small,gz2,soft,d4,128,full,bce,0,4,False,True
cnn_small_soft_d4_s128_full_bce_nfull_seed4,2,0.4,0.6,6977,0.14593791834002678,0.29281926329367924,0.7071807367063208,0.2571305718790311,0.08255968169761273,0.9643113085853519,0.9554078595165435,0.9910491517894254,0.22313552545974907,0.08251286978940581,cnn_small,gz2,soft,d4,128,full,bce,0,4,False,True
cnn_small_soft_d4_s128_full_bce_nfull_seed4,3,0.6,0.8,13454,0.2814173360107095,0.16701352757544224,0.8329864724245577,0.16255388731975629,0.01989389920424403,0.995540359744314,0.9903848479213175,0.999755143816474,0.15016205740810967,0.03121393013316825,cnn_small,gz2,soft,d4,128,full,bce,0,4,False,True
cnn_small_soft_d4_s128_full_bce_nfull_seed4,4,0.8,1.0,16549,0.34615545515394913,0.22859387274155538,0.7714061272584446,0.22780832678711704,0.004310344827586207,0.9992144540455616,0.9986538017381866,0.9999939847323603,0.09339561719933376,0.011696030668857911,cnn_small,gz2,soft,d4,128,full,bce,0,4,False,True
cnn_small_soft_d4_s64_full_bce_nfull_seed0,0,0.0,0.2,5122,0.10713688085676037,0.4328387348691917,0.5671612651308082,0.06423272159312776,0.6141834743005855,0.631393986723936,0.6287339964924457,0.6766442534103163,0.018159235766894277,0.22601822231080063,cnn_small,gz2,soft,d4,64,full,bce,0,0,False,True
cnn_small_soft_d4_s64_full_bce_nfull_seed0,1,0.2,0.4,5706,0.11935240963855422,0.38310550297932,0.61689449702068,0.23396424815983174,0.27683799609629145,0.8508587451805117,0.8431459494302587,0.9203504480994761,0.19336381548466575,0.14964029441090235,cnn_small,gz2,soft,d4,64,full,bce,0,0,False,True
cnn_small_soft_d4_s64_full_bce_nfull_seed0,2,0.4,0.6,6977,0.14593791834002678,0.29281926329367924,0.7071807367063208,0.2567005876451197,0.08197787898503578,0.9638813243514405,0.9529528394484137,0.9913674998477207,0.22566217323584953,0.08370352849007115,cnn_small,gz2,soft,d4,64,full,bce,0,0,False,True
cnn_small_soft_d4_s64_full_bce_nfull_seed0,3,0.6,0.8,13454,0.2814173360107095,0.16701352757544224,0.8329864724245577,0.16181061394380858,0.02277163305139883,0.9947970863683663,0.9878038508975948,0.9997515102873152,0.15162027698542946,0.03222979771560547,cnn_small,gz2,soft,d4,64,full,bce,0,0,False,True
cnn_small_soft_d4_s64_full_bce_nfull_seed0,4,0.8,1.0,16549,0.34615545515394913,0.22859387274155538,0.7714061272584446,0.22780832678711704,0.004229017566688354,0.9992144540455616,0.9985607980390352,0.9999935602470363,0.09444465060751617,0.012159474121002569,cnn_small,gz2,soft,d4,64,full,bce,0,0,False,True
cnn_small_soft_d4_s64_full_bce_nfull_seed1,0,0.0,0.2,5122,0.10713688085676037,0.4328387348691917,0.5671612651308082,0.06403748535728238,0.5908664372849547,0.6311987504880906,0.6270129037316868,0.6716568962880325,0.018591011028150622,0.2273959643981937,cnn_small,gz2,soft,d4,64,full,bce,0,1,False,True
cnn_small_soft_d4_s64_full_bce_nfull_seed1,1,0.2,0.4,5706,0.11935240963855422,0.38310550297932,0.61689449702068,0.22379950928846826,0.2843290584923366,0.8406940063091483,0.8339538020876653,0.9097579898943691,0.18192270877609495,0.15262651416897222,cnn_small,gz2,soft,d4,64,full,bce,0,1,False,True
cnn_small_soft_d4_s64_full_bce_nfull_seed1,2,0.4,0.6,6977,0.14593791834002678,0.29281926329367924,0.7071807367063208,0.2501074960584778,0.09321238661244917,0.9572882327647986,0.9462837005992562,0.988076878129538,0.21961727451228202,0.08579831518562987,cnn_small,gz2,soft,d4,64,full,bce,0,1,False,True
cnn_small_soft_d4_s64_full_bce_nfull_seed1,3,0.6,0.8,13454,0.2814173360107095,0.16701352757544224,0.8329864724245577,0.16069570387988708,0.02658742571160463,0.9936821763044448,0.9846439711273022,0.999631147152014,0.15239621290774535,0.033386639589197076,cnn_small,gz2,soft,d4,64,full,bce,0,1,False,True
cnn_small_soft_d4_s64_full_bce_nfull_seed1,4,0.8,1.0,16549,0.34615545515394913,0.22859387274155538,0.7714061272584446,0.2276270469514775,0.005004691898654989,0.9990331742099221,0.9980712836340946,0.9999953410147369,0.09678920331823065,0.012898309039132468,cnn_small,gz2,soft,d4,64,full,bce,0,1,False,True
cnn_small_soft_d4_s96_full_bce_nfull_seed0,0,0.0,0.2,5122,0.10713688085676037,0.4328387348691917,0.5671612651308082,0.07360406091370564,0.6186953597848016,0.6407653260445139,0.6363546589217881,0.684462574830542,0.03205621672509848,0.22425365111325357,cnn_small,gz2,soft,d4,96,full,bce,0,0,False,True
cnn_small_soft_d4_s96_full_bce_nfull_seed0,1,0.2,0.4,5706,0.11935240963855422,0.38310550297932,0.61689449702068,0.24237644584647733,0.2700067249495629,0.8592709428671573,0.8516111047575481,0.9285364509689762,0.2030497636114594,0.1478022959672683,cnn_small,gz2,soft,d4,96,full,bce,0,0,False,True
cnn_small_soft_d4_s96_full_bce_nfull_seed0,2,0.4,0.6,6977,0.14593791834002678,0.29281926329367924,0.7071807367063208,0.25541063494338545,0.08776059179556153,0.9625913716497062,0.9520408005347534,0.9915491933562179,0.2229484182421929,0.08303833245635575,cnn_small,gz2,soft,d4,96,full,bce,0,0,False,True
cnn_small_soft_d4_s96_full_bce_nfull_seed0,3,0.6,0.8,13454,0.2814173360107095,0.16701352757544224,0.8329864724245577,0.16285119667013537,0.01882985877605918,0.9958376690946931,0.9903854038711342,0.9997025668481009,0.15095077135040968,0.03127085168749508,cnn_small,gz2,soft,d4,96,full,bce,0,0,False,True
cnn_small_soft_d4_s96_full_bce_nfull_seed0,4,0.8,1.0,16549,0.34615545515394913,0.22859387274155538,0.7714061272584446,0.22774790017523716,0.004707464694014795,0.9991540274336818,0.9984286278037722,0.999998705837427,0.09401540775580255,0.011779611710258039,cnn_small,gz2,soft,d4,96,full,bce,0,0,False,True
cnn_small_soft_d4_s96_full_bce_nfull_seed1,0,0.0,0.2,5122,0.10713688085676037,0.4328387348691917,0.5671612651308082,0.06950409996095286,0.6345039209001023,0.6366653650917611,0.6324197233550479,0.6816212850629271,0.02568713657496869,0.2244980311385396,cnn_small,gz2,soft,d4,96,full,bce,0,1,False,True
cnn_small_soft_d4_s96_full_bce_nfull_seed1,1,0.2,0.4,5706,0.11935240963855422,0.38310550297932,0.61689449702068,0.24956186470382058,0.25980225025571085,0.8664563617245006,0.8609889638609332,0.9293453822881145,0.2095596851905709,0.14738884676027159,cnn_small,gz2,soft,d4,96,full,bce,0,1,False,True
cnn_small_soft_d4_s96_full_bce_nfull_seed1,2,0.4,0.6,6977,0.14593791834002678,0.29281926329367924,0.7071807367063208,0.25956714920452917,0.0790998977156495,0.9667478859108499,0.9569871992136634,0.9922831597349329,0.22720874937552088,0.08257378725828429,cnn_small,gz2,soft,d4,96,full,bce,0,1,False,True
cnn_small_soft_d4_s96_full_bce_nfull_seed1,3,0.6,0.8,13454,0.2814173360107095,0.16701352757544224,0.8329864724245577,0.16218225063178238,0.02216160927378111,0.9951687230563401,0.9883827336441648,0.9998212621339522,0.1498713595938019,0.031149695012135326,cnn_small,gz2,soft,d4,96,full,bce,0,1,False,True
cnn_small_soft_d4_s96_full_bce_nfull_seed1,4,0.8,1.0,16549,0.34615545515394913,0.22859387274155538,0.7714061272584446,0.22780832678711704,0.004432321854756222,0.9992144540455616,0.9985607980390352,0.9999975359144607,0.09326395269802301,0.011701170779578246,cnn_small,gz2,soft,d4,96,full,bce,0,1,False,True
convnext_tiny_hard_conf_d4_s224_full_bce_nfull_seed0,0,0.0,0.2,5122,0.10713688085676037,0.4328387348691917,0.5671612651308082,0.08297540023428351,0.6905587668593449,0.6501366653650917,0.656153475296896,0.711347302995085,0.3071325943326012,0.32255999452896333,convnext_tiny,gz2,hard_conf,d4,224,full,bce,0,0,False,True
convnext_tiny_hard_conf_d4_s224_full_bce_nfull_seed0,1,0.2,0.4,5706,0.11935240963855422,0.38310550297932,0.61689449702068,0.26848930949877325,0.2520231213872832,0.8853838065194533,0.8891589297596274,0.9551190946519171,0.09423138223111581,0.10246692445214932,convnext_tiny,gz2,hard_conf,d4,224,full,bce,0,0,False,True
convnext_tiny_hard_conf_d4_s224_full_bce_nfull_seed0,2,0.4,0.6,6977,0.14593791834002678,0.29281926329367924,0.7071807367063208,0.2737566289236062,0.051252408477842,0.980937365629927,0.9797822693722581,0.9981948702808546,0.014272370205620256,0.01611381562246717,convnext_tiny,gz2,hard_conf,d4,224,full,bce,0,0,False,True
convnext_tiny_hard_conf_d4_s224_full_bce_nfull_seed0,3,0.6,0.8,13454,0.2814173360107095,0.16701352757544224,0.8329864724245577,0.1658986175115208,0.005780346820809248,0.9988850899360785,0.9980854478189671,0.9999885633180579,0.0008991850528558897,0.0009321470452036086,convnext_tiny,gz2,hard_conf,d4,224,full,bce,0,0,False,True
convnext_tiny_hard_conf_d4_s224_full_bce_nfull_seed0,4,0.8,1.0,16549,0.34615545515394913,0.22859387274155538,0.7714061272584446,0.22853344612967552,0.0003853564547206166,0.9999395733881201,0.999867829764737,0.9999999378801965,5.460974436477528e-05,6.055281758939136e-05,convnext_tiny,gz2,hard_conf,d4,224,full,bce,0,0,False,True
convnext_tiny_hard_conf_d4_s224_full_bce_nfull_seed1,0,0.0,0.2,5122,0.10713688085676037,0.4328387348691917,0.5671612651308082,0.09859429910191342,0.6970684039087948,0.6657555642327216,0.6611631136958427,0.7141621968251899,0.28702896520704024,0.3024877586927628,convnext_tiny,gz2,hard_conf,d4,224,full,bce,0,1,False,True
convnext_tiny_hard_conf_d4_s224_full_bce_nfull_seed1,1,0.2,0.4,5706,0.11935240963855422,0.38310550297932,0.61689449702068,0.2753242201191728,0.2504071661237785,0.8922187171398528,0.8867238833901689,0.9555851285037013,0.08473818423000556,0.09322590493266487,convnext_tiny,gz2,hard_conf,d4,224,full,bce,0,1,False,True
convnext_tiny_hard_conf_d4_s224_full_bce_nfull_seed1,2,0.4,0.6,6977,0.14593791834002678,0.29281926329367924,0.7071807367063208,0.2767665185609861,0.04560260586319218,0.9839472552673069,0.9793291516545071,0.9982102966202329,0.011145901467438197,0.013216919675172183,convnext_tiny,gz2,hard_conf,d4,224,full,bce,0,1,False,True
convnext_tiny_hard_conf_d4_s224_full_bce_nfull_seed1,3,0.6,0.8,13454,0.2814173360107095,0.16701352757544224,0.8329864724245577,0.16582429017392597,0.006514657980456026,0.9988107625984837,0.9969734091982453,0.9999894766641851,0.0009895411794090538,0.0010014803639608405,convnext_tiny,gz2,hard_conf,d4,224,full,bce,0,1,False,True
convnext_tiny_hard_conf_d4_s224_full_bce_nfull_seed1,4,0.8,1.0,16549,0.34615545515394913,0.22859387274155538,0.7714061272584446,0.22853344612967552,0.00040716612377850165,0.9999395733881201,0.999867829764737,0.9999998343471905,7.643200390844743e-05,6.6704271872053e-05,convnext_tiny,gz2,hard_conf,d4,224,full,bce,0,1,False,True
convnext_tiny_hard_conf_d4_s224_full_bce_nfull_seed2,0,0.0,0.2,5122,0.10713688085676037,0.4328387348691917,0.5671612651308082,0.07809449433814919,0.674962852897474,0.6452557594689574,0.6464558407610725,0.7004035473034609,0.2756024687599604,0.3020047811301153,convnext_tiny,gz2,hard_conf,d4,224,full,bce,0,2,False,True
convnext_tiny_hard_conf_d4_s224_full_bce_nfull_seed2,1,0.2,0.4,5706,0.11935240963855422,0.38310550297932,0.61689449702068,0.26007711181212756,0.2607726597325409,0.8769716088328076,0.8761862679863595,0.9452747468393912,0.07963489673458914,0.10075978441774902,convnext_tiny,gz2,hard_conf,d4,224,full,bce,0,2,False,True
convnext_tiny_hard_conf_d4_s224_full_bce_nfull_seed2,2,0.4,0.6,6977,0.14593791834002678,0.29281926329367924,0.7071807367063208,0.2706034112082557,0.0575780089153046,0.9777841479145765,0.9736810281422064,0.9964883996904018,0.0101242855828708,0.017670370434228158,convnext_tiny,gz2,hard_conf,d4,224,full,bce,0,2,False,True
convnext_tiny_hard_conf_d4_s224_full_bce_nfull_seed2,3,0.6,0.8,13454,0.2814173360107095,0.16701352757544224,0.8329864724245577,0.16582429017392597,0.005943536404160475,0.9988107625984837,0.9976850249635366,0.9999778612840876,0.0010743793414157415,0.0011732855328298066,convnext_tiny,gz2,hard_conf,d4,224,full,bce,0,2,False,True
convnext_tiny_hard_conf_d4_s224_full_bce_nfull_seed2,4,0.8,1.0,16549,0.34615545515394913,0.22859387274155538,0.7714061272584446,0.22847301951779564,0.0007429420505200594,0.9998791467762402,0.999735659529474,0.9999989853765426,0.00010920144330189319,9.35003731404643e-05,convnext_tiny,gz2,hard_conf,d4,224,full,bce,0,2,False,True
convnext_tiny_hard_d4_s224_full_bce_nfull_seed0,0,0.0,0.2,5122,0.10713688085676037,0.4328387348691917,0.5671612651308082,0.08180398281921131,0.7143424711958681,0.6489652479500195,0.6525569511760555,0.7145877148648722,0.16419823646865106,0.24712483852606576,convnext_tiny,gz2,hard,d4,224,full,bce,0,0,False,True
convnext_tiny_hard_d4_s224_full_bce_nfull_seed0,1,0.2,0.4,5706,0.11935240963855422,0.38310550297932,0.61689449702068,0.2774272695408342,0.2395709177592372,0.8943217665615142,0.8973567589204026,0.9635892534101306,0.008529543575843644,0.0757131956877071,convnext_tiny,gz2,hard,d4,224,full,bce,0,0,False,True
convnext_tiny_hard_d4_s224_full_bce_nfull_seed0,2,0.4,0.6,6977,0.14593791834002678,0.29281926329367924,0.7071807367063208,0.27934642396445464,0.03734604688120779,0.9865271606707754,0.9866024474606658,0.998792330916904,0.019762997233583917,0.01258664504024943,convnext_tiny,gz2,hard,d4,224,full,bce,0,0,False,True
convnext_tiny_hard_d4_s224_full_bce_nfull_seed0,3,0.6,0.8,13454,0.2814173360107095,0.16701352757544224,0.8329864724245577,0.1656013081611417,0.007548669050456893,0.9985877805856994,0.9980848918691505,0.9999628903497397,0.003044400411773132,0.0011521467826153403,convnext_tiny,gz2,hard,d4,224,full,bce,0,0,False,True
convnext_tiny_hard_d4_s224_full_bce_nfull_seed0,4,0.8,1.0,16549,0.34615545515394913,0.22859387274155538,0.7714061272584446,0.22841259290591576,0.0011918951132300357,0.9998187201643604,0.9997894966925138,0.9999993166821615,0.00032992055566990303,0.0001244858230992206,convnext_tiny,gz2,hard,d4,224,full,bce,0,0,False,True
convnext_tiny_hard_d4_s224_full_bce_nfull_seed1,0,0.0,0.2,5122,0.10713688085676037,0.4328387348691917,0.5671612651308082,0.08766106989457245,0.7287716405605935,0.6548223350253807,0.6488539116838512,0.7059170375684063,0.12715603705059556,0.23410822167400974,convnext_tiny,gz2,hard,d4,224,full,bce,0,1,False,True
convnext_tiny_hard_d4_s224_full_bce_nfull_seed1,1,0.2,0.4,5706,0.11935240963855422,0.38310550297932,0.61689449702068,0.2867157378198387,0.2267106347897774,0.9036102348405187,0.8976904942609998,0.9616136779505947,0.038402226580063904,0.07519989625605848,convnext_tiny,gz2,hard,d4,224,full,bce,0,1,False,True
convnext_tiny_hard_d4_s224_full_bce_nfull_seed1,2,0.4,0.6,6977,0.14593791834002678,0.29281926329367924,0.7071807367063208,0.27848645549663176,0.041220115416323165,0.9856671922029525,0.9819792082706607,0.9987366770494363,0.031669651144530776,0.013732478987144782,convnext_tiny,gz2,hard,d4,224,full,bce,0,1,False,True
convnext_tiny_hard_d4_s224_full_bce_nfull_seed1,3,0.6,0.8,13454,0.2814173360107095,0.16701352757544224,0.8329864724245577,0.16649323621227896,0.0028854080791426216,0.9994797086368367,0.9986202715425689,0.9999940831055228,0.006335594252159696,0.0011664661265438417,convnext_tiny,gz2,hard,d4,224,full,bce,0,1,False,True
convnext_tiny_hard_d4_s224_full_bce_nfull_seed1,4,0.8,1.0,16549,0.34615545515394913,0.22859387274155538,0.7714061272584446,0.22853344612967552,0.00041220115416323167,0.9999395733881201,0.999867829764737,1.0,0.0007440642544028267,6.651706285491967e-05,convnext_tiny,gz2,hard,d4,224,full,bce,0,1,False,True
convnext_tiny_hard_d4_s224_full_bce_nfull_seed2,0,0.0,0.2,5122,0.10713688085676037,0.4328387348691917,0.5671612651308082,0.10777040218664591,0.6951983298538622,0.6749316673174541,0.6605997157002259,0.7235489803792787,0.13532772886905778,0.23030738411913063,convnext_tiny,gz2,hard,d4,224,full,bce,0,2,False,True
convnext_tiny_hard_d4_s224_full_bce_nfull_seed2,1,0.2,0.4,5706,0.11935240963855422,0.38310550297932,0.61689449702068,0.2819838766211006,0.24091858037578287,0.8988783736417806,0.8870073245030359,0.9635389591824005,0.01179001670874198,0.07252782494012716,convnext_tiny,gz2,hard,d4,224,full,bce,0,2,False,True
convnext_tiny_hard_d4_s224_full_bce_nfull_seed2,2,0.4,0.6,6977,0.14593791834002678,0.29281926329367924,0.7071807367063208,0.2741866131575176,0.054279749478079335,0.9813673498638383,0.9736332610527489,0.998330879999746,0.01675712720917531,0.01452793182078048,convnext_tiny,gz2,hard,d4,224,full,bce,0,2,False,True
convnext_tiny_hard_d4_s224_full_bce_nfull_seed2,3,0.6,0.8,13454,0.2814173360107095,0.16701352757544224,0.8329864724245577,0.165526980823547,0.008350730688935281,0.9985134532481047,0.9959054296004917,0.9999899929033006,0.0035486176719207252,0.0012690346816976925,convnext_tiny,gz2,hard,d4,224,full,bce,0,2,False,True
convnext_tiny_hard_d4_s224_full_bce_nfull_seed2,4,0.8,1.0,16549,0.34615545515394913,0.22859387274155538,0.7714061272584446,0.22841259290591576,0.0012526096033402922,0.9998187201643604,0.9996964929933625,0.9999999171735954,0.0004330313204335901,0.0001337945513350492,convnext_tiny,gz2,hard,d4,224,full,bce,0,2,False,True
convnext_tiny_hard_d4_s224_full_bce_nfull_seed3,0,0.0,0.2,5122,0.10713688085676037,0.4328387348691917,0.5671612651308082,0.08024209293244833,0.7141162514827996,0.6474033580632566,0.6479752375052112,0.7117458816514851,0.16019876879745987,0.24350279905542066,convnext_tiny,gz2,hard,d4,224,full,bce,0,3,False,True
convnext_tiny_hard_d4_s224_full_bce_nfull_seed3,1,0.2,0.4,5706,0.11935240963855422,0.38310550297932,0.61689449702068,0.2809323519102699,0.23052589956504546,0.8978268489309499,0.8988974257672794,0.9633952892372952,0.01116009650685151,0.07417353620176703,convnext_tiny,gz2,hard,d4,224,full,bce,0,3,False,True
convnext_tiny_hard_d4_s224_full_bce_nfull_seed3,2,0.4,0.6,6977,0.14593791834002678,0.29281926329367924,0.7071807367063208,0.2751899097033109,0.04863582443653618,0.9823706464096317,0.9782144374267001,0.9983552843694377,0.017649187218719175,0.01403348085948911,convnext_tiny,gz2,hard,d4,224,full,bce,0,3,False,True
convnext_tiny_hard_d4_s224_full_bce_nfull_seed3,3,0.6,0.8,13454,0.2814173360107095,0.16701352757544224,0.8329864724245577,0.16582429017392597,0.006326611308817715,0.9988107625984837,0.9975071210222137,0.9999517117873553,0.0035556874415250735,0.0010569250926647262,convnext_tiny,gz2,hard,d4,224,full,bce,0,3,False,True
convnext_tiny_hard_d4_s224_full_bce_nfull_seed3,4,0.8,1.0,16549,0.34615545515394913,0.22859387274155538,0.7714061272584446,0.22853344612967552,0.00039541320680110717,0.9999395733881201,0.999867829764737,0.9999999171735954,0.0003711595310113316,7.588206415340283e-05,convnext_tiny,gz2,hard,d4,224,full,bce,0,3,False,True
convnext_tiny_hard_d4_s224_full_bce_nfull_seed4,0,0.0,0.2,5122,0.10713688085676037,0.4328387348691917,0.5671612651308082,0.09332292073408832,0.6917263325377884,0.6604841858648965,0.6439639089899128,0.7123613728061288,0.1441430133445898,0.23511007322306,convnext_tiny,gz2,hard,d4,224,full,bce,0,4,False,True
convnext_tiny_hard_d4_s224_full_bce_nfull_seed4,1,0.2,0.4,5706,0.11935240963855422,0.38310550297932,0.61689449702068,0.2756747283561164,0.24383452665075578,0.8925692253767964,0.8771261332446145,0.9605983713507443,0.014033296804932153,0.0783332274589688,convnext_tiny,gz2,hard,d4,224,full,bce,0,4,False,True
convnext_tiny_hard_d4_s224_full_bce_nfull_seed4,2,0.4,0.6,6977,0.14593791834002678,0.29281926329367924,0.7071807367063208,0.2740432850795471,0.05210819411296738,0.9812240217858679,0.9708073144062566,0.9984695186446407,0.021298356433790376,0.01600929161636221,convnext_tiny,gz2,hard,d4,224,full,bce,0,4,False,True
convnext_tiny_hard_d4_s224_full_bce_nfull_seed4,3,0.6,0.8,13454,0.2814173360107095,0.16701352757544224,0.8329864724245577,0.164858034785194,0.011535401750198886,0.9978445072097517,0.9940806633148452,0.9999866770597514,0.004913388790299155,0.0017642413582850227,convnext_tiny,gz2,hard,d4,224,full,bce,0,4,False,True
convnext_tiny_hard_d4_s224_full_bce_nfull_seed4,4,0.8,1.0,16549,0.34615545515394913,0.22859387274155538,0.7714061272584446,0.22847301951779564,0.0007955449482895784,0.9998791467762402,0.9998286632286255,0.9999998550537917,0.0006981344684757768,0.00011801736109296763,convnext_tiny,gz2,hard,d4,224,full,bce,0,4,False,True
convnext_tiny_hard_debiased_d4_s224_full_bce_nfull_seed0,0,0.0,0.2,5122,0.10713688085676037,0.4328387348691917,0.5671612651308082,-0.1013276064037485,0.1854412362749085,0.46583365872705973,0.5239067229676486,0.612352522403552,0.43173446524756,0.4470528767210831,convnext_tiny,gz2,hard_debiased,d4,224,full,bce,0,0,False,True
convnext_tiny_hard_debiased_d4_s224_full_bce_nfull_seed0,1,0.2,0.4,5706,0.11935240963855422,0.38310550297932,0.61689449702068,-0.1466876971608833,0.20489358817947675,0.4702067998597967,0.5674760095234135,0.8056647285411294,0.4118544026977145,0.4118141878335135,convnext_tiny,gz2,hard_debiased,d4,224,full,bce,0,0,False,True
convnext_tiny_hard_debiased_d4_s224_full_bce_nfull_seed0,2,0.4,0.6,6977,0.14593791834002678,0.29281926329367924,0.7071807367063208,-0.2039558549519851,0.23491934390673716,0.5032248817543357,0.6471862753793044,0.9449988502168913,0.33818036876326035,0.3428325865303298,convnext_tiny,gz2,hard_debiased,d4,224,full,bce,0,0,False,True
convnext_tiny_hard_debiased_d4_s224_full_bce_nfull_seed0,3,0.6,0.8,13454,0.2814173360107095,0.16701352757544224,0.8329864724245577,-0.12472127248401954,0.26602955130811984,0.7082651999405382,0.8238188081714616,0.9943538332283184,0.0957548946694127,0.18951986077463998,convnext_tiny,gz2,hard_debiased,d4,224,full,bce,0,0,False,True
convnext_tiny_hard_debiased_d4_s224_full_bce_nfull_seed0,4,0.8,1.0,16549,0.34615545515394913,0.22859387274155538,0.7714061272584446,0.1316695872862409,0.10871628033075777,0.9030757145446855,0.9371768760770798,0.99986257028804,0.0572871162865992,0.07659145238908308,convnext_tiny,gz2,hard_debiased,d4,224,full,bce,0,0,False,True
convnext_tiny_hard_debiased_d4_s224_full_bce_nfull_seed1,0,0.0,0.2,5122,0.10713688085676037,0.4328387348691917,0.5671612651308082,-0.11187036313939863,0.18119236264449928,0.4552909019914096,0.5168023340219567,0.6117894349483766,0.470262254305018,0.47922084611364146,convnext_tiny,gz2,hard_debiased,d4,224,full,bce,0,1,False,True
convnext_tiny_hard_debiased_d4_s224_full_bce_nfull_seed1,1,0.2,0.4,5706,0.11935240963855422,0.38310550297932,0.61689449702068,-0.1596565019277953,0.2011300168853098,0.4572379950928847,0.558351570947351,0.8070840784330033,0.4524014760393915,0.4522048823535348,convnext_tiny,gz2,hard_debiased,d4,224,full,bce,0,1,False,True
convnext_tiny_hard_debiased_d4_s224_full_bce_nfull_seed1,2,0.4,0.6,6977,0.14593791834002678,0.29281926329367924,0.7071807367063208,-0.2235918016339401,0.23399142745811144,0.48358893507238065,0.6341634191990169,0.949341439155442,0.3833022983941296,0.39145370231322923,convnext_tiny,gz2,hard_debiased,d4,224,full,bce,0,1,False,True
convnext_tiny_hard_debiased_d4_s224_full_bce_nfull_seed1,3,0.6,0.8,13454,0.2814173360107095,0.16701352757544224,0.8329864724245577,-0.14226252415638463,0.2702298999870113,0.6907239482681731,0.8138233864182016,0.9950327273758306,0.12844191634122198,0.21250969421640617,convnext_tiny,gz2,hard_debiased,d4,224,full,bce,0,1,False,True
convnext_tiny_hard_debiased_d4_s224_full_bce_nfull_seed1,4,0.8,1.0,16549,0.34615545515394913,0.22859387274155538,0.7714061272584446,0.12302858178741916,0.1134562930250682,0.8944347090458638,0.9314830577139772,0.9998425470047094,0.036435587504520486,0.0798803626220646,convnext_tiny,gz2,hard_debiased,d4,224,full,bce,0,1,False,True
convnext_tiny_hard_debiased_d4_s224_full_bce_nfull_seed2,0,0.0,0.2,5122,0.10713688085676037,0.4328387348691917,0.5671612651308082,-0.11069894572432637,0.17970565453137102,0.45646231940648185,0.5177816233035758,0.6182888134793183,0.46102830727174815,0.4701408561239419,convnext_tiny,gz2,hard_debiased,d4,224,full,bce,0,2,False,True
convnext_tiny_hard_debiased_d4_s224_full_bce_nfull_seed2,1,0.2,0.4,5706,0.11935240963855422,0.38310550297932,0.61689449702068,-0.17490361023484052,0.20552543248128066,0.4419908867858395,0.5459936164018964,0.803741461677618,0.4566965734457504,0.4483779322560826,convnext_tiny,gz2,hard_debiased,d4,224,full,bce,0,2,False,True
convnext_tiny_hard_debiased_d4_s224_full_bce_nfull_seed2,2,0.4,0.6,6977,0.14593791834002678,0.29281926329367924,0.7071807367063208,-0.23950121828866272,0.23973663826491093,0.46767951841765804,0.6232017402101275,0.9454802908921504,0.37924625792424344,0.38292297150499005,convnext_tiny,gz2,hard_debiased,d4,224,full,bce,0,2,False,True
convnext_tiny_hard_debiased_d4_s224_full_bce_nfull_seed2,3,0.6,0.8,13454,0.2814173360107095,0.16701352757544224,0.8329864724245577,-0.14166790545562657,0.2680738445649367,0.6913185669689311,0.8143582101418033,0.9949005304515754,0.10542923904714768,0.20239886454056624,convnext_tiny,gz2,hard_debiased,d4,224,full,bce,0,2,False,True
convnext_tiny_hard_debiased_d4_s224_full_bce_nfull_seed2,4,0.8,1.0,16549,0.34615545515394913,0.22859387274155538,0.7714061272584446,0.12846697685660768,0.10695843015750064,0.8998731041150523,0.9351010496631678,0.999937165818752,0.05792952477124969,0.07671870496535299,convnext_tiny,gz2,hard_debiased,d4,224,full,bce,0,2,False,True
convnext_tiny_soft_d4_photo_s224_full_bce_nfull_seed0,0,0.0,0.2,5122,0.10713688085676037,0.4328387348691917,0.5671612651308082,0.10835611089418207,0.7784543325526933,0.6755173760249903,0.6687007065571391,0.7344917268144684,0.08386019296574673,0.21584155223219578,convnext_tiny,gz2,soft,d4_photo,224,full,bce,0,0,False,True
convnext_tiny_soft_d4_photo_s224_full_bce_nfull_seed0,1,0.2,0.4,5706,0.11935240963855422,0.38310550297932,0.61689449702068,0.31107606028741674,0.19250585480093677,0.9279705573080967,0.9231558783165599,0.9772259419446062,0.2722564859154494,0.13346152039377554,convnext_tiny,gz2,soft,d4_photo,224,full,bce,0,0,False,True
convnext_tiny_soft_d4_photo_s224_full_bce_nfull_seed0,2,0.4,0.6,6977,0.14593791834002678,0.29281926329367924,0.7071807367063208,0.2852228751612441,0.024824355971896955,0.9924036118675649,0.9901836895081646,0.9995042738400435,0.23924421212186492,0.0692000461568108,convnext_tiny,gz2,soft,d4_photo,224,full,bce,0,0,False,True
convnext_tiny_soft_d4_photo_s224_full_bce_nfull_seed0,3,0.6,0.8,13454,0.2814173360107095,0.16701352757544224,0.8329864724245577,0.16641890887468413,0.003747072599531616,0.9994053812992418,0.9987535605111069,0.9999836590464611,0.1406961886351506,0.024312725874376478,convnext_tiny,gz2,soft,d4_photo,224,full,bce,0,0,False,True
convnext_tiny_soft_d4_photo_s224_full_bce_nfull_seed0,4,0.8,1.0,16549,0.34615545515394913,0.22859387274155538,0.7714061272584446,0.22853344612967552,0.000468384074941452,0.9999395733881201,0.999867829764737,1.0,0.08261007901916595,0.008432442608668015,convnext_tiny,gz2,soft,d4_photo,224,full,bce,0,0,False,True
convnext_tiny_soft_d4_photo_s224_full_bce_nfull_seed1,0,0.0,0.2,5122,0.10713688085676037,0.4328387348691917,0.5671612651308082,0.10698945724326436,0.7617526243724326,0.6741507223740726,0.6730508346938886,0.7325303533872587,0.08361510934336538,0.21762201480779908,convnext_tiny,gz2,soft,d4_photo,224,full,bce,0,1,False,True
convnext_tiny_soft_d4_photo_s224_full_bce_nfull_seed1,1,0.2,0.4,5706,0.11935240963855422,0.38310550297932,0.61689449702068,0.3042411496670172,0.2053856686444546,0.9211356466876972,0.9197831759960076,0.975211703609748,0.2708052680773816,0.1373311484892169,convnext_tiny,gz2,soft,d4_photo,224,full,bce,0,1,False,True
convnext_tiny_soft_d4_photo_s224_full_bce_nfull_seed1,2,0.4,0.6,6977,0.14593791834002678,0.29281926329367924,0.7071807367063208,0.28364626630356893,0.02921040620721132,0.9908270030098897,0.9886387738609757,0.9993517961318479,0.24709283889901232,0.07375689403396511,convnext_tiny,gz2,soft,d4_photo,224,full,bce,0,1,False,True
convnext_tiny_soft_d4_photo_s224_full_bce_nfull_seed1,3,0.6,0.8,13454,0.2814173360107095,0.16701352757544224,0.8329864724245577,0.16649323621227896,0.003194888178913738,0.9994797086368367,0.9989760794252146,0.9999934278789534,0.1500019817556995,0.02725097410751299,convnext_tiny,gz2,soft,d4_photo,224,full,bce,0,1,False,True
convnext_tiny_soft_d4_photo_s224_full_bce_nfull_seed1,4,0.8,1.0,16549,0.34615545515394913,0.22859387274155538,0.7714061272584446,0.22853344612967552,0.00045641259698767686,0.9999395733881201,0.999867829764737,1.0,0.08867820912854024,0.009638608169607491,convnext_tiny,gz2,soft,d4_photo,224,full,bce,0,1,False,True
convnext_tiny_soft_d4_photo_s224_full_bce_nfull_seed2,0,0.0,0.2,5122,0.10713688085676037,0.4328387348691917,0.5671612651308082,0.10327996876220236,0.7778801843317973,0.6704412338930106,0.6663087688080759,0.7325454922337717,0.0795809196927197,0.21681948143710586,convnext_tiny,gz2,soft,d4_photo,224,full,bce,0,2,False,True
convnext_tiny_soft_d4_photo_s224_full_bce_nfull_seed2,1,0.2,0.4,5706,0.11935240963855422,0.38310550297932,0.61689449702068,0.30932351910269895,0.19400921658986175,0.926218016123379,0.9239891769940947,0.9786185852116775,0.2711570470927161,0.13354114504689557,convnext_tiny,gz2,soft,d4_photo,224,full,bce,0,2,False,True
convnext_tiny_soft_d4_photo_s224_full_bce_nfull_seed2,2,0.4,0.6,6977,0.14593791834002678,0.29281926329367924,0.7071807367063208,0.2849362190053032,0.02534562211981567,0.992116955711624,0.9898376137208906,0.9994103269372059,0.23868194461441217,0.06907334209934711,convnext_tiny,gz2,soft,d4_photo,224,full,bce,0,2,False,True
convnext_tiny_soft_d4_photo_s224_full_bce_nfull_seed2,3,0.6,0.8,13454,0.2814173360107095,0.16701352757544224,0.8329864724245577,0.16656756354987368,0.0027649769585253456,0.9995540359744314,0.9990206943979995,0.999996763577853,0.14096612692841745,0.024363518892191946,convnext_tiny,gz2,soft,d4_photo,224,full,bce,0,2,False,True
convnext_tiny_soft_d4_photo_s224_full_bce_nfull_seed2,4,0.8,1.0,16549,0.34615545515394913,0.22859387274155538,0.7714061272584446,0.2285938727415554,0.0,1.0,1.0,1.0,0.0824879290208178,0.008388270213517176,convnext_tiny,gz2,soft,d4_photo,224,full,bce,0,2,False,True
convnext_tiny_soft_d4_s112_full_bce_nfull_seed0,0,0.0,0.2,5122,0.10713688085676037,0.4328387348691917,0.5671612651308082,0.10777040218664591,0.748314606741573,0.6749316673174541,0.6724039789546743,0.7307646980731741,0.07969677423107722,0.21652539416731642,convnext_tiny,gz2,soft,d4,112,full,bce,0,0,False,True
convnext_tiny_soft_d4_s112_full_bce_nfull_seed0,1,0.2,0.4,5706,0.11935240963855422,0.38310550297932,0.61689449702068,0.29670522257273046,0.22157303370786516,0.9135997195934105,0.9114214682275639,0.9722745596980787,0.25593066997329916,0.13434583254589494,convnext_tiny,gz2,soft,d4,112,full,bce,0,0,False,True
convnext_tiny_soft_d4_s112_full_bce_nfull_seed0,2,0.4,0.6,6977,0.14593791834002678,0.29281926329367924,0.7071807367063208,0.28436290669342124,0.02651685393258427,0.991543643399742,0.9892888626194698,0.9994077972159574,0.23620533397864674,0.06872942904472107,convnext_tiny,gz2,soft,d4,112,full,bce,0,0,False,True
convnext_tiny_soft_d4_s112_full_bce_nfull_seed0,3,0.6,0.8,13454,0.2814173360107095,0.16701352757544224,0.8329864724245577,0.16649323621227896,0.003146067415730337,0.9994797086368367,0.9993318873078603,0.9999888214376156,0.13818569862928506,0.02383602776366469,convnext_tiny,gz2,soft,d4,112,full,bce,0,0,False,True
convnext_tiny_soft_d4_s112_full_bce_nfull_seed0,4,0.8,1.0,16549,0.34615545515394913,0.22859387274155538,0.7714061272584446,0.22853344612967552,0.00044943820224719103,0.9999395733881201,0.999867829764737,1.0,0.08092083816612795,0.00807676821276667,convnext_tiny,gz2,soft,d4,112,full,bce,0,0,False,True
convnext_tiny_soft_d4_s112_full_bce_nfull_seed1,0,0.0,0.2,5122,0.10713688085676037,0.4328387348691917,0.5671612651308082,0.10347520499804774,0.757181328545781,0.670636470128856,0.6667479506271752,0.728408783015301,0.07386341566646859,0.2162853584308488,convnext_tiny,gz2,soft,d4,112,full,bce,0,1,False,True
convnext_tiny_soft_d4_s112_full_bce_nfull_seed1,1,0.2,0.4,5706,0.11935240963855422,0.38310550297932,0.61689449702068,0.2982825096389765,0.21723518850987433,0.9151770066596565,0.9114863178907094,0.972193205210846,0.25685267998744554,0.13372086985564738,convnext_tiny,gz2,soft,d4,112,full,bce,0,1,False,True
convnext_tiny_soft_d4_s112_full_bce_nfull_seed1,2,0.4,0.6,6977,0.14593791834002678,0.29281926329367924,0.7071807367063208,0.2853662032392146,0.02333931777378815,0.9925469399455353,0.9894246243264742,0.9993850297247208,0.23682527309017984,0.06814773822313075,convnext_tiny,gz2,soft,d4,112,full,bce,0,1,False,True
convnext_tiny_soft_d4_s112_full_bce_nfull_seed1,3,0.6,0.8,13454,0.2814173360107095,0.16701352757544224,0.8329864724245577,0.1666418908874685,0.002244165170556553,0.9996283633120262,0.99942111725343,0.9999987888236138,0.1404695943243258,0.024181635824415994,convnext_tiny,gz2,soft,d4,112,full,bce,0,1,False,True
convnext_tiny_soft_d4_s112_full_bce_nfull_seed1,4,0.8,1.0,16549,0.34615545515394913,0.22859387274155538,0.7714061272584446,0.2285938727415554,0.0,1.0,1.0,1.0,0.08327161299743562,0.008527786180362155,convnext_tiny,gz2,soft,d4,112,full,bce,0,1,False,True
convnext_tiny_soft_d4_s160_full_bce_nfull_seed0,0,0.0,0.2,5122,0.10713688085676037,0.4328387348691917,0.5671612651308082,0.10581803982819216,0.7641423357664233,0.6729793049590004,0.6712169381178299,0.7297220585415314,0.08037665058967425,0.21730488462957012,convnext_tiny,gz2,soft,d4,160,full,bce,0,0,False,True
convnext_tiny_soft_d4_s160_full_bce_nfull_seed0,1,0.2,0.4,5706,0.11935240963855422,0.38310550297932,0.61689449702068,0.3028391167192429,0.20894160583941607,0.9197336137399229,0.9176933013806869,0.974548781502121,0.264648406324034,0.13508375186931282,convnext_tiny,gz2,soft,d4,160,full,bce,0,0,False,True
convnext_tiny_soft_d4_s160_full_bce_nfull_seed0,2,0.4,0.6,6977,0.14593791834002678,0.29281926329367924,0.7071807367063208,0.2852228751612441,0.024178832116788323,0.9924036118675649,0.9906138909275466,0.9995496600153847,0.2388039501815056,0.06931288972153903,convnext_tiny,gz2,soft,d4,160,full,bce,0,0,False,True
convnext_tiny_soft_d4_s160_full_bce_nfull_seed0,3,0.6,0.8,13454,0.2814173360107095,0.16701352757544224,0.8329864724245577,0.1666418908874685,0.002281021897810219,0.9996283633120262,0.9992432133121072,0.9999959097977775,0.13965617873021585,0.024020956442181635,convnext_tiny,gz2,soft,d4,160,full,bce,0,0,False,True
convnext_tiny_soft_d4_s160_full_bce_nfull_seed0,4,0.8,1.0,16549,0.34615545515394913,0.22859387274155538,0.7714061272584446,0.22853344612967552,0.0004562043795620438,0.9999395733881201,0.999867829764737,1.0,0.08189297326328286,0.008249113204317563,convnext_tiny,gz2,soft,d4,160,full,bce,0,0,False,True
convnext_tiny_soft_d4_s160_full_bce_nfull_seed1,0,0.0,0.2,5122,0.10713688085676037,0.4328387348691917,0.5671612651308082,0.10054666146036706,0.7598214285714285,0.6677079265911753,0.6661958873576657,0.7345105145111667,0.08480615818735587,0.21721811168222085,convnext_tiny,gz2,soft,d4,160,full,bce,0,1,False,True
convnext_tiny_soft_d4_s160_full_bce_nfull_seed1,1,0.2,0.4,5706,0.11935240963855422,0.38310550297932,0.61689449702068,0.3000350508236943,0.21160714285714285,0.9169295478443743,0.916287402270648,0.9744554707643682,0.2642091271104183,0.13655094233282533,convnext_tiny,gz2,soft,d4,160,full,bce,0,1,False,True
convnext_tiny_soft_d4_s160_full_bce_nfull_seed1,2,0.4,0.6,6977,0.14593791834002678,0.29281926329367924,0.7071807367063208,0.2842195786154508,0.026785714285714284,0.9914003153217715,0.989474325908651,0.9991846857223128,0.24245111743313666,0.07176676345908001,convnext_tiny,gz2,soft,d4,160,full,bce,0,1,False,True
convnext_tiny_soft_d4_s160_full_bce_nfull_seed1,3,0.6,0.8,13454,0.2814173360107095,0.16701352757544224,0.8329864724245577,0.16671621822506322,0.0017857142857142857,0.9997026906496209,0.9994657322262148,0.9999947581874432,0.14166527553524488,0.024970785179382247,convnext_tiny,gz2,soft,d4,160,full,bce,0,1,False,True
convnext_tiny_soft_d4_s160_full_bce_nfull_seed1,4,0.8,1.0,16549,0.34615545515394913,0.22859387274155538,0.7714061272584446,0.2285938727415554,0.0,1.0,1.0,1.0,0.08095173059413258,0.00826858037721729,convnext_tiny,gz2,soft,d4,160,full,bce,0,1,False,True
convnext_tiny_soft_d4_s224_frozen_bce_nfull_seed0,0,0.0,0.2,5122,0.10713688085676037,0.4328387348691917,0.5671612651308082,0.024209293244826346,0.4482758620689655,0.5913705583756346,0.5755032501938937,0.6169294226975561,0.04229875253524366,0.2383906376093087,convnext_tiny,gz2,soft,d4,224,frozen,bce,0,0,False,True
convnext_tiny_soft_d4_s224_frozen_bce_nfull_seed0,1,0.2,0.4,5706,0.11935240963855422,0.38310550297932,0.61689449702068,0.14493515597616546,0.2910687513386164,0.7618296529968455,0.7362270491973717,0.8240585102511852,0.10097433230554036,0.17502693185883308,convnext_tiny,gz2,soft,d4,224,frozen,bce,0,0,False,True
convnext_tiny_soft_d4_s224_frozen_bce_nfull_seed0,2,0.4,0.6,6977,0.14593791834002678,0.29281926329367924,0.7071807367063208,0.19019635946681956,0.153351895480831,0.8973770961731403,0.8591836123268655,0.9496601840327568,0.18199032725294031,0.11117501164043633,convnext_tiny,gz2,soft,d4,224,frozen,bce,0,0,False,True
convnext_tiny_soft_d4_s224_frozen_bce_nfull_seed0,3,0.6,0.8,13454,0.2814173360107095,0.16701352757544224,0.8329864724245577,0.13906644863980977,0.08053116298993361,0.9720529210643675,0.9294977799533948,0.9930140338809319,0.1576784761378607,0.050607935372443416,convnext_tiny,gz2,soft,d4,224,frozen,bce,0,0,False,True
convnext_tiny_soft_d4_s224_frozen_bce_nfull_seed0,4,0.8,1.0,16549,0.34615545515394913,0.22859387274155538,0.7714061272584446,0.22104054625657144,0.02677232812165346,0.992446673515016,0.9844087575836373,0.9997046306876218,0.11748520199238036,0.02374605414998283,convnext_tiny,gz2,soft,d4,224,frozen,bce,0,0,False,True
convnext_tiny_soft_d4_s224_frozen_bce_nfull_seed1,0,0.0,0.2,5122,0.10713688085676037,0.4328387348691917,0.5671612651308082,0.020695040999609615,0.4546629334482016,0.5878563061304178,0.5754496819677706,0.616489309257133,0.04481456962249349,0.2391190069755694,convnext_tiny,gz2,soft,d4,224,frozen,bce,0,1,False,True
convnext_tiny_soft_d4_s224_frozen_bce_nfull_seed1,1,0.2,0.4,5706,0.11935240963855422,0.38310550297932,0.61689449702068,0.14598668068699616,0.2914064182640534,0.7628811777076762,0.7417601940031606,0.8243626798635948,0.1030152000178695,0.17545464050030504,convnext_tiny,gz2,soft,d4,224,frozen,bce,0,1,False,True
convnext_tiny_soft_d4_s224_frozen_bce_nfull_seed1,2,0.4,0.6,6977,0.14593791834002678,0.29281926329367924,0.7071807367063208,0.1927762648702881,0.15033383588197285,0.8999570015766089,0.867317310971788,0.9501834395121824,0.18320913052580678,0.11136564190959465,convnext_tiny,gz2,soft,d4,224,frozen,bce,0,1,False,True
convnext_tiny_soft_d4_s224_frozen_bce_nfull_seed1,3,0.6,0.8,13454,0.2814173360107095,0.16701352757544224,0.8329864724245577,0.1398840493533522,0.07861296575489984,0.9728705217779099,0.9346140471284219,0.9930487807444716,0.15943104228353971,0.05067783441950258,convnext_tiny,gz2,soft,d4,224,frozen,bce,0,1,False,True
convnext_tiny_soft_d4_s224_frozen_bce_nfull_seed1,4,0.8,1.0,16549,0.34615545515394913,0.22859387274155538,0.7714061272584446,0.22158438576349027,0.02498384665087228,0.9929905130219349,0.9855982897010045,0.9996966897060735,0.11796572085606596,0.023572755004117624,convnext_tiny,gz2,soft,d4,224,frozen,bce,0,1,False,True
convnext_tiny_soft_d4_s224_full_bce_nfull_seed0,0,0.0,0.2,5122,0.10713688085676037,0.4328387348691917,0.5671612651308082,0.10503709488481072,0.7726645190980211,0.672198360015619,0.6676975832966507,0.7345057787694369,0.07905872917178783,0.2154386189116741,convnext_tiny,gz2,soft,d4,224,full,bce,0,0,False,True
convnext_tiny_soft_d4_s224_full_bce_nfull_seed0,1,0.2,0.4,5706,0.11935240963855422,0.38310550297932,0.61689449702068,0.30722046968103744,0.19926369075011505,0.9241149667017174,0.9208977064792481,0.9750481499001913,0.2663344858515233,0.1331954432318809,convnext_tiny,gz2,soft,d4,224,full,bce,0,0,False,True
convnext_tiny_soft_d4_s224_full_bce_nfull_seed0,2,0.4,0.6,6977,0.14593791834002678,0.29281926329367924,0.7071807367063208,0.28550953131718504,0.023469857340082834,0.9926902680235058,0.9908165662416933,0.9993701490114939,0.23553955353613876,0.06769683646172335,convnext_tiny,gz2,soft,d4,224,full,bce,0,0,False,True
convnext_tiny_soft_d4_s224_full_bce_nfull_seed0,3,0.6,0.8,13454,0.2814173360107095,0.16701352757544224,0.8329864724245577,0.16634458153708942,0.0041417395306028535,0.9993310539616471,0.9985310415969992,0.9999910650922327,0.13584848991713577,0.023016347853859004,convnext_tiny,gz2,soft,d4,224,full,bce,0,0,False,True
convnext_tiny_soft_d4_s224_full_bce_nfull_seed0,4,0.8,1.0,16549,0.34615545515394913,0.22859387274155538,0.7714061272584446,0.22853344612967552,0.0004601932811780948,0.9999395733881201,0.999867829764737,1.0,0.07923604514200189,0.007784252923006586,convnext_tiny,gz2,soft,d4,224,full,bce,0,0,False,True
convnext_tiny_soft_d4_s224_full_bce_nfull_seed0_scratch,0,0.0,0.2,5122,0.10713688085676037,0.4328387348691917,0.5671612651308082,0.09234673955486139,0.6844583987441131,0.6595080046856696,0.6558690202526712,0.7092512326514642,0.05632097237553975,0.2197015974171784,convnext_tiny,gz2,soft,d4,224,full,bce,0,0,False,False
convnext_tiny_soft_d4_s224_full_bce_nfull_seed0_scratch,1,0.2,0.4,5706,0.11935240963855422,0.38310550297932,0.61689449702068,0.2718191377497371,0.24921507064364207,0.8887136347704171,0.8846631196456791,0.9513379304250187,0.230925144936499,0.14049035224166037,convnext_tiny,gz2,soft,d4,224,full,bce,0,0,False,False
convnext_tiny_soft_d4_s224_full_bce_nfull_seed0_scratch,2,0.4,0.6,6977,0.14593791834002678,0.29281926329367924,0.7071807367063208,0.27189336390998997,0.05729984301412873,0.9790741006163107,0.9725854604320843,0.9972057492726802,0.2332411479133879,0.07603484590589717,convnext_tiny,gz2,soft,d4,224,full,bce,0,0,False,False
convnext_tiny_soft_d4_s224_full_bce_nfull_seed0_scratch,3,0.6,0.8,13454,0.2814173360107095,0.16701352757544224,0.8329864724245577,0.16537832614835746,0.008634222919937205,0.9983647985729152,0.9965278154202133,0.9999086058212155,0.14527671411716558,0.027265731049155743,convnext_tiny,gz2,soft,d4,224,full,bce,0,0,False,False
convnext_tiny_soft_d4_s224_full_bce_nfull_seed0_scratch,4,0.8,1.0,16549,0.34615545515394913,0.22859387274155538,0.7714061272584446,0.22853344612967552,0.0003924646781789639,0.9999395733881201,0.9999608334638885,0.9999999792933988,0.08767823965893502,0.009674411213632238,convnext_tiny,gz2,soft,d4,224,full,bce,0,0,False,False
convnext_tiny_soft_d4_s224_full_bce_nfull_seed1,0,0.0,0.2,5122,0.10713688085676037,0.4328387348691917,0.5671612651308082,0.11108941819601725,0.7622571692876966,0.6782506833268255,0.6773062479960437,0.7375014071363746,0.08292677645360245,0.2156943697322461,convnext_tiny,gz2,soft,d4,224,full,bce,0,1,False,True
convnext_tiny_soft_d4_s224_full_bce_nfull_seed1,1,0.2,0.4,5706,0.11935240963855422,0.38310550297932,0.61689449702068,0.30546792849631965,0.20490286771507862,0.9223624255169997,0.9224244676869333,0.975335034933045,0.26363601644066104,0.13269095323717395,convnext_tiny,gz2,soft,d4,224,full,bce,0,1,False,True
convnext_tiny_soft_d4_s224_full_bce_nfull_seed1,2,0.4,0.6,6977,0.14593791834002678,0.29281926329367924,0.7071807367063208,0.28350293822559836,0.030064754856614247,0.9906836749319191,0.9882506352576477,0.9992133062940853,0.23483284742176164,0.06806918837306965,convnext_tiny,gz2,soft,d4,224,full,bce,0,1,False,True
convnext_tiny_soft_d4_s224_full_bce_nfull_seed1,3,0.6,0.8,13454,0.2814173360107095,0.16701352757544224,0.8329864724245577,0.1666418908874685,0.002312673450508788,0.9996283633120262,0.99942111725343,0.9999972798169688,0.14004718844842656,0.024040312625787125,convnext_tiny,gz2,soft,d4,224,full,bce,0,1,False,True
convnext_tiny_soft_d4_s224_full_bce_nfull_seed1,4,0.8,1.0,16549,0.34615545515394913,0.22859387274155538,0.7714061272584446,0.22853344612967552,0.00046253469010175765,0.9999395733881201,0.999867829764737,1.0,0.0816591788456767,0.008250067853849553,convnext_tiny,gz2,soft,d4,224,full,bce,0,1,False,True
convnext_tiny_soft_d4_s224_full_bce_nfull_seed1_scratch,0,0.0,0.2,5122,0.10713688085676037,0.4328387348691917,0.5671612651308082,0.09293244826239755,0.7028663706096084,0.6600937133932058,0.6557444159006022,0.7120229613602292,0.05974553852010779,0.21941517269825797,convnext_tiny,gz2,soft,d4,224,full,bce,0,1,False,False
convnext_tiny_soft_d4_s224_full_bce_nfull_seed1_scratch,1,0.2,0.4,5706,0.11935240963855422,0.38310550297932,0.61689449702068,0.2788293024886085,0.24020993136859103,0.8957237995092885,0.8912117659901855,0.9579468778591034,0.24032260867830035,0.1398332732772205,convnext_tiny,gz2,soft,d4,224,full,bce,0,1,False,False
convnext_tiny_soft_d4_s224_full_bce_nfull_seed1_scratch,2,0.4,0.6,6977,0.14593791834002678,0.29281926329367924,0.7071807367063208,0.2756198939372223,0.04844570044408559,0.9828006306435431,0.9778014480322836,0.9979217595907685,0.23707039365874621,0.07533631075641112,convnext_tiny,gz2,soft,d4,224,full,bce,0,1,False,False
convnext_tiny_soft_d4_s224_full_bce_nfull_seed1_scratch,3,0.6,0.8,13454,0.2814173360107095,0.16701352757544224,0.8329864724245577,0.165526980823547,0.008074283407347598,0.9985134532481047,0.9969728532484288,0.9999494284220369,0.1453822400203268,0.02700703110065856,convnext_tiny,gz2,soft,d4,224,full,bce,0,1,False,False
convnext_tiny_soft_d4_s224_full_bce_nfull_seed1_scratch,4,0.8,1.0,16549,0.34615545515394913,0.22859387274155538,0.7714061272584446,0.22853344612967552,0.0004037141703673799,0.9999395733881201,0.9999608334638885,0.9999999792933989,0.08728734703882071,0.009535535134899123,convnext_tiny,gz2,soft,d4,224,full,bce,0,1,False,False
convnext_tiny_soft_d4_s224_full_bce_nfull_seed2,0,0.0,0.2,5122,0.10713688085676037,0.4328387348691917,0.5671612651308082,0.11870363139398676,0.75932043416706,0.685864896524795,0.6740305897861696,0.7370657965323502,0.0943788998992659,0.21509157757723504,convnext_tiny,gz2,soft,d4,224,full,bce,0,2,False,True
convnext_tiny_soft_d4_s224_full_bce_nfull_seed2,1,0.2,0.4,5706,0.11935240963855422,0.38310550297932,0.61689449702068,0.30651945320715035,0.20622935346861726,0.9234139502278303,0.9144350931547867,0.977244201218498,0.2688811205110757,0.13445387112398113,convnext_tiny,gz2,soft,d4,224,full,bce,0,2,False,True
convnext_tiny_soft_d4_s224_full_bce_nfull_seed2,2,0.4,0.6,6977,0.14593791834002678,0.29281926329367924,0.7071807367063208,0.2833596101476279,0.03114676734308636,0.9905403468539487,0.986715292869301,0.9992253596717989,0.23745640697884351,0.06972828946597841,convnext_tiny,gz2,soft,d4,224,full,bce,0,2,False,True
convnext_tiny_soft_d4_s224_full_bce_nfull_seed2,3,0.6,0.8,13454,0.2814173360107095,0.16701352757544224,0.8329864724245577,0.16656756354987368,0.002831524303916942,0.9995540359744314,0.9986648865153538,0.999998193163096,0.13985781383832052,0.024193819604665445,convnext_tiny,gz2,soft,d4,224,full,bce,0,2,False,True
convnext_tiny_soft_d4_s224_full_bce_nfull_seed2,4,0.8,1.0,16549,0.34615545515394913,0.22859387274155538,0.7714061272584446,0.22853344612967552,0.00047192071731949034,0.9999395733881201,0.999867829764737,1.0,0.08176154312604236,0.008255017981607785,convnext_tiny,gz2,soft,d4,224,full,bce,0,2,False,True
convnext_tiny_soft_d4_s224_full_bce_nfull_seed2_scratch,0,0.0,0.2,5122,0.10713688085676037,0.4328387348691917,0.5671612651308082,0.08805154236626322,0.6758515116724072,0.6552128074970714,0.6496254494102449,0.7037349475225472,0.05207382800760838,0.22031701037756904,convnext_tiny,gz2,soft,d4,224,full,bce,0,2,False,False
convnext_tiny_soft_d4_s224_full_bce_nfull_seed2_scratch,1,0.2,0.4,5706,0.11935240963855422,0.38310550297932,0.61689449702068,0.2669120224325271,0.2537313432835821,0.8838065194532071,0.8782587280628795,0.9513192812733926,0.2281012932511743,0.14159501321053244,convnext_tiny,gz2,soft,d4,224,full,bce,0,2,False,False
convnext_tiny_soft_d4_s224_full_bce_nfull_seed2_scratch,2,0.4,0.6,6977,0.14593791834002678,0.29281926329367924,0.7071807367063208,0.27160670775404905,0.056639877535399924,0.9787874444603698,0.9715223822791736,0.9968880460452917,0.2334478866921356,0.07645782808507118,convnext_tiny,gz2,soft,d4,224,full,bce,0,2,False,False
convnext_tiny_soft_d4_s224_full_bce_nfull_seed2_scratch,3,0.6,0.8,13454,0.2814173360107095,0.16701352757544224,0.8329864724245577,0.16463505277240975,0.012246460007654038,0.9976215251969675,0.9946584341617819,0.9998703247052702,0.14543378195401832,0.027670671021418687,convnext_tiny,gz2,soft,d4,224,full,bce,0,2,False,False
convnext_tiny_soft_d4_s224_full_bce_nfull_seed2_scratch,4,0.8,1.0,16549,0.34615545515394913,0.22859387274155538,0.7714061272584446,0.22835216629403587,0.0015308075009567547,0.9997582935524805,0.9995643227580995,0.9999998343471906,0.08810811647192557,0.009851149070922154,convnext_tiny,gz2,soft,d4,224,full,bce,0,2,False,False
convnext_tiny_soft_d4_s224_full_bce_nfull_seed3,0,0.0,0.2,5122,0.10713688085676037,0.4328387348691917,0.5671612651308082,0.10542756735650138,0.7678571428571429,0.6725888324873096,0.6696976190088015,0.7303367733450717,0.08350639822734655,0.21753096522795767,convnext_tiny,gz2,soft,d4,224,full,bce,0,3,False,True
convnext_tiny_soft_d4_s224_full_bce_nfull_seed3,1,0.2,0.4,5706,0.11935240963855422,0.38310550297932,0.61689449702068,0.30616894497020675,0.20100732600732601,0.9230634419908867,0.9203054822007819,0.9766461287740165,0.2734761140676515,0.13738280322344232,convnext_tiny,gz2,soft,d4,224,full,bce,0,3,False,True
convnext_tiny_soft_d4_s224_full_bce_nfull_seed3,2,0.4,0.6,6977,0.14593791834002678,0.29281926329367924,0.7071807367063208,0.2842195786154508,0.027472527472527472,0.9914003153217715,0.9893309254355238,0.999227244562141,0.2448994232507435,0.07274045916076867,convnext_tiny,gz2,soft,d4,224,full,bce,0,3,False,True
convnext_tiny_soft_d4_s224_full_bce_nfull_seed3,3,0.6,0.8,13454,0.2814173360107095,0.16701352757544224,0.8329864724245577,0.16641890887468413,0.003663003663003663,0.9994053812992418,0.9987535605111069,0.9999974188044227,0.1448596158088853,0.025914168093452393,convnext_tiny,gz2,soft,d4,224,full,bce,0,3,False,True
convnext_tiny_soft_d4_s224_full_bce_nfull_seed3,4,0.8,1.0,16549,0.34615545515394913,0.22859387274155538,0.7714061272584446,0.2285938727415554,0.0,1.0,1.0,1.0,0.08373140640315048,0.008765345737099821,convnext_tiny,gz2,soft,d4,224,full,bce,0,3,False,True
convnext_tiny_soft_d4_s224_full_bce_nfull_seed4,0,0.0,0.2,5122,0.10713688085676037,0.4328387348691917,0.5671612651308082,0.10601327606403754,0.7742830712303422,0.6731745411948458,0.6723504883636615,0.7345034497161272,0.0827411721223781,0.21713321509548783,convnext_tiny,gz2,soft,d4,224,full,bce,0,4,False,True
convnext_tiny_soft_d4_s224_full_bce_nfull_seed4,1,0.2,0.4,5706,0.11935240963855422,0.38310550297932,0.61689449702068,0.3098492814581143,0.1933395004625347,0.9267437784787943,0.9258022384180321,0.9760758026282957,0.27460411546345126,0.1362904391842276,convnext_tiny,gz2,soft,d4,224,full,bce,0,4,False,True
convnext_tiny_soft_d4_s224_full_bce_nfull_seed4,2,0.4,0.6,6977,0.14593791834002678,0.29281926329367924,0.7071807367063208,0.2837895943815394,0.029139685476410732,0.9909703310878601,0.9894571138836856,0.9993911308171437,0.24298948887508687,0.07212296169661152,convnext_tiny,gz2,soft,d4,224,full,bce,0,4,False,True
convnext_tiny_soft_d4_s224_full_bce_nfull_seed4,3,0.6,0.8,13454,0.2814173360107095,0.16701352757544224,0.8329864724245577,0.16656756354987368,0.0027752081406105457,0.9995540359744314,0.9991985983393223,0.9999962671940883,0.14379714347280353,0.025648599504323286,convnext_tiny,gz2,soft,d4,224,full,bce,0,4,False,True
convnext_tiny_soft_d4_s224_full_bce_nfull_seed4,4,0.8,1.0,16549,0.34615545515394913,0.22859387274155538,0.7714061272584446,0.22853344612967552,0.00046253469010175765,0.9999395733881201,0.9999608334638885,1.0,0.08285673014113684,0.008675026156805392,convnext_tiny,gz2,soft,d4,224,full,bce,0,4,False,True
convnext_tiny_soft_d4_s224_full_focal_nfull_seed0,0,0.0,0.2,5122,0.10713688085676037,0.4328387348691917,0.5671612651308082,0.10484185864896534,0.7584650112866818,0.6720031237797736,0.6721723934205797,0.7365176150183568,0.012855616295968396,0.20850363086904106,convnext_tiny,gz2,soft,d4,224,full,focal,0,0,False,True
convnext_tiny_soft_d4_s224_full_focal_nfull_seed0,1,0.2,0.4,5706,0.11935240963855422,0.38310550297932,0.61689449702068,0.3024886084822993,0.2076749435665914,0.9193831055029793,0.919402915245779,0.9749954514264325,0.14775015650460052,0.08477917303474888,convnext_tiny,gz2,soft,d4,224,full,focal,0,0,False,True
convnext_tiny_soft_d4_s224_full_focal_nfull_seed0,2,0.4,0.6,6977,0.14593791834002678,0.29281926329367924,0.7071807367063208,0.2833596101476279,0.029796839729119638,0.9905403468539487,0.9887228994930836,0.9993509032890543,0.11125179643877425,0.024207508252972205,convnext_tiny,gz2,soft,d4,224,full,focal,0,0,False,True
convnext_tiny_soft_d4_s224_full_focal_nfull_seed0,3,0.6,0.8,13454,0.2814173360107095,0.16701352757544224,0.8329864724245577,0.16634458153708942,0.004063205417607223,0.9993310539616471,0.9988868494796449,0.9999930704826427,0.04579424339649644,0.004041093050719459,convnext_tiny,gz2,soft,d4,224,full,focal,0,0,False,True
convnext_tiny_soft_d4_s224_full_focal_nfull_seed0,4,0.8,1.0,16549,0.34615545515394913,0.22859387274155538,0.7714061272584446,0.2285938727415554,0.0,1.0,1.0,1.0,0.0215742922673284,0.0006914959850545112,convnext_tiny,gz2,soft,d4,224,full,focal,0,0,False,True
convnext_tiny_soft_d4_s224_full_focal_nfull_seed1,0,0.0,0.2,5122,0.10713688085676037,0.4328387348691917,0.5671612651308082,0.11147989066770803,0.7519415258108726,0.6786411557985162,0.6727364901321893,0.7329682930445929,0.011736482740385313,0.20729637646832674,convnext_tiny,gz2,soft,d4,224,full,focal,0,1,False,True
convnext_tiny_soft_d4_s224_full_focal_nfull_seed1,1,0.2,0.4,5706,0.11935240963855422,0.38310550297932,0.61689449702068,0.3014370837714686,0.21288259479214253,0.9183315807921486,0.9130896250935707,0.974670943192215,0.15490455631345584,0.08684435208003471,convnext_tiny,gz2,soft,d4,224,full,focal,0,1,False,True
convnext_tiny_soft_d4_s224_full_focal_nfull_seed1,2,0.4,0.6,6977,0.14593791834002678,0.29281926329367924,0.7071807367063208,0.28321628206965743,0.03060758337140247,0.9903970187759782,0.986757355685355,0.9992574524099911,0.11735435396604268,0.02650951628586558,convnext_tiny,gz2,soft,d4,224,full,focal,0,1,False,True
convnext_tiny_soft_d4_s224_full_focal_nfull_seed1,3,0.6,0.8,13454,0.2814173360107095,0.16701352757544224,0.8329864724245577,0.16634458153708942,0.004111466423024212,0.9993310539616471,0.9983531376556763,0.9999964061815425,0.048122550955550875,0.0045560039809319245,convnext_tiny,gz2,soft,d4,224,full,focal,0,1,False,True
convnext_tiny_soft_d4_s224_full_focal_nfull_seed1,4,0.8,1.0,16549,0.34615545515394913,0.22859387274155538,0.7714061272584446,0.22853344612967552,0.00045682960255824577,0.9999395733881201,0.999867829764737,1.0,0.022605348366095256,0.0007734056270502698,convnext_tiny,gz2,soft,d4,224,full,focal,0,1,False,True
convnext_tiny_soft_d4_s224_full_smooth_nfull_seed0,0,0.0,0.2,5122,0.10713688085676037,0.4328387348691917,0.5671612651308082,0.09918000780944947,0.7656810035842294,0.6663412729402577,0.6704926025385128,0.7340994366020044,0.0811790622616596,0.2200407599474152,convnext_tiny,gz2,soft,d4,224,full,smooth,0,0,False,True
convnext_tiny_soft_d4_s224_full_smooth_nfull_seed0,1,0.2,0.4,5706,0.11935240963855422,0.38310550297932,0.61689449702068,0.30231335436382756,0.20654121863799282,0.9192078513845076,0.9226414996257174,0.9748899245196707,0.28008481520406,0.14459074424286106,convnext_tiny,gz2,soft,d4,224,full,smooth,0,0,False,True
convnext_tiny_soft_d4_s224_full_smooth_nfull_seed0,2,0.4,0.6,6977,0.14593791834002678,0.29281926329367924,0.7071807367063208,0.2849362190053032,0.0246415770609319,0.992116955711624,0.9917018198715457,0.9993705954328909,0.2671800080664916,0.08264385096436275,convnext_tiny,gz2,soft,d4,224,full,smooth,0,0,False,True
convnext_tiny_soft_d4_s224_full_smooth_nfull_seed0,3,0.6,0.8,13454,0.2814173360107095,0.16701352757544224,0.8329864724245577,0.16649323621227896,0.0031362007168458782,0.9994797086368367,0.9991539833665375,0.9999924946774754,0.18041813910567903,0.03642457876110507,convnext_tiny,gz2,soft,d4,224,full,smooth,0,0,False,True
convnext_tiny_soft_d4_s224_full_smooth_nfull_seed0,4,0.8,1.0,16549,0.34615545515394913,0.22859387274155538,0.7714061272584446,0.2285938727415554,0.0,1.0,1.0,0.9999999999999999,0.12609748127752363,0.017370666765965385,convnext_tiny,gz2,soft,d4,224,full,smooth,0,0,False,True
convnext_tiny_soft_d4_s224_full_smooth_nfull_seed1,0,0.0,0.2,5122,0.10713688085676037,0.4328387348691917,0.5671612651308082,0.11479890667707937,0.7619270346117867,0.6819601718078876,0.6808435365277076,0.7380273850088154,0.09623362965902188,0.21773410111329622,convnext_tiny,gz2,soft,d4,224,full,smooth,0,1,False,True
convnext_tiny_soft_d4_s224_full_smooth_nfull_seed1,1,0.2,0.4,5706,0.11935240963855422,0.38310550297932,0.61689449702068,0.3056431826147914,0.20673526660430308,0.9225376796354714,0.9213529537137153,0.9753833797721034,0.2802381589408092,0.14170910100813072,convnext_tiny,gz2,soft,d4,224,full,smooth,0,1,False,True
convnext_tiny_soft_d4_s224_full_smooth_nfull_seed1,2,0.4,0.6,6977,0.14593791834002678,0.29281926329367924,0.7071807367063208,0.28393292245950985,0.028999064546304958,0.9911136591658306,0.9885546482288677,0.999206213154114,0.26214601007546867,0.08030267572669392,convnext_tiny,gz2,soft,d4,224,full,smooth,0,1,False,True
convnext_tiny_soft_d4_s224_full_smooth_nfull_seed1,3,0.6,0.8,13454,0.2814173360107095,0.16701352757544224,0.8329864724245577,0.16671621822506322,0.0018709073900841909,0.9997026906496209,0.9994657322262148,0.9999959097977776,0.17801172601927684,0.03527870405074299,convnext_tiny,gz2,soft,d4,224,full,smooth,0,1,False,True
convnext_tiny_soft_d4_s224_full_smooth_nfull_seed1,4,0.8,1.0,16549,0.34615545515394913,0.22859387274155538,0.7714061272584446,0.22853344612967552,0.0004677268475210477,0.9999395733881201,0.999867829764737,1.0,0.12522031773142642,0.01699656557798663,convnext_tiny,gz2,soft,d4,224,full,smooth,0,1,False,True
convnext_tiny_soft_d4_s224_partial_bce_nfull_seed0,0,0.0,0.2,5122,0.10713688085676037,0.4328387348691917,0.5671612651308082,0.059937524404529485,0.6051964512040557,0.6270987895353377,0.6289533933142195,0.6756800253401,0.012957221993137171,0.2281011023880368,convnext_tiny,gz2,soft,d4,224,partial,bce,0,0,False,True
convnext_tiny_soft_d4_s224_partial_bce_nfull_seed0,1,0.2,0.4,5706,0.11935240963855422,0.38310550297932,0.61689449702068,0.22450052576235535,0.2867553865652725,0.8413950227830354,0.8432769483489977,0.9149904739873578,0.17678687950779673,0.1503381005399679,convnext_tiny,gz2,soft,d4,224,partial,bce,0,0,False,True
convnext_tiny_soft_d4_s224_partial_bce_nfull_seed0,2,0.4,0.6,6977,0.14593791834002678,0.29281926329367924,0.7071807367063208,0.2551239787874445,0.08333333333333333,0.9623047154937653,0.9582911465113358,0.9905391401447714,0.21833979373807652,0.08202704301186606,convnext_tiny,gz2,soft,d4,224,partial,bce,0,0,False,True
convnext_tiny_soft_d4_s224_partial_bce_nfull_seed0,3,0.6,0.8,13454,0.2814173360107095,0.16701352757544224,0.8329864724245577,0.16181061394380858,0.022179974651457542,0.9947970863683663,0.9892270824281775,0.9997929682593557,0.1465828029165562,0.030451865851722656,convnext_tiny,gz2,soft,d4,224,partial,bce,0,0,False,True
convnext_tiny_soft_d4_s224_partial_bce_nfull_seed0,4,0.8,1.0,16549,0.34615545515394913,0.22859387274155538,0.7714061272584446,0.22811045984651646,0.0025348542458808617,0.999516587104961,0.9990356418170474,0.9999978982799814,0.0897501737260454,0.010741977838537838,convnext_tiny,gz2,soft,d4,224,partial,bce,0,0,False,True
convnext_tiny_soft_d4_s224_partial_bce_nfull_seed1,0,0.0,0.2,5122,0.10713688085676037,0.4328387348691917,0.5671612651308082,0.05974228816868421,0.6138772887889495,0.6269035532994924,0.6276061912447781,0.6724637579896233,0.019441873994494093,0.22894172821376432,convnext_tiny,gz2,soft,d4,224,partial,bce,0,1,False,True
convnext_tiny_soft_d4_s224_partial_bce_nfull_seed1,1,0.2,0.4,5706,0.11935240963855422,0.38310550297932,0.61689449702068,0.2295828951980371,0.2814005782203662,0.8464773922187171,0.8458359758379772,0.9155846476544957,0.18764453187658003,0.1517039094306795,convnext_tiny,gz2,soft,d4,224,partial,bce,0,1,False,True
convnext_tiny_soft_d4_s224_partial_bce_nfull_seed1,2,0.4,0.6,6977,0.14593791834002678,0.29281926329367924,0.7071807367063208,0.2551239787874445,0.08448442017346611,0.9623047154937653,0.9549929356294076,0.9910107099469236,0.22387975472003813,0.08400562665974184,convnext_tiny,gz2,soft,d4,224,partial,bce,0,1,False,True
convnext_tiny_soft_d4_s224_partial_bce_nfull_seed1,3,0.6,0.8,13454,0.2814173360107095,0.16701352757544224,0.8329864724245577,0.16277686933254054,0.01831031159653068,0.9957633417570982,0.9910524046636406,0.9997550246843704,0.15266143467462254,0.03189275727942849,convnext_tiny,gz2,soft,d4,224,partial,bce,0,1,False,True
convnext_tiny_soft_d4_s224_partial_bce_nfull_seed1,4,0.8,1.0,16549,0.34615545515394913,0.22859387274155538,0.7714061272584446,0.22823131307027622,0.0019274012206874397,0.9996374403287208,0.9992069785884219,0.9999990889095486,0.09441622960629333,0.011654960384507484,convnext_tiny,gz2,soft,d4,224,partial,bce,0,1,False,True
convnext_tiny_soft_debiased_d4_s224_full_bce_nfull_seed0,0,0.0,0.2,5122,0.10713688085676037,0.4328387348691917,0.5671612651308082,-0.09293244826239744,0.2203944676323758,0.4742288168684108,0.5298656058605192,0.5933670114441916,0.3505468907453664,0.38982779060768397,convnext_tiny,gz2,soft_debiased,d4,224,full,bce,0,0,False,True
convnext_tiny_soft_debiased_d4_s224_full_bce_nfull_seed0,1,0.2,0.4,5706,0.11935240963855422,0.38310550297932,0.61689449702068,-0.1270592358920435,0.23823553482281692,0.4898352611286365,0.5817381269233969,0.7559451805913666,0.31367887056191424,0.3515405768906512,convnext_tiny,gz2,soft_debiased,d4,224,full,bce,0,0,False,True
convnext_tiny_soft_debiased_d4_s224_full_bce_nfull_seed0,2,0.4,0.6,6977,0.14593791834002678,0.29281926329367924,0.7071807367063208,-0.15336104342840762,0.25476716588918896,0.5538196932779131,0.6822414659605669,0.9129171237525746,0.21185200516937014,0.282154912247005,convnext_tiny,gz2,soft_debiased,d4,224,full,bce,0,0,False,True
convnext_tiny_soft_debiased_d4_s224_full_bce_nfull_seed0,3,0.6,0.8,13454,0.2814173360107095,0.16701352757544224,0.8329864724245577,-0.03649472275903076,0.22407725673132006,0.7964917496655269,0.8767767808670983,0.9893967463990039,0.05774487289710138,0.15156854530379824,convnext_tiny,gz2,soft_debiased,d4,224,full,bce,0,0,False,True
convnext_tiny_soft_debiased_d4_s224_full_bce_nfull_seed0,4,0.8,1.0,16549,0.34615545515394913,0.22859387274155538,0.7714061272584446,0.18242794126533324,0.06252557492429822,0.9538340685237778,0.9699837627116272,0.9998107106054117,0.15017645768031113,0.06711609648815958,convnext_tiny,gz2,soft_debiased,d4,224,full,bce,0,0,False,True
convnext_tiny_soft_debiased_d4_s224_full_bce_nfull_seed1,0,0.0,0.2,5122,0.10713688085676037,0.4328387348691917,0.5671612651308082,-0.09644670050761417,0.19521854972276229,0.47071456462319405,0.5286369526045415,0.589224790132888,0.37094672961900216,0.4055667422312107,convnext_tiny,gz2,soft_debiased,d4,224,full,bce,0,1,False,True
convnext_tiny_soft_debiased_d4_s224_full_bce_nfull_seed1,1,0.2,0.4,5706,0.11935240963855422,0.38310550297932,0.61689449702068,-0.14020329477742727,0.2150212428890329,0.47669120224325273,0.5728183741578641,0.747034784891458,0.3443789824012953,0.3762480956974595,convnext_tiny,gz2,soft_debiased,d4,224,full,bce,0,1,False,True
convnext_tiny_soft_debiased_d4_s224_full_bce_nfull_seed1,2,0.4,0.6,6977,0.14593791834002678,0.29281926329367924,0.7071807367063208,-0.19134298409058337,0.24324908187513503,0.5158377526157374,0.6569643920405248,0.8980215298127152,0.2649144324793999,0.3183321881168399,convnext_tiny,gz2,soft_debiased,d4,224,full,bce,0,1,False,True
convnext_tiny_soft_debiased_d4_s224_full_bce_nfull_seed1,3,0.6,0.8,13454,0.2814173360107095,0.16701352757544224,0.8329864724245577,-0.09655121153560275,0.25534672715489304,0.736435260888955,0.8410836907395718,0.9870172414731099,0.039183372247621334,0.18274352839618774,convnext_tiny,gz2,soft_debiased,d4,224,full,bce,0,1,False,True
convnext_tiny_soft_debiased_d4_s224_full_bce_nfull_seed1,4,0.8,1.0,16549,0.34615545515394913,0.22859387274155538,0.7714061272584446,0.1520937821016376,0.09116439835817672,0.9234999093600822,0.9504151652827824,0.9997459921234574,0.13525379308752586,0.08331836953600448,convnext_tiny,gz2,soft_debiased,d4,224,full,bce,0,1,False,True
convnext_tiny_soft_debiased_d4_s224_full_bce_nfull_seed2,0,0.0,0.2,5122,0.10713688085676037,0.4328387348691917,0.5671612651308082,-0.11069894572432637,0.1763699714919227,0.45646231940648185,0.5170872548768435,0.5952141059890054,0.4014047737764642,0.42249765225178476,convnext_tiny,gz2,soft_debiased,d4,224,full,bce,0,2,False,True
convnext_tiny_soft_debiased_d4_s224_full_bce_nfull_seed2,1,0.2,0.4,5706,0.11935240963855422,0.38310550297932,0.61689449702068,-0.16841920785138453,0.1993664871713652,0.44847528916929547,0.5503824700573899,0.7489125660192963,0.3900271429096946,0.4010701402115109,convnext_tiny,gz2,soft_debiased,d4,224,full,bce,0,2,False,True
convnext_tiny_soft_debiased_d4_s224_full_bce_nfull_seed2,2,0.4,0.6,6977,0.14593791834002678,0.29281926329367924,0.7071807367063208,-0.2436577325498065,0.2371238517579981,0.46352300415651426,0.6192591448431087,0.8987320342669095,0.3269788644213688,0.3479515257781063,convnext_tiny,gz2,soft_debiased,d4,224,full,bce,0,2,False,True
convnext_tiny_soft_debiased_d4_s224_full_bce_nfull_seed2,3,0.6,0.8,13454,0.2814173360107095,0.16701352757544224,0.8329864724245577,-0.15452653485952128,0.27405764966740576,0.6784599375650364,0.806106108026053,0.9858968437497878,0.05196560151577083,0.21041835217719215,convnext_tiny,gz2,soft_debiased,d4,224,full,bce,0,2,False,True
convnext_tiny_soft_debiased_d4_s224_full_bce_nfull_seed2,4,0.8,1.0,16549,0.34615545515394913,0.22859387274155538,0.7714061272584446,0.12073237053598407,0.1130820399113082,0.8921384977944287,0.9300877330408899,0.9996321886434315,0.12718338241508143,0.10238076063478319,convnext_tiny,gz2,soft_debiased,d4,224,full,bce,0,2,False,True
convnext_tiny_soft_flip_s224_full_bce_nfull_seed0,0,0.0,0.2,5122,0.10713688085676037,0.4328387348691917,0.5671612651308082,0.10991800078094505,0.7528447883477469,0.6770792659117533,0.672588051801251,0.7272585412207501,0.0842328145794573,0.21741058617285533,convnext_tiny,gz2,soft,flip,224,full,bce,0,0,False,True
convnext_tiny_soft_flip_s224_full_bce_nfull_seed0,1,0.2,0.4,5706,0.11935240963855422,0.38310550297932,0.61689449702068,0.301086575534525,0.21301775147928995,0.917981072555205,0.9136723623471679,0.9722063960741911,0.2625333660729739,0.13553386504370563,convnext_tiny,gz2,soft,flip,224,full,bce,0,0,False,True
convnext_tiny_soft_flip_s224_full_bce_nfull_seed0,2,0.4,0.6,6977,0.14593791834002678,0.29281926329367924,0.7071807367063208,0.28350293822559836,0.029585798816568046,0.9906836749319191,0.987533632892011,0.9990178729270422,0.23669241128978732,0.07009993207663802,convnext_tiny,gz2,soft,flip,224,full,bce,0,0,False,True
convnext_tiny_soft_flip_s224_full_bce_nfull_seed0,3,0.6,0.8,13454,0.2814173360107095,0.16701352757544224,0.8329864724245577,0.16634458153708942,0.004096495220755576,0.9993310539616471,0.998708945538322,0.9999879875128905,0.13767667797644548,0.02394533441099487,convnext_tiny,gz2,soft,flip,224,full,bce,0,0,False,True
convnext_tiny_soft_flip_s224_full_bce_nfull_seed0,4,0.8,1.0,16549,0.34615545515394913,0.22859387274155538,0.7714061272584446,0.22853344612967552,0.0004551661356395084,0.9999395733881201,0.999867829764737,1.0,0.08002217600258398,0.008105907040606722,convnext_tiny,gz2,soft,flip,224,full,bce,0,0,False,True
convnext_tiny_soft_flip_s224_full_bce_nfull_seed1,0,0.0,0.2,5122,0.10713688085676037,0.4328387348691917,0.5671612651308082,0.10698945724326436,0.7719703977798335,0.6741507223740726,0.6692585148248125,0.7320536738098732,0.08689626062355063,0.21773244330135827,convnext_tiny,gz2,soft,flip,224,full,bce,0,1,False,True
convnext_tiny_soft_flip_s224_full_bce_nfull_seed1,1,0.2,0.4,5706,0.11935240963855422,0.38310550297932,0.61689449702068,0.30757097791798105,0.19935245143385755,0.924465474938661,0.9210084317558014,0.9765809542127589,0.2771797837122173,0.1386067729875832,convnext_tiny,gz2,soft,flip,224,full,bce,0,1,False,True
convnext_tiny_soft_flip_s224_full_bce_nfull_seed1,2,0.4,0.6,6977,0.14593791834002678,0.29281926329367924,0.7071807367063208,0.28507954708327365,0.02497687326549491,0.9922602837895944,0.9902257523242186,0.999293414133622,0.2501678836859108,0.07510437873240565,convnext_tiny,gz2,soft,flip,224,full,bce,0,1,False,True
convnext_tiny_soft_flip_s224_full_bce_nfull_seed1,3,0.6,0.8,13454,0.2814173360107095,0.16701352757544224,0.8329864724245577,0.16649323621227896,0.0032377428307123032,0.9994797086368367,0.9987981754838917,0.9999897546390935,0.15016805728274726,0.02743710930714589,convnext_tiny,gz2,soft,flip,224,full,bce,0,1,False,True
convnext_tiny_soft_flip_s224_full_bce_nfull_seed1,4,0.8,1.0,16549,0.34615545515394913,0.22859387274155538,0.7714061272584446,0.22853344612967552,0.00046253469010175765,0.9999395733881201,0.999867829764737,1.0,0.09100921295866435,0.009989392594651801,convnext_tiny,gz2,soft,flip,224,full,bce,0,1,False,True
convnext_tiny_soft_flip_s224_full_bce_nfull_seed2,0,0.0,0.2,5122,0.10713688085676037,0.4328387348691917,0.5671612651308082,0.10737992971495514,0.7532760957975598,0.6745411948457634,0.6639409755783234,0.7257571558222063,0.07680504355973823,0.21541238720828737,convnext_tiny,gz2,soft,flip,224,full,bce,0,2,False,True
convnext_tiny_soft_flip_s224_full_bce_nfull_seed2,1,0.2,0.4,5706,0.11935240963855422,0.38310550297932,0.61689449702068,0.2996845425867508,0.21509263443289653,0.9165790396074308,0.9081151750810945,0.9740487633078266,0.25492582304087846,0.1314685936233623,convnext_tiny,gz2,soft,flip,224,full,bce,0,2,False,True
convnext_tiny_soft_flip_s224_full_bce_nfull_seed2,2,0.4,0.6,6977,0.14593791834002678,0.29281926329367924,0.7071807367063208,0.2842195786154508,0.02711251694532309,0.9914003153217715,0.9880403211773778,0.9993232747648303,0.23115676647444347,0.06669350303620938,convnext_tiny,gz2,soft,flip,224,full,bce,0,2,False,True
convnext_tiny_soft_flip_s224_full_bce_nfull_seed2,3,0.6,0.8,13454,0.2814173360107095,0.16701352757544224,0.8329864724245577,0.16634458153708942,0.004066877541798464,0.9993310539616471,0.9981752337143536,0.999989873771197,0.13487461383323118,0.022940695782259792,convnext_tiny,gz2,soft,flip,224,full,bce,0,2,False,True
convnext_tiny_soft_flip_s224_full_bce_nfull_seed2,4,0.8,1.0,16549,0.34615545515394913,0.22859387274155538,0.7714061272584446,0.22853344612967552,0.00045187528242205153,0.9999395733881201,0.999867829764737,1.0,0.07849061962999787,0.007758190395390159,convnext_tiny,gz2,soft,flip,224,full,bce,0,2,False,True
convnext_tiny_soft_none_s224_full_bce_nfull_seed0,0,0.0,0.2,5122,0.10713688085676037,0.4328387348691917,0.5671612651308082,0.10152284263959399,0.7472479084103919,0.6686841077704022,0.665347257966721,0.7298931663246839,0.07614482598425074,0.21680265507976623,convnext_tiny,gz2,soft,none,224,full,bce,0,0,False,True
convnext_tiny_soft_none_s224_full_bce_nfull_seed0,1,0.2,0.4,5706,0.11935240963855422,0.38310550297932,0.61689449702068,0.2965299684542586,0.2175253192426244,0.9134244654749386,0.910065863345255,0.9696878508899609,0.25993384550271054,0.13724462312114513,convnext_tiny,gz2,soft,none,224,full,bce,0,0,False,True
convnext_tiny_soft_none_s224_full_bce_nfull_seed0,2,0.4,0.6,6977,0.14593791834002678,0.29281926329367924,0.7071807367063208,0.28278629783574605,0.030823425803610745,0.9899670345420668,0.9880307479185354,0.9987652976212089,0.24004585026863898,0.07195213618611083,convnext_tiny,gz2,soft,none,224,full,bce,0,0,False,True
convnext_tiny_soft_none_s224_full_bce_nfull_seed0,3,0.6,0.8,13454,0.2814173360107095,0.16701352757544224,0.8329864724245577,0.16634458153708942,0.003963011889035667,0.9993310539616471,0.9985310415969992,0.9999869550346597,0.1415058703283643,0.025639955789131672,convnext_tiny,gz2,soft,none,224,full,bce,0,0,False,True
convnext_tiny_soft_none_s224_full_bce_nfull_seed0,4,0.8,1.0,16549,0.34615545515394913,0.22859387274155538,0.7714061272584446,0.22853344612967552,0.00044033465433729633,0.9999395733881201,0.999867829764737,1.0,0.0791395601370103,0.008427554225190035,convnext_tiny,gz2,soft,none,224,full,bce,0,0,False,True
convnext_tiny_soft_none_s224_full_bce_nfull_seed0_op,0,0.0,0.2,5122,0.10713688085676037,0.4328387348691917,0.5671612651308082,0.10698945724326436,0.7624486066697121,0.6741507223740726,0.6699528832515447,0.7352574419075878,0.08133682913348017,0.2158157100757307,convnext_tiny,gz2,soft,none,224,full,bce,0,0,True,True
convnext_tiny_soft_none_s224_full_bce_nfull_seed0_op,1,0.2,0.4,5706,0.11935240963855422,0.38310550297932,0.61689449702068,0.30336487907465826,0.20785746916400183,0.9202593760953383,0.9165591470514847,0.9751366521458871,0.26434867381083305,0.1341557461764285,convnext_tiny,gz2,soft,none,224,full,bce,0,0,True,True
convnext_tiny_soft_none_s224_full_bce_nfull_seed0_op,2,0.4,0.6,6977,0.14593791834002678,0.29281926329367924,0.7071807367063208,0.28436290669342124,0.0269529465509365,0.991543643399742,0.9890020616732151,0.9992808647321343,0.23815507432415184,0.06968358677254988,convnext_tiny,gz2,soft,none,224,full,bce,0,0,True,True
convnext_tiny_soft_none_s224_full_bce_nfull_seed0_op,3,0.6,0.8,13454,0.2814173360107095,0.16701352757544224,0.8329864724245577,0.1666418908874685,0.0022841480127912287,0.9996283633120262,0.9992432133121072,0.9999893972427828,0.13880154095126043,0.02432694838019436,convnext_tiny,gz2,soft,none,224,full,bce,0,0,True,True
convnext_tiny_soft_none_s224_full_bce_nfull_seed0_op,4,0.8,1.0,16549,0.34615545515394913,0.22859387274155538,0.7714061272584446,0.22853344612967552,0.00045682960255824577,0.9999395733881201,0.999867829764737,0.9999999585867976,0.07686234317351663,0.007888935445082354,convnext_tiny,gz2,soft,none,224,full,bce,0,0,True,True
convnext_tiny_soft_none_s224_full_bce_nfull_seed1,0,0.0,0.2,5122,0.10713688085676037,0.4328387348691917,0.5671612651308082,0.06677079265911756,0.7059487951807228,0.6339320577899258,0.6502001821319687,0.7222277860717954,0.04109988227335332,0.22472374507025644,convnext_tiny,gz2,soft,none,224,full,bce,0,1,False,True
convnext_tiny_soft_none_s224_full_bce_nfull_seed1,1,0.2,0.4,5706,0.11935240963855422,0.38310550297932,0.61689449702068,0.2693655800911321,0.24435240963855423,0.8862600771118121,0.8974972448640106,0.966169074378275,0.24372325835653538,0.148474344241773,convnext_tiny,gz2,soft,none,224,full,bce,0,1,False,True
convnext_tiny_soft_none_s224_full_bce_nfull_seed1,2,0.4,0.6,6977,0.14593791834002678,0.29281926329367924,0.7071807367063208,0.2760498781711337,0.04405120481927711,0.9832306148774544,0.9859924870255061,0.9987388595540428,0.24949415054898966,0.08152948014624734,convnext_tiny,gz2,soft,none,224,full,bce,0,1,False,True
convnext_tiny_soft_none_s224_full_bce_nfull_seed1,3,0.6,0.8,13454,0.2814173360107095,0.16701352757544224,0.8329864724245577,0.1659729448491155,0.005271084337349397,0.9989594172736732,0.9990195824983662,0.9999887618715638,0.15149724527930986,0.02892349778294922,convnext_tiny,gz2,soft,none,224,full,bce,0,1,False,True
convnext_tiny_soft_none_s224_full_bce_nfull_seed1,4,0.8,1.0,16549,0.34615545515394913,0.22859387274155538,0.7714061272584446,0.22853344612967552,0.00037650602409638556,0.9999395733881201,0.999867829764737,1.0,0.08770460017956058,0.009641949206152859,convnext_tiny,gz2,soft,none,224,full,bce,0,1,False,True
convnext_tiny_soft_none_s224_full_bce_nfull_seed1_op,0,0.0,0.2,5122,0.10713688085676037,0.4328387348691917,0.5671612651308082,0.09898477157360408,0.7692307692307693,0.6661460367044123,0.6614005218632115,0.7330315656595064,0.08198437388667781,0.21572442002252012,convnext_tiny,gz2,soft,none,224,full,bce,0,1,True,True
convnext_tiny_soft_none_s224_full_bce_nfull_seed1_op,1,0.2,0.4,5706,0.11935240963855422,0.38310550297932,0.61689449702068,0.30336487907465826,0.2046783625730994,0.9202593760953383,0.9156056360725277,0.974736702570074,0.2656211176625353,0.135000971133587,convnext_tiny,gz2,soft,none,224,full,bce,0,1,True,True
convnext_tiny_soft_none_s224_full_bce_nfull_seed1_op,2,0.4,0.6,6977,0.14593791834002678,0.29281926329367924,0.7071807367063208,0.2853662032392146,0.023391812865497075,0.9925469399455353,0.9905718281114927,0.9993579468266482,0.23991059866435244,0.07004170941962565,convnext_tiny,gz2,soft,none,224,full,bce,0,1,True,True
convnext_tiny_soft_none_s224_full_bce_nfull_seed1_op,3,0.6,0.8,13454,0.2814173360107095,0.16701352757544224,0.8329864724245577,0.1666418908874685,0.002249212775528565,0.9996283633120262,0.9992432133121072,0.9999921571365152,0.13910821263634207,0.024575386315230287,convnext_tiny,gz2,soft,none,224,full,bce,0,1,True,True
convnext_tiny_soft_none_s224_full_bce_nfull_seed1_op,4,0.8,1.0,16549,0.34615545515394913,0.22859387274155538,0.7714061272584446,0.22853344612967552,0.000449842555105713,0.9999395733881201,0.999867829764737,0.9999999792933988,0.07612830654460404,0.007850832002187298,convnext_tiny,gz2,soft,none,224,full,bce,0,1,True,True
convnext_tiny_soft_none_s224_full_bce_nfull_seed2,0,0.0,0.2,5122,0.10713688085676037,0.4328387348691917,0.5671612651308082,0.1065989847715737,0.7456492637215528,0.6737602499023819,0.6699825398636883,0.7315554116718178,0.08151956784660026,0.21643138280719013,convnext_tiny,gz2,soft,none,224,full,bce,0,2,False,True
convnext_tiny_soft_none_s224_full_bce_nfull_seed2,1,0.2,0.4,5706,0.11935240963855422,0.38310550297932,0.61689449702068,0.2954784437434279,0.22311468094600626,0.9123729407641079,0.9070465202112618,0.9701528450677868,0.26085313418445943,0.1381361580650936,convnext_tiny,gz2,soft,none,224,full,bce,0,2,False,True
convnext_tiny_soft_none_s224_full_bce_nfull_seed2,2,0.4,0.6,6977,0.14593791834002678,0.29281926329367924,0.7071807367063208,0.2840762505374803,0.027219991075412762,0.9912569872438011,0.9893729882515776,0.9991189625722283,0.24373414858741052,0.07295894447482706,convnext_tiny,gz2,soft,none,224,full,bce,0,2,False,True
convnext_tiny_soft_none_s224_full_bce_nfull_seed2,3,0.6,0.8,13454,0.2814173360107095,0.16701352757544224,0.8329864724245577,0.16641890887468413,0.0035698348951361,0.9994053812992418,0.9989314644524298,0.9999727584589849,0.14355811358745013,0.026141765129795737,convnext_tiny,gz2,soft,none,224,full,bce,0,2,False,True
convnext_tiny_soft_none_s224_full_bce_nfull_seed2,4,0.8,1.0,16549,0.34615545515394913,0.22859387274155538,0.7714061272584446,0.22853344612967552,0.0004462293618920125,0.9999395733881201,0.999867829764737,1.0,0.08081302425019743,0.008721045131440454,convnext_tiny,gz2,soft,none,224,full,bce,0,2,False,True
convnext_tiny_soft_none_s224_full_bce_nfull_seed2_op,0,0.0,0.2,5122,0.10713688085676037,0.4328387348691917,0.5671612651308082,0.11069894572432648,0.7366071428571429,0.6778602108551347,0.6624871028672975,0.7349661549736545,0.08697403851301583,0.21526798724715043,convnext_tiny,gz2,soft,none,224,full,bce,0,2,True,True
convnext_tiny_soft_none_s224_full_bce_nfull_seed2_op,1,0.2,0.4,5706,0.11935240963855422,0.38310550297932,0.61689449702068,0.29460217315106907,0.22544642857142858,0.9114966701717491,0.8979280597604591,0.9730613329659819,0.26136799746993084,0.13846671209551586,convnext_tiny,gz2,soft,none,224,full,bce,0,2,True,True
convnext_tiny_soft_none_s224_full_bce_nfull_seed2_op,2,0.4,0.6,6977,0.14593791834002678,0.29281926329367924,0.7071807367063208,0.28206965744589363,0.033482142857142856,0.9892503941522144,0.9837956473318583,0.9987847417531583,0.24572521823921434,0.07484375429589443,convnext_tiny,gz2,soft,none,224,full,bce,0,2,True,True
convnext_tiny_soft_none_s224_full_bce_nfull_seed2_op,3,0.6,0.8,13454,0.2814173360107095,0.16701352757544224,0.8329864724245577,0.16634458153708942,0.0040178571428571425,0.9993310539616471,0.9985310415969992,0.9999924351114237,0.15027273019244947,0.027671208672893872,convnext_tiny,gz2,soft,none,224,full,bce,0,2,True,True
convnext_tiny_soft_none_s224_full_bce_nfull_seed2_op,4,0.8,1.0,16549,0.34615545515394913,0.22859387274155538,0.7714061272584446,0.22853344612967552,0.0004464285714285714,0.9999395733881201,0.999867829764737,0.9999999792933988,0.09342990084785668,0.010466239623580776,convnext_tiny,gz2,soft,none,224,full,bce,0,2,True,True
convnext_tiny_soft_w_d4_s224_full_bce_nfull_seed0,0,0.0,0.2,5122,0.10713688085676037,0.4328387348691917,0.5671612651308082,0.10835611089418207,0.7616865261228231,0.6755173760249903,0.6719588968671903,0.7379683046898594,0.08184052374808877,0.2151937331576481,convnext_tiny,gz2,soft_w,d4,224,full,bce,0,0,False,True
convnext_tiny_soft_w_d4_s224_full_bce_nfull_seed0,1,0.2,0.4,5706,0.11935240963855422,0.38310550297932,0.61689449702068,0.3028391167192429,0.20989917506874428,0.9197336137399229,0.9180400326457623,0.9750722573400981,0.2622224827069506,0.1333837328691351,convnext_tiny,gz2,soft_w,d4,224,full,bce,0,0,False,True
convnext_tiny_soft_w_d4_s224_full_bce_nfull_seed0,2,0.4,0.6,6977,0.14593791834002678,0.29281926329367924,0.7071807367063208,0.2849362190053032,0.025206232813932174,0.992116955711624,0.9905546160865272,0.9993370642257535,0.2354538629318191,0.06789528903942087,convnext_tiny,gz2,soft_w,d4,224,full,bce,0,0,False,True
convnext_tiny_soft_w_d4_s224_full_bce_nfull_seed0,3,0.6,0.8,13454,0.2814173360107095,0.16701352757544224,0.8329864724245577,0.16656756354987368,0.002749770852428964,0.9995540359744314,0.9990206943979995,0.9999897546390935,0.13679645270839064,0.02321623746095903,convnext_tiny,gz2,soft_w,d4,224,full,bce,0,0,False,True
convnext_tiny_soft_w_d4_s224_full_bce_nfull_seed0,4,0.8,1.0,16549,0.34615545515394913,0.22859387274155538,0.7714061272584446,0.22853344612967552,0.00045829514207149406,0.9999395733881201,0.999867829764737,1.0,0.07967896009758509,0.00787917432136628,convnext_tiny,gz2,soft_w,d4,224,full,bce,0,0,False,True
convnext_tiny_soft_w_d4_s224_full_bce_nfull_seed1,0,0.0,0.2,5122,0.10713688085676037,0.4328387348691917,0.5671612651308082,0.11147989066770803,0.7634508348794063,0.6786411557985162,0.6773834172957052,0.7369206188760453,0.0836660334100741,0.2157096487726807,convnext_tiny,gz2,soft_w,d4,224,full,bce,0,1,False,True
convnext_tiny_soft_w_d4_s224_full_bce_nfull_seed1,1,0.2,0.4,5706,0.11935240963855422,0.38310550297932,0.61689449702068,0.3045916579039607,0.2077922077922078,0.9214861549246407,0.920847412251518,0.9758436304374948,0.26296283025392475,0.13261212072754594,convnext_tiny,gz2,soft_w,d4,224,full,bce,0,1,False,True
convnext_tiny_soft_w_d4_s224_full_bce_nfull_seed1,2,0.4,0.6,6977,0.14593791834002678,0.29281926329367924,0.7071807367063208,0.28479289092733273,0.025974025974025976,0.9919736276336535,0.98959287559069,0.9993127094584393,0.2363436816926841,0.06803163240288111,convnext_tiny,gz2,soft_w,d4,224,full,bce,0,1,False,True
convnext_tiny_soft_w_d4_s224_full_bce_nfull_seed1,3,0.6,0.8,13454,0.2814173360107095,0.16701352757544224,0.8329864724245577,0.16656756354987368,0.0027829313543599257,0.9995540359744314,0.9993765022806451,0.9999944405018337,0.1403807430334696,0.02411765666051853,convnext_tiny,gz2,soft_w,d4,224,full,bce,0,1,False,True
convnext_tiny_soft_w_d4_s224_full_bce_nfull_seed1,4,0.8,1.0,16549,0.34615545515394913,0.22859387274155538,0.7714061272584446,0.2285938727415554,0.0,1.0,1.0,1.0,0.08235498077398021,0.008331165832842177,convnext_tiny,gz2,soft_w,d4,224,full,bce,0,1,False,True
convnext_tiny_soft_w_d4_s224_full_bce_nfull_seed2,0,0.0,0.2,5122,0.10713688085676037,0.4328387348691917,0.5671612651308082,0.11245607184693485,0.7718720602069614,0.6796173369777431,0.672048099608952,0.731684363590065,0.08443241559582867,0.2152947185932937,convnext_tiny,gz2,soft_w,d4,224,full,bce,0,2,False,True
convnext_tiny_soft_w_d4_s224_full_bce_nfull_seed2,1,0.2,0.4,5706,0.11935240963855422,0.38310550297932,0.61689449702068,0.3091482649842271,0.1984948259642521,0.9260427620049071,0.9203798188887964,0.9786371693836814,0.267440956727041,0.13139494646349087,convnext_tiny,gz2,soft_w,d4,224,full,bce,0,2,False,True
convnext_tiny_soft_w_d4_s224_full_bce_nfull_seed2,2,0.4,0.6,6977,0.14593791834002678,0.29281926329367924,0.7071807367063208,0.2842195786154508,0.028222013170272814,0.9914003153217715,0.9889007240161418,0.999427241347907,0.23511361272121137,0.06769543398567542,convnext_tiny,gz2,soft_w,d4,224,full,bce,0,2,False,True
convnext_tiny_soft_w_d4_s224_full_bce_nfull_seed2,3,0.6,0.8,13454,0.2814173360107095,0.16701352757544224,0.8329864724245577,0.16679054556265804,0.0014111006585136407,0.9997770179872157,0.9993324432576769,0.9999995234715857,0.14022960939992987,0.024008264871343544,convnext_tiny,gz2,soft_w,d4,224,full,bce,0,2,False,True
convnext_tiny_soft_w_d4_s224_full_bce_nfull_seed2,4,0.8,1.0,16549,0.34615545515394913,0.22859387274155538,0.7714061272584446,0.2285938727415554,0.0,1.0,1.0,1.0,0.08217089629583332,0.008315120877318076,convnext_tiny,gz2,soft_w,d4,224,full,bce,0,2,False,True
deit3_small_hard_d4_s224_full_bce_nfull_seed0,0,0.0,0.2,5122,0.10713688085676037,0.4328387348691917,0.5671612651308082,0.08941819601718082,0.6960823110407598,0.656579461147989,0.6467174710828623,0.7061013433203139,0.1825502900550491,0.25149342200810004,deit3_small,gz2,hard,d4,224,full,bce,0,0,False,True
deit3_small_hard_d4_s224_full_bce_nfull_seed0,1,0.2,0.4,5706,0.11935240963855422,0.38310550297932,0.61689449702068,0.2749737118822292,0.24416303917688958,0.8918682089029092,0.8824523829327122,0.9553977272727273,0.01943733864414616,0.08000735446011156,deit3_small,gz2,hard,d4,224,full,bce,0,0,False,True
deit3_small_hard_d4_s224_full_bce_nfull_seed0,2,0.4,0.6,6977,0.14593791834002678,0.29281926329367924,0.7071807367063208,0.2747599254693994,0.04986149584487535,0.9819406621757202,0.9746122135735517,0.9979416997464922,0.010373821135135118,0.014354568287057792,deit3_small,gz2,hard,d4,224,full,bce,0,0,False,True
deit3_small_hard_d4_s224_full_bce_nfull_seed0,3,0.6,0.8,13454,0.2814173360107095,0.16701352757544224,0.8329864724245577,0.16522967147316792,0.009497427779976256,0.9982161438977256,0.995904873650675,0.9999366018655531,0.0021792870074149717,0.0013870684361018293,deit3_small,gz2,hard,d4,224,full,bce,0,0,False,True
deit3_small_hard_d4_s224_full_bce_nfull_seed0,4,0.8,1.0,16549,0.34615545515394913,0.22859387274155538,0.7714061272584446,0.22853344612967552,0.0003957261574990107,0.9999395733881201,0.999867829764737,0.9999999792933989,0.0002741785355913146,6.016042927883245e-05,deit3_small,gz2,hard,d4,224,full,bce,0,0,False,True
deit3_small_hard_d4_s224_full_bce_nfull_seed1,0,0.0,0.2,5122,0.10713688085676037,0.4328387348691917,0.5671612651308082,0.08688012495119102,0.7017821782178217,0.6540413900819992,0.645334556862672,0.7043089038931678,0.1715185692452791,0.24965713770634504,deit3_small,gz2,hard,d4,224,full,bce,0,1,False,True
deit3_small_hard_d4_s224_full_bce_nfull_seed1,1,0.2,0.4,5706,0.11935240963855422,0.38310550297932,0.61689449702068,0.27760252365930593,0.2384158415841584,0.8944970206799859,0.8866634523413457,0.9580498055809697,0.00757687939680227,0.07613672695375251,deit3_small,gz2,hard,d4,224,full,bce,0,1,False,True
deit3_small_hard_d4_s224_full_bce_nfull_seed1,2,0.4,0.6,6977,0.14593791834002678,0.29281926329367924,0.7071807367063208,0.2733266446896947,0.05386138613861386,0.9805073813960155,0.9734554365296907,0.9976235997000842,0.013386017813061393,0.015717950036810462,deit3_small,gz2,hard,d4,224,full,bce,0,1,False,True
deit3_small_hard_d4_s224_full_bce_nfull_seed1,3,0.6,0.8,13454,0.2814173360107095,0.16701352757544224,0.8329864724245577,0.1658986175115208,0.005940594059405941,0.9988850899360785,0.9982633517602899,0.9999753197992115,0.003108570709914378,0.0012689660370156907,deit3_small,gz2,hard,d4,224,full,bce,0,1,False,True
deit3_small_hard_d4_s224_full_bce_nfull_seed1,4,0.8,1.0,16549,0.34615545515394913,0.22859387274155538,0.7714061272584446,0.2285938727415554,0.0,1.0,1.0,0.9999999999999999,0.0003664103491668763,4.855853064487052e-05,deit3_small,gz2,hard,d4,224,full,bce,0,1,False,True
deit3_small_hard_d4_s224_full_bce_nfull_seed2,0,0.0,0.2,5122,0.10713688085676037,0.4328387348691917,0.5671612651308082,0.08531823506442804,0.7030015797788309,0.6524795001952363,0.6470555719883206,0.7107793245279592,0.18009091058756296,0.24950032503586764,deit3_small,gz2,hard,d4,224,full,bce,0,2,False,True
deit3_small_hard_d4_s224_full_bce_nfull_seed2,1,0.2,0.4,5706,0.11935240963855422,0.38310550297932,0.61689449702068,0.27479845776375744,0.24407582938388625,0.8916929547844374,0.8858643329451883,0.9565390943400149,0.014079961892334894,0.0787519790030026,deit3_small,gz2,hard,d4,224,full,bce,0,2,False,True
deit3_small_hard_d4_s224_full_bce_nfull_seed2,2,0.4,0.6,6977,0.14593791834002678,0.29281926329367924,0.7071807367063208,0.2760498781711337,0.0462085308056872,0.9832306148774544,0.9781054610035037,0.9979474040198957,0.011207974881913768,0.01396073096941186,deit3_small,gz2,hard,d4,224,full,bce,0,2,False,True
deit3_small_hard_d4_s224_full_bce_nfull_seed2,3,0.6,0.8,13454,0.2814173360107095,0.16701352757544224,0.8329864724245577,0.16582429017392597,0.00631911532385466,0.9988107625984837,0.9971513131395682,0.999979012894422,0.00248514070707778,0.001007166910434372,deit3_small,gz2,hard,d4,224,full,bce,0,2,False,True
deit3_small_hard_d4_s224_full_bce_nfull_seed2,4,0.8,1.0,16549,0.34615545515394913,0.22859387274155538,0.7714061272584446,0.22853344612967552,0.00039494470774091627,0.9999395733881201,0.999867829764737,0.9999999792933988,0.00024327805989841943,6.356753790769226e-05,deit3_small,gz2,hard,d4,224,full,bce,0,2,False,True
deit3_small_hard_d4_s224_full_bce_nfull_seed3,0,0.0,0.2,5122,0.10713688085676037,0.4328387348691917,0.5671612651308082,0.08297540023428351,0.6953822273961972,0.6501366653650917,0.6429604751889832,0.7060981602807906,0.20270495451802692,0.25989994243804504,deit3_small,gz2,hard,d4,224,full,bce,0,3,False,True
deit3_small_hard_d4_s224_full_bce_nfull_seed3,1,0.2,0.4,5706,0.11935240963855422,0.38310550297932,0.61689449702068,0.2753242201191728,0.23864959254947612,0.8922187171398528,0.8862037864925559,0.9558687645554353,0.027739999411746992,0.07944436451285918,deit3_small,gz2,hard,d4,224,full,bce,0,3,False,True
deit3_small_hard_d4_s224_full_bce_nfull_seed3,2,0.4,0.6,6977,0.14593791834002678,0.29281926329367924,0.7071807367063208,0.27160670775404905,0.05743112145906092,0.9787874444603698,0.9708053799135371,0.9979339121732368,0.008140376475379447,0.014450307265910107,deit3_small,gz2,hard,d4,224,full,bce,0,3,False,True
deit3_small_hard_d4_s224_full_bce_nfull_seed3,3,0.6,0.8,13454,0.2814173360107095,0.16701352757544224,0.8329864724245577,0.1656013081611417,0.007372914241365929,0.9985877805856994,0.997729083986505,0.99997827824645,0.0013643585336698145,0.001034516257191224,deit3_small,gz2,hard,d4,224,full,bce,0,3,False,True
deit3_small_hard_d4_s224_full_bce_nfull_seed3,4,0.8,1.0,16549,0.34615545515394913,0.22859387274155538,0.7714061272584446,0.22841259290591576,0.0011641443538998836,0.9998187201643604,0.9997894966925138,0.9999999378801964,0.00025663902514820125,9.728034735503681e-05,deit3_small,gz2,hard,d4,224,full,bce,0,3,False,True
deit3_small_hard_d4_s224_full_bce_nfull_seed4,0,0.0,0.2,5122,0.10713688085676037,0.4328387348691917,0.5671612651308082,0.09176103084732534,0.7055735056542811,0.6589222959781336,0.6528956731623964,0.7070315672122086,0.17070086696737263,0.24861120216082758,deit3_small,gz2,hard,d4,224,full,bce,0,4,False,True
deit3_small_hard_d4_s224_full_bce_nfull_seed4,1,0.2,0.4,5706,0.11935240963855422,0.38310550297932,0.61689449702068,0.2819838766211006,0.23303715670436187,0.8988783736417806,0.8929017560093155,0.957726142081843,0.010706500876652258,0.07617479989510384,deit3_small,gz2,hard,d4,224,full,bce,0,4,False,True
deit3_small_hard_d4_s224_full_bce_nfull_seed4,2,0.4,0.6,6977,0.14593791834002678,0.29281926329367924,0.7071807367063208,0.27318331661172424,0.05533117932148627,0.980364053318045,0.9747881036038906,0.997729550378258,0.010732860007394157,0.014988865725275155,deit3_small,gz2,hard,d4,224,full,bce,0,4,False,True
deit3_small_hard_d4_s224_full_bce_nfull_seed4,3,0.6,0.8,13454,0.2814173360107095,0.16701352757544224,0.8329864724245577,0.1658986175115208,0.006058158319870759,0.9988850899360785,0.9979075438776444,0.9999666033003007,0.002375369877485735,0.0011904979747617284,deit3_small,gz2,hard,d4,224,full,bce,0,4,False,True
deit3_small_hard_d4_s224_full_bce_nfull_seed4,4,0.8,1.0,16549,0.34615545515394913,0.22859387274155538,0.7714061272584446,0.2285938727415554,0.0,1.0,1.0,1.0,0.00033111084320880835,4.615367625055812e-05,deit3_small,gz2,hard,d4,224,full,bce,0,4,False,True
deit3_small_soft_d4_s224_full_bce_nfull_seed0,0,0.0,0.2,5122,0.10713688085676037,0.4328387348691917,0.5671612651308082,0.10679422100741898,0.7577132486388385,0.6739554861382272,0.6725582399188869,0.7289078215044597,0.07746125355781829,0.21686898912897934,deit3_small,gz2,soft,d4,224,full,bce,0,0,False,True
deit3_small_soft_d4_s224_full_bce_nfull_seed0,1,0.2,0.4,5706,0.11935240963855422,0.38310550297932,0.61689449702068,0.3014370837714686,0.21143375680580762,0.9183315807921486,0.9164702549280546,0.9727548240871662,0.26132853933480427,0.1343899508839316,deit3_small,gz2,soft,d4,224,full,bce,0,0,False,True
deit3_small_soft_d4_s224_full_bce_nfull_seed0,2,0.4,0.6,6977,0.14593791834002678,0.29281926329367924,0.7071807367063208,0.28364626630356893,0.029038112522686024,0.9908270030098897,0.9882085724415937,0.9991990704117653,0.23840652993708417,0.07004199607196823,deit3_small,gz2,soft,d4,224,full,bce,0,0,False,True
deit3_small_soft_d4_s224_full_bce_nfull_seed0,3,0.6,0.8,13454,0.2814173360107095,0.16701352757544224,0.8329864724245577,0.16679054556265804,0.0013611615245009074,0.9997770179872157,0.9996882511403226,0.9999938448413158,0.1428523330585274,0.024882780201345163,deit3_small,gz2,soft,d4,224,full,bce,0,0,False,True
deit3_small_soft_d4_s224_full_bce_nfull_seed0,4,0.8,1.0,16549,0.34615545515394913,0.22859387274155538,0.7714061272584446,0.22853344612967552,0.00045372050816696913,0.9999395733881201,0.999867829764737,0.9999999585867977,0.0836641913886216,0.008714150619906937,deit3_small,gz2,soft,d4,224,full,bce,0,0,False,True
deit3_small_soft_d4_s224_full_bce_nfull_seed1,0,0.0,0.2,5122,0.10713688085676037,0.4328387348691917,0.5671612651308082,0.09839906286606803,0.7626892252894034,0.6655603279968763,0.6629138630687452,0.7249495177695122,0.07209850777462791,0.2179947490812096,deit3_small,gz2,soft,d4,224,full,bce,0,1,False,True
deit3_small_soft_d4_s224_full_bce_nfull_seed1,1,0.2,0.4,5706,0.11935240963855422,0.38310550297932,0.61689449702068,0.301086575534525,0.20837043633125557,0.917981072555205,0.9156660671213508,0.9727175907635365,0.2634909523241653,0.13579279245753587,deit3_small,gz2,soft,d4,224,full,bce,0,1,False,True
deit3_small_soft_d4_s224_full_bce_nfull_seed1,2,0.4,0.6,6977,0.14593791834002678,0.29281926329367924,0.7071807367063208,0.2845062347713917,0.025823686553873553,0.9916869714777125,0.9892467998034158,0.9990443605965856,0.24159527083057142,0.07119414207681803,deit3_small,gz2,soft,d4,224,full,bce,0,1,False,True
deit3_small_soft_d4_s224_full_bce_nfull_seed1,3,0.6,0.8,13454,0.2814173360107095,0.16701352757544224,0.8329864724245577,0.16656756354987368,0.0026714158504007124,0.9995540359744314,0.9991985983393223,0.9999939044073676,0.14213971121609656,0.024972022821589973,deit3_small,gz2,soft,d4,224,full,bce,0,1,False,True
deit3_small_soft_d4_s224_full_bce_nfull_seed1,4,0.8,1.0,16549,0.34615545515394913,0.22859387274155538,0.7714061272584446,0.22853344612967552,0.0004452359750667854,0.9999395733881201,0.9999608334638885,1.0,0.0828736253453953,0.008508177233251292,deit3_small,gz2,soft,d4,224,full,bce,0,1,False,True
deit3_small_soft_d4_s224_full_bce_nfull_seed2,0,0.0,0.2,5122,0.10713688085676037,0.4328387348691917,0.5671612651308082,0.10347520499804774,0.7599099099099099,0.670636470128856,0.666267234024053,0.7280685083267537,0.0753703423743367,0.21666534789925593,deit3_small,gz2,soft,d4,224,full,bce,0,2,False,True
deit3_small_soft_d4_s224_full_bce_nfull_seed2,1,0.2,0.4,5706,0.11935240963855422,0.38310550297932,0.61689449702068,0.30354013319313,0.2045045045045045,0.92043463021381,0.9166145096897613,0.9743646292522665,0.26390552300081066,0.13395878086016136,deit3_small,gz2,soft,d4,224,full,bce,0,2,False,True
deit3_small_soft_d4_s224_full_bce_nfull_seed2,2,0.4,0.6,6977,0.14593791834002678,0.29281926329367924,0.7071807367063208,0.2824996416798051,0.032432432432432434,0.9896803783861259,0.9858204659806062,0.9992096853205334,0.23791115044836278,0.07052267595042197,deit3_small,gz2,soft,d4,224,full,bce,0,2,False,True
deit3_small_soft_d4_s224_full_bce_nfull_seed2,3,0.6,0.8,13454,0.2814173360107095,0.16701352757544224,0.8329864724245577,0.16649323621227896,0.003153153153153153,0.9994797086368367,0.9989760794252146,0.9999840362981224,0.14253890902630215,0.025023493426000357,deit3_small,gz2,soft,d4,224,full,bce,0,2,False,True
deit3_small_soft_d4_s224_full_bce_nfull_seed2,4,0.8,1.0,16549,0.34615545515394913,0.22859387274155538,0.7714061272584446,0.2285938727415554,0.0,1.0,1.0,1.0,0.08381834293253791,0.008720291776075112,deit3_small,gz2,soft,d4,224,full,bce,0,2,False,True
deit3_small_soft_d4_s224_full_bce_nfull_seed3,0,0.0,0.2,5122,0.10713688085676037,0.4328387348691917,0.5671612651308082,0.10718469347910975,0.74497543546226,0.674345958609918,0.673276364689378,0.7302447757393387,0.08130746849873295,0.2175217933662019,deit3_small,gz2,soft,d4,224,full,bce,0,3,False,True
deit3_small_soft_d4_s224_full_bce_nfull_seed3,1,0.2,0.4,5706,0.11935240963855422,0.38310550297932,0.61689449702068,0.29635471433578686,0.22108083966056274,0.9132492113564669,0.9129577164601181,0.9727086235756467,0.2589648404389443,0.13607511294259286,deit3_small,gz2,soft,d4,224,full,bce,0,3,False,True
deit3_small_soft_d4_s224_full_bce_nfull_seed3,2,0.4,0.6,6977,0.14593791834002678,0.29281926329367924,0.7071807367063208,0.28307295399168697,0.030370701205895488,0.9902536906980077,0.9880900227595548,0.9993818551725656,0.24233850128377374,0.07218040513063799,deit3_small,gz2,soft,d4,224,full,bce,0,3,False,True
deit3_small_soft_d4_s224_full_bce_nfull_seed3,3,0.6,0.8,13454,0.2814173360107095,0.16701352757544224,0.8329864724245577,0.16649323621227896,0.0031263957123715946,0.9994797086368367,0.9991539833665375,0.9999818919202582,0.1455825564003091,0.026017177422842333,deit3_small,gz2,soft,d4,224,full,bce,0,3,False,True
deit3_small_soft_d4_s224_full_bce_nfull_seed3,4,0.8,1.0,16549,0.34615545515394913,0.22859387274155538,0.7714061272584446,0.22853344612967552,0.00044662795891022776,0.9999395733881201,0.9999608334638885,1.0,0.08554022593149202,0.009094005022351881,deit3_small,gz2,soft,d4,224,full,bce,0,3,False,True
deit3_small_soft_d4_s224_full_bce_nfull_seed4,0,0.0,0.2,5122,0.10713688085676037,0.4328387348691917,0.5671612651308082,0.09547051932838735,0.7513043478260869,0.6626317844591956,0.6657268160210918,0.7267060121405786,0.06615318502534048,0.21837923810293833,deit3_small,gz2,soft,d4,224,full,bce,0,4,False,True
deit3_small_soft_d4_s224_full_bce_nfull_seed4,1,0.2,0.4,5706,0.11935240963855422,0.38310550297932,0.61689449702068,0.29635471433578686,0.21521739130434783,0.9132492113564669,0.9158182493969891,0.9742582576104134,0.25615147847252645,0.1347202773701714,deit3_small,gz2,soft,d4,224,full,bce,0,4,False,True
deit3_small_soft_d4_s224_full_bce_nfull_seed4,2,0.4,0.6,6977,0.14593791834002678,0.29281926329367924,0.7071807367063208,0.2829296259137165,0.03,0.9901103626200373,0.9889924884143727,0.9990901435909463,0.23675692587037966,0.07014216579135016,deit3_small,gz2,soft,d4,224,full,bce,0,4,False,True
deit3_small_soft_d4_s224_full_bce_nfull_seed4,3,0.6,0.8,13454,0.2814173360107095,0.16701352757544224,0.8329864724245577,0.16649323621227896,0.003043478260869565,0.9994797086368367,0.9991539833665375,0.9999952148605068,0.13870759791139,0.024094185778526057,deit3_small,gz2,soft,d4,224,full,bce,0,4,False,True
deit3_small_soft_d4_s224_full_bce_nfull_seed4,4,0.8,1.0,16549,0.34615545515394913,0.22859387274155538,0.7714061272584446,0.22853344612967552,0.0004347826086956522,0.9999395733881201,0.9999608334638885,0.9999999792933987,0.07892891230125018,0.007909723101854409,deit3_small,gz2,soft,d4,224,full,bce,0,4,False,True
densenet121_hard_d4_s224_full_bce_nfull_seed0,0,0.0,0.2,5122,0.10713688085676037,0.4328387348691917,0.5671612651308082,0.09117532213978918,0.7096512570965126,0.6583365872705974,0.6511508240578785,0.7127622028807283,0.16304554216287281,0.24318120899469722,densenet121,gz2,hard,d4,224,full,bce,0,0,False,True
densenet121_hard_d4_s224_full_bce_nfull_seed0,1,0.2,0.4,5706,0.11935240963855422,0.38310550297932,0.61689449702068,0.2791798107255521,0.24047039740470397,0.8960743077462321,0.8886353239624054,0.9590890246818597,0.008171826661542644,0.07557789924386116,densenet121,gz2,hard,d4,224,full,bce,0,0,False,True
densenet121_hard_d4_s224_full_bce_nfull_seed0,2,0.4,0.6,6977,0.14593791834002678,0.29281926329367924,0.7071807367063208,0.2779131431847499,0.042173560421735604,0.9850938798910707,0.9804266538573487,0.9978693794802107,0.01452110625775106,0.013185142000466507,densenet121,gz2,hard,d4,224,full,bce,0,0,False,True
densenet121_hard_d4_s224_full_bce_nfull_seed0,3,0.6,0.8,13454,0.2814173360107095,0.16701352757544224,0.8329864724245577,0.16567563549873654,0.0072992700729927005,0.9986621079232942,0.9967062753113527,0.9999808197313262,0.0022474978862756555,0.001177257445178257,densenet121,gz2,hard,d4,224,full,bce,0,0,False,True
densenet121_hard_d4_s224_full_bce_nfull_seed0,4,0.8,1.0,16549,0.34615545515394913,0.22859387274155538,0.7714061272584446,0.22853344612967552,0.00040551500405515005,0.9999395733881201,0.999867829764737,0.9999987576039299,0.00024334715041183784,0.00010904730618741535,densenet121,gz2,hard,d4,224,full,bce,0,0,False,True
densenet121_hard_d4_s224_full_bce_nfull_seed1,0,0.0,0.2,5122,0.10713688085676037,0.4328387348691917,0.5671612651308082,0.09215150331901611,0.6968849840255591,0.6593127684498243,0.646670113665565,0.7095239647940301,0.15233572565944578,0.23994077652826815,densenet121,gz2,hard,d4,224,full,bce,0,1,False,True
densenet121_hard_d4_s224_full_bce_nfull_seed1,1,0.2,0.4,5706,0.11935240963855422,0.38310550297932,0.61689449702068,0.2760252365930599,0.24400958466453673,0.8929197336137399,0.8817443649671464,0.9596985985195043,0.013066845718675677,0.07553479050254613,densenet121,gz2,hard,d4,224,full,bce,0,1,False,True
densenet121_hard_d4_s224_full_bce_nfull_seed1,2,0.4,0.6,6977,0.14593791834002678,0.29281926329367924,0.7071807367063208,0.2747599254693994,0.050319488817891375,0.9819406621757202,0.9743254126272971,0.9978985952805124,0.01682585044092485,0.015461022010056719,densenet121,gz2,hard,d4,224,full,bce,0,1,False,True
densenet121_hard_d4_s224_full_bce_nfull_seed1,3,0.6,0.8,13454,0.2814173360107095,0.16701352757544224,0.8329864724245577,0.16545265348595217,0.008386581469648562,0.9984391259105099,0.9963945264516754,0.9999843142730307,0.003270196964643873,0.0014135585513613813,densenet121,gz2,hard,d4,224,full,bce,0,1,False,True
densenet121_hard_d4_s224_full_bce_nfull_seed1,4,0.8,1.0,16549,0.34615545515394913,0.22859387274155538,0.7714061272584446,0.22853344612967552,0.00039936102236421724,0.9999395733881201,0.999867829764737,0.9999999792933988,0.0005434466594895653,7.98661165098578e-05,densenet121,gz2,hard,d4,224,full,bce,0,1,False,True
densenet121_hard_d4_s224_full_bce_nfull_seed2,0,0.0,0.2,5122,0.10713688085676037,0.4328387348691917,0.5671612651308082,0.08668488871534563,0.7242647058823529,0.6538461538461539,0.6472455451032819,0.7084368403441719,0.162074985181417,0.24516972370645843,densenet121,gz2,hard,d4,224,full,bce,0,2,False,True
densenet121_hard_d4_s224_full_bce_nfull_seed2,1,0.2,0.4,5706,0.11935240963855422,0.38310550297932,0.61689449702068,0.28636522958289523,0.22549019607843138,0.9032597266035752,0.8964528923729518,0.9597031470930716,0.01374419926759641,0.07407092100843127,densenet121,gz2,hard,d4,224,full,bce,0,2,False,True
densenet121_hard_d4_s224_full_bce_nfull_seed2,2,0.4,0.6,6977,0.14593791834002678,0.29281926329367924,0.7071807367063208,0.2771965027948975,0.044526143790849675,0.9843772395012182,0.9783425603675814,0.9981539483194813,0.01443342652431184,0.013217850797743099,densenet121,gz2,hard,d4,224,full,bce,0,2,False,True
densenet121_hard_d4_s224_full_bce_nfull_seed2,3,0.6,0.8,13454,0.2814173360107095,0.16701352757544224,0.8329864724245577,0.16604727218671034,0.0053104575163398695,0.999033744611268,0.9979967738232141,0.999986696915102,0.0029238668484087103,0.0009954871267442002,densenet121,gz2,hard,d4,224,full,bce,0,2,False,True
densenet121_hard_d4_s224_full_bce_nfull_seed2,4,0.8,1.0,16549,0.34615545515394913,0.22859387274155538,0.7714061272584446,0.22853344612967552,0.0004084967320261438,0.9999395733881201,0.999867829764737,0.9999998964669942,0.0002478738570873351,7.908151345936344e-05,densenet121,gz2,hard,d4,224,full,bce,0,2,False,True
densenet121_hard_d4_s224_full_bce_nfull_seed3,0,0.0,0.2,5122,0.10713688085676037,0.4328387348691917,0.5671612651308082,0.10308473252635697,0.7102607232968882,0.6702459976571652,0.6617033764285831,0.7177199033908688,0.1408400788300389,0.23592276355073075,densenet121,gz2,hard,d4,224,full,bce,0,3,False,True
densenet121_hard_d4_s224_full_bce_nfull_seed3,1,0.2,0.4,5706,0.11935240963855422,0.38310550297932,0.61689449702068,0.2844374342797056,0.23675357443229605,0.9013319313003856,0.8930700532313067,0.9619340924686017,0.01066278782604399,0.07277613806508479,densenet121,gz2,hard,d4,224,full,bce,0,3,False,True
densenet121_hard_d4_s224_full_bce_nfull_seed3,2,0.4,0.6,6977,0.14593791834002678,0.29281926329367924,0.7071807367063208,0.2767665185609861,0.04709840201850295,0.9839472552673069,0.9781819478694886,0.9981639679997206,0.01652388332020471,0.013458114503782037,densenet121,gz2,hard,d4,224,full,bce,0,3,False,True
densenet121_hard_d4_s224_full_bce_nfull_seed3,3,0.6,0.8,13454,0.2814173360107095,0.16701352757544224,0.8329864724245577,0.16619592686189988,0.004625735912531539,0.9991823992864576,0.9986197155927523,0.99996791375344,0.003179643716522745,0.0009793974950092692,densenet121,gz2,hard,d4,224,full,bce,0,3,False,True
densenet121_hard_d4_s224_full_bce_nfull_seed3,4,0.8,1.0,16549,0.34615545515394913,0.22859387274155538,0.7714061272584446,0.22841259290591576,0.001261564339781329,0.9998187201643604,0.999603489294211,0.9999995030415719,0.0003025390099509244,0.00011998481923216885,densenet121,gz2,hard,d4,224,full,bce,0,3,False,True
densenet121_hard_d4_s224_full_bce_nfull_seed4,0,0.0,0.2,5122,0.10713688085676037,0.4328387348691917,0.5671612651308082,0.09293244826239755,0.7031502423263328,0.6600937133932058,0.6507770110016715,0.7106093036363509,0.15805551502445808,0.24256183134658188,densenet121,gz2,hard,d4,224,full,bce,0,4,False,True
densenet121_hard_d4_s224_full_bce_nfull_seed4,1,0.2,0.4,5706,0.11935240963855422,0.38310550297932,0.61689449702068,0.27830354013319314,0.24151857835218093,0.8951980371538731,0.886538171629377,0.9593038473134826,0.010149497964956516,0.07601628564828287,densenet121,gz2,hard,d4,224,full,bce,0,4,False,True
densenet121_hard_d4_s224_full_bce_nfull_seed4,2,0.4,0.6,6977,0.14593791834002678,0.29281926329367924,0.7071807367063208,0.2760498781711337,0.047253634894991924,0.9832306148774544,0.9769582572184852,0.9981243853025378,0.014998718955440098,0.014144197425860197,densenet121,gz2,hard,d4,224,full,bce,0,4,False,True
densenet121_hard_d4_s224_full_bce_nfull_seed4,3,0.6,0.8,13454,0.2814173360107095,0.16701352757544224,0.8329864724245577,0.1656013081611417,0.007673667205169628,0.9985877805856994,0.9968395642798906,0.9999667621431056,0.00290094018908084,0.0010842006313651672,densenet121,gz2,hard,d4,224,full,bce,0,4,False,True
densenet121_hard_d4_s224_full_bce_nfull_seed4,4,0.8,1.0,16549,0.34615545515394913,0.22859387274155538,0.7714061272584446,0.22853344612967552,0.0004038772213247173,0.9999395733881201,0.999867829764737,0.9999997929339883,0.00034890125363521205,9.066412272806771e-05,densenet121,gz2,hard,d4,224,full,bce,0,4,False,True
densenet121_soft_d4_s224_full_bce_nfull_seed0,0,0.0,0.2,5122,0.10713688085676037,0.4328387348691917,0.5671612651308082,0.1001561889886764,0.7706919945725916,0.6673174541194846,0.6625934629684406,0.7273657553081067,0.073921397879679,0.21703020884801358,densenet121,gz2,soft,d4,224,full,bce,0,0,False,True
densenet121_soft_d4_s224_full_bce_nfull_seed0,1,0.2,0.4,5706,0.11935240963855422,0.38310550297932,0.61689449702068,0.3045916579039607,0.2026232473993668,0.9214861549246407,0.9185936590285286,0.9756055451010562,0.26470942422290605,0.13361041862486608,densenet121,gz2,soft,d4,224,full,bce,0,0,False,True
densenet121_soft_d4_s224_full_bce_nfull_seed0,2,0.4,0.6,6977,0.14593791834002678,0.29281926329367924,0.7071807367063208,0.28507954708327365,0.024423337856173677,0.9922602837895944,0.9905125532704733,0.9993759524896524,0.23831016224604354,0.06911148132151233,densenet121,gz2,soft,d4,224,full,bce,0,0,False,True
densenet121_soft_d4_s224_full_bce_nfull_seed0,3,0.6,0.8,13454,0.2814173360107095,0.16701352757544224,0.8329864724245577,0.1666418908874685,0.002261420171867933,0.9996283633120262,0.9990653093707844,0.9999912636457386,0.1400357605973891,0.02422555741679331,densenet121,gz2,soft,d4,224,full,bce,0,0,False,True
densenet121_soft_d4_s224_full_bce_nfull_seed0,4,0.8,1.0,16549,0.34615545515394913,0.22859387274155538,0.7714061272584446,0.2285938727415554,0.0,1.0,1.0,1.0,0.08199981977313679,0.008329102612821925,densenet121,gz2,soft,d4,224,full,bce,0,0,False,True
densenet121_soft_d4_s224_full_bce_nfull_seed1,0,0.0,0.2,5122,0.10713688085676037,0.4328387348691917,0.5671612651308082,0.0987895353377587,0.7537444933920705,0.6659508004685669,0.665821919031238,0.7266973170082224,0.06715429591561195,0.2169202357593427,densenet121,gz2,soft,d4,224,full,bce,0,1,False,True
densenet121_soft_d4_s224_full_bce_nfull_seed1,1,0.2,0.4,5706,0.11935240963855422,0.38310550297932,0.61689449702068,0.2989835261128636,0.21145374449339208,0.9158780231335436,0.9149150326457622,0.9734821410005822,0.2556742870213273,0.1325676194893443,densenet121,gz2,soft,d4,224,full,bce,0,1,False,True
densenet121_soft_d4_s224_full_bce_nfull_seed1,2,0.4,0.6,6977,0.14593791834002678,0.29281926329367924,0.7071807367063208,0.2824996416798051,0.03171806167400881,0.9896803783861259,0.9869676697656249,0.9991155400081864,0.23052205870661366,0.06715783083512819,densenet121,gz2,soft,d4,224,full,bce,0,1,False,True
densenet121_soft_d4_s224_full_bce_nfull_seed1,3,0.6,0.8,13454,0.2814173360107095,0.16701352757544224,0.8329864724245577,0.16656756354987368,0.0026431718061674008,0.9995540359744314,0.9991985983393223,0.9999589391349716,0.13631448652639586,0.02310220549214134,densenet121,gz2,soft,d4,224,full,bce,0,1,False,True
densenet121_soft_d4_s224_full_bce_nfull_seed1,4,0.8,1.0,16549,0.34615545515394913,0.22859387274155538,0.7714061272584446,0.22853344612967552,0.0004405286343612335,0.9999395733881201,0.999867829764737,0.9999999585867976,0.07906767487151362,0.007803720548029492,densenet121,gz2,soft,d4,224,full,bce,0,1,False,True
densenet121_soft_d4_s224_full_bce_nfull_seed2,0,0.0,0.2,5122,0.10713688085676037,0.4328387348691917,0.5671612651308082,0.11265130808278023,0.7540229885057471,0.6798125732135885,0.6705110020596594,0.7338305085798442,0.0827236605901962,0.21453586283688506,densenet121,gz2,soft,d4,224,full,bce,0,2,False,True
densenet121_soft_d4_s224_full_bce_nfull_seed2,1,0.2,0.4,5706,0.11935240963855422,0.38310550297932,0.61689449702068,0.3024886084822993,0.21149425287356322,0.9193831055029793,0.9125549727605423,0.9743592359436081,0.2585748190675916,0.13157501833274282,densenet121,gz2,soft,d4,224,full,bce,0,2,False,True
densenet121_soft_d4_s224_full_bce_nfull_seed2,2,0.4,0.6,6977,0.14593791834002678,0.29281926329367924,0.7071807367063208,0.28321628206965743,0.030804597701149426,0.9903970187759782,0.9866139552122277,0.9995504536534234,0.23211058010293129,0.0670774191379708,densenet121,gz2,soft,d4,224,full,bce,0,2,False,True
densenet121_soft_d4_s224_full_bce_nfull_seed2,3,0.6,0.8,13454,0.2814173360107095,0.16701352757544224,0.8329864724245577,0.16641890887468413,0.0036781609195402297,0.9994053812992418,0.9987535605111069,0.9999827854110349,0.13749064228070898,0.023604713790480753,densenet121,gz2,soft,d4,224,full,bce,0,2,False,True
densenet121_soft_d4_s224_full_bce_nfull_seed2,4,0.8,1.0,16549,0.34615545515394913,0.22859387274155538,0.7714061272584446,0.2285938727415554,0.0,1.0,1.0,1.0,0.08064345909349309,0.008094876616770474,densenet121,gz2,soft,d4,224,full,bce,0,2,False,True
densenet121_soft_d4_s224_full_bce_nfull_seed3,0,0.0,0.2,5122,0.10713688085676037,0.4328387348691917,0.5671612651308082,0.10601327606403754,0.7591836734693878,0.6731745411948458,0.6703742089952698,0.7285503894565308,0.08009994106511964,0.21736742088285718,densenet121,gz2,soft,d4,224,full,bce,0,3,False,True
densenet121_soft_d4_s224_full_bce_nfull_seed3,1,0.2,0.4,5706,0.11935240963855422,0.38310550297932,0.61689449702068,0.3038906414300736,0.20498866213151928,0.9207851384507536,0.9192390366381102,0.9742852241537054,0.2658052208059416,0.13507253458920315,densenet121,gz2,soft,d4,224,full,bce,0,3,False,True
densenet121_soft_d4_s224_full_bce_nfull_seed3,2,0.4,0.6,6977,0.14593791834002678,0.29281926329367924,0.7071807367063208,0.28278629783574605,0.031746031746031744,0.9899670345420668,0.9881741483916627,0.9992573532052361,0.23819103933335786,0.07033968645712774,densenet121,gz2,soft,d4,224,full,bce,0,3,False,True
densenet121_soft_d4_s224_full_bce_nfull_seed3,3,0.6,0.8,13454,0.2814173360107095,0.16701352757544224,0.8329864724245577,0.16641890887468413,0.0036281179138321997,0.9994053812992418,0.9989314644524298,0.9999930109165909,0.14159309743056706,0.02491507899043284,densenet121,gz2,soft,d4,224,full,bce,0,3,False,True
densenet121_soft_d4_s224_full_bce_nfull_seed3,4,0.8,1.0,16549,0.34615545515394913,0.22859387274155538,0.7714061272584446,0.22853344612967552,0.00045351473922902497,0.9999395733881201,0.999867829764737,0.9999999171735954,0.08173031865230417,0.008392026480597241,densenet121,gz2,soft,d4,224,full,bce,0,3,False,True
densenet121_soft_d4_s224_full_bce_nfull_seed4,0,0.0,0.2,5122,0.10713688085676037,0.4328387348691917,0.5671612651308082,0.10718469347910975,0.7599088838268793,0.674345958609918,0.6701784132470341,0.7300603923523205,0.08104209059886476,0.21690411455139677,densenet121,gz2,soft,d4,224,full,bce,0,4,False,True
densenet121_soft_d4_s224_full_bce_nfull_seed4,1,0.2,0.4,5706,0.11935240963855422,0.38310550297932,0.61689449702068,0.30406589554854535,0.20546697038724374,0.9209603925692254,0.918774302378774,0.9753492654703484,0.2641268518700794,0.1335803719964725,densenet121,gz2,soft,d4,224,full,bce,0,4,False,True
densenet121_soft_d4_s224_full_bce_nfull_seed4,2,0.4,0.6,6977,0.14593791834002678,0.29281926329367924,0.7071807367063208,0.2833596101476279,0.030068337129840545,0.9905403468539487,0.9891531009124654,0.9991865706126548,0.23714318624978611,0.06957845700822664,densenet121,gz2,soft,d4,224,full,bce,0,4,False,True
densenet121_soft_d4_s224_full_bce_nfull_seed4,3,0.6,0.8,13454,0.2814173360107095,0.16701352757544224,0.8329864724245577,0.16641890887468413,0.0036446469248291574,0.9994053812992418,0.9991093683937526,0.9999737512265147,0.14113589537112473,0.02462184288249192,densenet121,gz2,soft,d4,224,full,bce,0,4,False,True
densenet121_soft_d4_s224_full_bce_nfull_seed4,4,0.8,1.0,16549,0.34615545515394913,0.22859387274155538,0.7714061272584446,0.22847301951779564,0.0009111617312072893,0.9998791467762402,0.9998286632286255,0.9999999792933988,0.08289666297381883,0.008558426747171877,densenet121,gz2,soft,d4,224,full,bce,0,4,False,True
effnetv2_s_hard_d4_s224_full_bce_nfull_seed0,0,0.0,0.2,5122,0.10713688085676037,0.4328387348691917,0.5671612651308082,0.08395158141351045,0.7096902303415409,0.6511128465443187,0.6467053600056518,0.7060832543396085,0.14639264260968776,0.24094459969784085,effnetv2_s,gz2,hard,d4,224,full,bce,0,0,False,True
effnetv2_s_hard_d4_s224_full_bce_nfull_seed0,1,0.2,0.4,5706,0.11935240963855422,0.38310550297932,0.61689449702068,0.27900455660708023,0.23590150913423352,0.8958990536277602,0.8915271770772686,0.9585587259835315,0.014101484581685956,0.07703737769727136,effnetv2_s,gz2,hard,d4,224,full,bce,0,0,False,True
effnetv2_s_hard_d4_s224_full_bce_nfull_seed0,2,0.4,0.6,6977,0.14593791834002678,0.29281926329367924,0.7071807367063208,0.2767665185609861,0.04447974583002383,0.9839472552673069,0.9809065568589077,0.9984502233198237,0.022080617123581274,0.014095381471959779,effnetv2_s,gz2,hard,d4,224,full,bce,0,0,False,True
effnetv2_s_hard_d4_s224_full_bce_nfull_seed0,3,0.6,0.8,13454,0.2814173360107095,0.16701352757544224,0.8329864724245577,0.16537832614835746,0.008737092930897538,0.9983647985729152,0.9963499114788905,0.9999577081032347,0.003273744932147801,0.0014562630499523352,effnetv2_s,gz2,hard,d4,224,full,bce,0,0,False,True
effnetv2_s_hard_d4_s224_full_bce_nfull_seed0,4,0.8,1.0,16549,0.34615545515394913,0.22859387274155538,0.7714061272584446,0.22841259290591576,0.0011914217633042098,0.9998187201643604,0.9997894966925138,0.9999993166821614,0.0003438471165428478,0.0001546969445364423,effnetv2_s,gz2,hard,d4,224,full,bce,0,0,False,True
effnetv2_s_hard_d4_s224_full_bce_nfull_seed1,0,0.0,0.2,5122,0.10713688085676037,0.4328387348691917,0.5671612651308082,0.08395158141351045,0.704930966469428,0.6511128465443187,0.6525273721990223,0.7140959740760839,0.15146295165548496,0.24363967895373778,effnetv2_s,gz2,hard,d4,224,full,bce,0,1,False,True
effnetv2_s_hard_d4_s224_full_bce_nfull_seed1,1,0.2,0.4,5706,0.11935240963855422,0.38310550297932,0.61689449702068,0.2739221871713985,0.2457593688362919,0.8908166841920785,0.8928688763203859,0.9600592354237711,0.011888779438665982,0.07919209091692904,effnetv2_s,gz2,hard,d4,224,full,bce,0,1,False,True
effnetv2_s_hard_d4_s224_full_bce_nfull_seed1,2,0.4,0.6,6977,0.14593791834002678,0.29281926329367924,0.7071807367063208,0.27733983087286795,0.04260355029585799,0.9845205675791887,0.9834629145841108,0.9982193738553011,0.022472289438841886,0.013573137269410415,effnetv2_s,gz2,hard,d4,224,full,bce,0,1,False,True
effnetv2_s_hard_d4_s224_full_bce_nfull_seed1,3,0.6,0.8,13454,0.2814173360107095,0.16701352757544224,0.8329864724245577,0.16582429017392597,0.00631163708086785,0.9988107625984837,0.9978629289048595,0.9999692639172804,0.0035993897557897677,0.001229749456987209,effnetv2_s,gz2,hard,d4,224,full,bce,0,1,False,True
effnetv2_s_hard_d4_s224_full_bce_nfull_seed1,4,0.8,1.0,16549,0.34615545515394913,0.22859387274155538,0.7714061272584446,0.22853344612967552,0.0003944773175542406,0.9999395733881201,0.999867829764737,0.9999997722273871,0.0003646696265891158,8.713448317590445e-05,effnetv2_s,gz2,hard,d4,224,full,bce,0,1,False,True
effnetv2_s_hard_d4_s224_full_bce_nfull_seed2,0,0.0,0.2,5122,0.10713688085676037,0.4328387348691917,0.5671612651308082,0.0962514642717689,0.6937625754527162,0.6634127294025771,0.6564270614256756,0.7107602262908196,0.13096167784398197,0.23473373523292262,effnetv2_s,gz2,hard,d4,224,full,bce,0,2,False,True
effnetv2_s_hard_d4_s224_full_bce_nfull_seed2,1,0.2,0.4,5706,0.11935240963855422,0.38310550297932,0.61689449702068,0.2756747283561164,0.24668008048289738,0.8925692253767964,0.8855343664226898,0.9557850708017965,0.015553666058488713,0.0796090142894088,effnetv2_s,gz2,hard,d4,224,full,bce,0,2,False,True
effnetv2_s_hard_d4_s224_full_bce_nfull_seed2,2,0.4,0.6,6977,0.14593791834002678,0.29281926329367924,0.7071807367063208,0.2747599254693994,0.05070422535211268,0.9819406621757202,0.9750424149929336,0.9981051891824755,0.023447372720260574,0.014881039580870148,effnetv2_s,gz2,hard,d4,224,full,bce,0,2,False,True
effnetv2_s_hard_d4_s224_full_bce_nfull_seed2,3,0.6,0.8,13454,0.2814173360107095,0.16701352757544224,0.8329864724245577,0.16545265348595217,0.008450704225352112,0.9984391259105099,0.9960387185690296,0.9999856842922217,0.005033551428488794,0.0014663035112029515,effnetv2_s,gz2,hard,d4,224,full,bce,0,2,False,True
effnetv2_s_hard_d4_s224_full_bce_nfull_seed2,4,0.8,1.0,16549,0.34615545515394913,0.22859387274155538,0.7714061272584446,0.22853344612967552,0.00040241448692152917,0.9999395733881201,0.999867829764737,0.9999997722273872,0.0004863067710260042,0.00010493342112313577,effnetv2_s,gz2,hard,d4,224,full,bce,0,2,False,True
effnetv2_s_hard_d4_s224_full_bce_nfull_seed3,0,0.0,0.2,5122,0.10713688085676037,0.4328387348691917,0.5671612651308082,0.07985162046075756,0.6820067898906074,0.6470128855915658,0.6504084771329665,0.711642394049424,0.1424846202284163,0.240105228483984,effnetv2_s,gz2,hard,d4,224,full,bce,0,3,False,True
effnetv2_s_hard_d4_s224_full_bce_nfull_seed3,1,0.2,0.4,5706,0.11935240963855422,0.38310550297932,0.61689449702068,0.2644584647739222,0.25537533006412677,0.8813529617946022,0.8842449107959743,0.9533773808533644,0.014451023122325747,0.08552127845507194,effnetv2_s,gz2,hard,d4,224,full,bce,0,3,False,True
effnetv2_s_hard_d4_s224_full_bce_nfull_seed3,2,0.4,0.6,6977,0.14593791834002678,0.29281926329367924,0.7071807367063208,0.2730399885337538,0.05205582798943795,0.9802207252400745,0.979132180613764,0.9980242381025225,0.02450551881014927,0.016963431645216097,effnetv2_s,gz2,hard,d4,224,full,bce,0,3,False,True
effnetv2_s_hard_d4_s224_full_bce_nfull_seed3,3,0.6,0.8,13454,0.2814173360107095,0.16701352757544224,0.8329864724245577,0.16508101679797837,0.00980761976612599,0.9980674892225361,0.9974167791770108,0.999961500475198,0.0047166009549550626,0.0017609047931655124,effnetv2_s,gz2,hard,d4,224,full,bce,0,3,False,True
effnetv2_s_hard_d4_s224_full_bce_nfull_seed3,4,0.8,1.0,16549,0.34615545515394913,0.22859387274155538,0.7714061272584446,0.22847301951779564,0.0007544322897019992,0.9998791467762402,0.9999216669277768,0.999999751520786,0.0006289561684828792,0.0001615019586973922,effnetv2_s,gz2,hard,d4,224,full,bce,0,3,False,True
effnetv2_s_hard_d4_s224_full_bce_nfull_seed4,0,0.0,0.2,5122,0.10713688085676037,0.4328387348691917,0.5671612651308082,0.09254197579070678,0.7175792507204611,0.659703240921515,0.6585515462196747,0.71715363289617,0.1379918674025535,0.23515587572189395,effnetv2_s,gz2,hard,d4,224,full,bce,0,4,False,True
effnetv2_s_hard_d4_s224_full_bce_nfull_seed4,1,0.2,0.4,5706,0.11935240963855422,0.38310550297932,0.61689449702068,0.28601472134595163,0.22807739810621655,0.9029092183666316,0.9007629907261083,0.9607565967312651,0.024804359498691655,0.07524160267502134,effnetv2_s,gz2,hard,d4,224,full,bce,0,4,False,True
effnetv2_s_hard_d4_s224_full_bce_nfull_seed4,2,0.4,0.6,6977,0.14593791834002678,0.29281926329367924,0.7071807367063208,0.27619320624910426,0.04775627830382874,0.983373942955425,0.979067201499341,0.998282914500779,0.02266705789403516,0.014161047159924523,effnetv2_s,gz2,hard,d4,224,full,bce,0,4,False,True
effnetv2_s_hard_d4_s224_full_bce_nfull_seed4,3,0.6,0.8,13454,0.2814173360107095,0.16701352757544224,0.8329864724245577,0.1659729448491155,0.005763688760806916,0.9989594172736732,0.9975963509677835,0.9999808594420272,0.004490962269361336,0.0011965122113126157,effnetv2_s,gz2,hard,d4,224,full,bce,0,4,False,True
effnetv2_s_hard_d4_s224_full_bce_nfull_seed4,4,0.8,1.0,16549,0.34615545515394913,0.22859387274155538,0.7714061272584446,0.22847301951779564,0.0008233841086867024,0.9998791467762402,0.999735659529474,0.9999999999999999,0.00047085330749133223,8.215873408747097e-05,effnetv2_s,gz2,hard,d4,224,full,bce,0,4,False,True
effnetv2_s_soft_d4_s224_full_bce_nfull_seed0,0,0.0,0.2,5122,0.10713688085676037,0.4328387348691917,0.5671612651308082,0.11030847325263571,0.7623442547300415,0.6774697383834439,0.6701013992175933,0.7303219450389999,0.08089089879750834,0.21563214735017994,effnetv2_s,gz2,soft,d4,224,full,bce,0,0,False,True
effnetv2_s_soft_d4_s224_full_bce_nfull_seed0,1,0.2,0.4,5706,0.11935240963855422,0.38310550297932,0.61689449702068,0.30406589554854535,0.20812182741116753,0.9209603925692254,0.914960258462946,0.9742675496964153,0.26034867970610437,0.13171467714084387,effnetv2_s,gz2,soft,d4,224,full,bce,0,0,False,True
effnetv2_s_soft_d4_s224_full_bce_nfull_seed0,2,0.4,0.6,6977,0.14593791834002678,0.29281926329367924,0.7071807367063208,0.28479289092733273,0.025842178126442086,0.9919736276336535,0.9890192736981807,0.9992393971446095,0.23384953355151028,0.06738137594254191,effnetv2_s,gz2,soft,d4,224,full,bce,0,0,False,True
effnetv2_s_soft_d4_s224_full_bce_nfull_seed0,3,0.6,0.8,13454,0.2814173360107095,0.16701352757544224,0.8329864724245577,0.16649323621227896,0.003230272265805261,0.9994797086368367,0.9987981754838917,0.9999826464235808,0.13495224668592173,0.02288873291880941,effnetv2_s,gz2,soft,d4,224,full,bce,0,0,False,True
effnetv2_s_soft_d4_s224_full_bce_nfull_seed0,4,0.8,1.0,16549,0.34615545515394913,0.22859387274155538,0.7714061272584446,0.22853344612967552,0.00046146746654360867,0.9999395733881201,0.999867829764737,0.9999999792933989,0.07858892264644529,0.007600786119990201,effnetv2_s,gz2,soft,d4,224,full,bce,0,0,False,True
effnetv2_s_soft_d4_s224_full_bce_nfull_seed1,0,0.0,0.2,5122,0.10713688085676037,0.4328387348691917,0.5671612651308082,0.10952752830925427,0.756509821836455,0.6766887934400625,0.6754485950762261,0.7361687228325635,0.08559951904764027,0.21678910451098707,effnetv2_s,gz2,soft,d4,224,full,bce,0,1,False,True
effnetv2_s_soft_d4_s224_full_bce_nfull_seed1,1,0.2,0.4,5706,0.11935240963855422,0.38310550297932,0.61689449702068,0.3024886084822993,0.21014161717679306,0.9193831055029793,0.9191428667969725,0.9745364353738666,0.2674489609330443,0.1368144324359629,effnetv2_s,gz2,soft,d4,224,full,bce,0,1,False,True
effnetv2_s_soft_d4_s224_full_bce_nfull_seed1,2,0.4,0.6,6977,0.14593791834002678,0.29281926329367924,0.7071807367063208,0.28364626630356893,0.02923709456372773,0.9908270030098897,0.9886387738609757,0.9994326480070459,0.24268122927375296,0.07206511693995415,effnetv2_s,gz2,soft,d4,224,full,bce,0,1,False,True
effnetv2_s_soft_d4_s224_full_bce_nfull_seed1,3,0.6,0.8,13454,0.2814173360107095,0.16701352757544224,0.8329864724245577,0.16641890887468413,0.003654636820465966,0.9994053812992418,0.9989314644524298,0.9999926733756307,0.14378992652597236,0.025636035829746773,effnetv2_s,gz2,soft,d4,224,full,bce,0,1,False,True
effnetv2_s_soft_d4_s224_full_bce_nfull_seed1,4,0.8,1.0,16549,0.34615545515394913,0.22859387274155538,0.7714061272584446,0.22853344612967552,0.00045682960255824577,0.9999395733881201,0.999867829764737,0.9999999999999999,0.08292735313211164,0.00864516789947373,effnetv2_s,gz2,soft,d4,224,full,bce,0,1,False,True
effnetv2_s_soft_d4_s224_full_bce_nfull_seed2,0,0.0,0.2,5122,0.10713688085676037,0.4328387348691917,0.5671612651308082,0.09664193674345967,0.7522935779816514,0.6638032018742679,0.6722076397606664,0.7356108369297798,0.07610148613874637,0.22006718788851212,effnetv2_s,gz2,soft,d4,224,full,bce,0,2,False,True
effnetv2_s_soft_d4_s224_full_bce_nfull_seed2,1,0.2,0.4,5706,0.11935240963855422,0.38310550297932,0.61689449702068,0.2965299684542586,0.21581476627348187,0.9134244654749386,0.9182140480745238,0.9745363703942445,0.2689156013841571,0.14221730454889606,effnetv2_s,gz2,soft,d4,224,full,bce,0,2,False,True
effnetv2_s_soft_d4_s224_full_bce_nfull_seed2,2,0.4,0.6,6977,0.14593791834002678,0.29281926329367924,0.7071807367063208,0.28321628206965743,0.02927042376583661,0.9903970187759782,0.9900555665672833,0.9992150423772951,0.25363491910315017,0.07778007203534447,effnetv2_s,gz2,soft,d4,224,full,bce,0,2,False,True
effnetv2_s_soft_d4_s224_full_bce_nfull_seed2,3,0.6,0.8,13454,0.2814173360107095,0.16701352757544224,0.8329864724245577,0.16656756354987368,0.002621231979030144,0.9995540359744314,0.9993765022806451,0.9999778017180359,0.15708109156577627,0.029431733363100253,effnetv2_s,gz2,soft,d4,224,full,bce,0,2,False,True
effnetv2_s_soft_d4_s224_full_bce_nfull_seed2,4,0.8,1.0,16549,0.34615545515394913,0.22859387274155538,0.7714061272584446,0.2285938727415554,0.0,1.0,1.0,1.0,0.0948943272556037,0.010929263103242461,effnetv2_s,gz2,soft,d4,224,full,bce,0,2,False,True
effnetv2_s_soft_d4_s224_full_bce_nfull_seed3,0,0.0,0.2,5122,0.10713688085676037,0.4328387348691917,0.5671612651308082,0.11187036313939869,0.7621696801112656,0.6790316282702069,0.6725465946523383,0.7341144201782968,0.08671318964537401,0.2161256318024176,effnetv2_s,gz2,soft,d4,224,full,bce,0,3,False,True
effnetv2_s_soft_d4_s224_full_bce_nfull_seed3,1,0.2,0.4,5706,0.11935240963855422,0.38310550297932,0.61689449702068,0.30371538731160186,0.21001390820584145,0.9206098843322819,0.9167565551443068,0.9744226560550611,0.2672639843422489,0.13577808597809668,effnetv2_s,gz2,soft,d4,224,full,bce,0,3,False,True
effnetv2_s_soft_d4_s224_full_bce_nfull_seed3,2,0.4,0.6,6977,0.14593791834002678,0.29281926329367924,0.7071807367063208,0.2852228751612441,0.024571163653222067,0.9924036118675649,0.9898968885619099,0.9995296702572835,0.24295767922831654,0.07094276312392284,effnetv2_s,gz2,soft,d4,224,full,bce,0,3,False,True
effnetv2_s_soft_d4_s224_full_bce_nfull_seed3,3,0.6,0.8,13454,0.2814173360107095,0.16701352757544224,0.8329864724245577,0.16656756354987368,0.0027816411682892906,0.9995540359744314,0.9991985983393223,0.9999574102729758,0.1455142410549288,0.025750895053126176,effnetv2_s,gz2,soft,d4,224,full,bce,0,3,False,True
effnetv2_s_soft_d4_s224_full_bce_nfull_seed3,4,0.8,1.0,16549,0.34615545515394913,0.22859387274155538,0.7714061272584446,0.22853344612967552,0.0004636068613815484,0.9999395733881201,0.999867829764737,0.9999999792933988,0.08560640417571544,0.009089229985571977,effnetv2_s,gz2,soft,d4,224,full,bce,0,3,False,True
effnetv2_s_soft_d4_s224_full_bce_nfull_seed4,0,0.0,0.2,5122,0.10713688085676037,0.4328387348691917,0.5671612651308082,0.09410386567746976,0.7636443661971831,0.661265130808278,0.6655368429061306,0.7282079409848945,0.07223354980832475,0.21979922467774482,effnetv2_s,gz2,soft,d4,224,full,bce,0,4,False,True
effnetv2_s_soft_d4_s224_full_bce_nfull_seed4,1,0.2,0.4,5706,0.11935240963855422,0.38310550297932,0.61689449702068,0.30021030494216616,0.20818661971830985,0.9171048019628462,0.919463346294602,0.9733647878025451,0.2691550608286931,0.14001440799894832,effnetv2_s,gz2,soft,d4,224,full,bce,0,4,False,True
effnetv2_s_soft_d4_s224_full_bce_nfull_seed4,2,0.4,0.6,6977,0.14593791834002678,0.29281926329367924,0.7071807367063208,0.28464956284936216,0.025088028169014086,0.9918302995556829,0.9912123436111444,0.999541574827865,0.24890044125076505,0.07448005148021879,effnetv2_s,gz2,soft,d4,224,full,bce,0,4,False,True
effnetv2_s_soft_d4_s224_full_bce_nfull_seed4,3,0.6,0.8,13454,0.2814173360107095,0.16701352757544224,0.8329864724245577,0.16656756354987368,0.002640845070422535,0.9995540359744314,0.9991985983393223,0.9999743667423832,0.15037467828544057,0.02744020252947832,effnetv2_s,gz2,soft,d4,224,full,bce,0,4,False,True
effnetv2_s_soft_d4_s224_full_bce_nfull_seed4,4,0.8,1.0,16549,0.34615545515394913,0.22859387274155538,0.7714061272584446,0.22853344612967552,0.00044014084507042255,0.9999395733881201,0.999867829764737,0.9999999999999999,0.08924892815076997,0.009790765669796647,effnetv2_s,gz2,soft,d4,224,full,bce,0,4,False,True
mobilenetv3_hard_d4_s224_full_bce_nfull_seed0,0,0.0,0.2,5122,0.10713688085676037,0.4328387348691917,0.5671612651308082,0.09254197579070678,0.679002726918582,0.659703240921515,0.6512339712610349,0.7073758789264928,0.15669419667489004,0.24431867519739692,mobilenetv3,gz2,hard,d4,224,full,bce,0,0,False,True
mobilenetv3_hard_d4_s224_full_bce_nfull_seed0,1,0.2,0.4,5706,0.11935240963855422,0.38310550297932,0.61689449702068,0.26954083420960395,0.2524347487339307,0.886435331230284,0.8772688284953838,0.9537937702736422,0.010025729248783102,0.08172322483119403,mobilenetv3,gz2,hard,d4,224,full,bce,0,0,False,True
mobilenetv3_hard_d4_s224_full_bce_nfull_seed0,2,0.4,0.6,6977,0.14593791834002678,0.29281926329367924,0.7071807367063208,0.2706034112082557,0.060381768601480326,0.9777841479145765,0.9705262177334055,0.9971562957023905,0.012664515311950134,0.017597358772248856,mobilenetv3,gz2,hard,d4,224,full,bce,0,0,False,True
mobilenetv3_hard_d4_s224_full_bce_nfull_seed0,3,0.6,0.8,13454,0.2814173360107095,0.16701352757544224,0.8329864724245577,0.165526980823547,0.007791195948578107,0.9985134532481047,0.996617045365783,0.9999826067128796,0.00332314567220471,0.0014120083660567459,mobilenetv3,gz2,hard,d4,224,full,bce,0,0,False,True
mobilenetv3_hard_d4_s224_full_bce_nfull_seed0,4,0.8,1.0,16549,0.34615545515394913,0.22859387274155538,0.7714061272584446,0.22853344612967552,0.00038955979742890534,0.9999395733881201,0.999867829764737,0.9999997929339883,0.0004238143695551655,0.00013820568984234313,mobilenetv3,gz2,hard,d4,224,full,bce,0,0,False,True
mobilenetv3_hard_d4_s224_full_bce_nfull_seed1,0,0.0,0.2,5122,0.10713688085676037,0.4328387348691917,0.5671612651308082,0.0948848106208513,0.6652574942352036,0.6620460757516595,0.6526584202652481,0.7063038933231476,0.15293781851948207,0.24372316780822334,mobilenetv3,gz2,hard,d4,224,full,bce,0,1,False,True
mobilenetv3_hard_d4_s224_full_bce_nfull_seed1,1,0.2,0.4,5706,0.11935240963855422,0.38310550297932,0.61689449702068,0.26358219418156326,0.26210607225211374,0.8804766912022433,0.8705322610829245,0.9519014337103885,0.014362405942973706,0.08391337384131914,mobilenetv3,gz2,hard,d4,224,full,bce,0,1,False,True
mobilenetv3_hard_d4_s224_full_bce_nfull_seed1,2,0.4,0.6,6977,0.14593791834002678,0.29281926329367924,0.7071807367063208,0.26960011466246236,0.0622598001537279,0.9767808513687831,0.9683828494026188,0.9969892844976103,0.014011242886758247,0.017907119201628637,mobilenetv3,gz2,hard,d4,224,full,bce,0,1,False,True
mobilenetv3_hard_d4_s224_full_bce_nfull_seed1,3,0.6,0.8,13454,0.2814173360107095,0.16701352757544224,0.8329864724245577,0.1651553441355731,0.009607993850883935,0.9981418165601308,0.9963939705018587,0.9999697404456946,0.003628735912011699,0.0016271182144485174,mobilenetv3,gz2,hard,d4,224,full,bce,0,1,False,True
mobilenetv3_hard_d4_s224_full_bce_nfull_seed1,4,0.8,1.0,16549,0.34615545515394913,0.22859387274155538,0.7714061272584446,0.22847301951779564,0.0007686395080707148,0.9998791467762402,0.9998286632286255,0.9999992649156585,0.000307627759013984,0.00017284721360437093,mobilenetv3,gz2,hard,d4,224,full,bce,0,1,False,True
mobilenetv3_hard_d4_s224_full_bce_nfull_seed2,0,0.0,0.2,5122,0.10713688085676037,0.4328387348691917,0.5671612651308082,0.09273721202655216,0.6799375487900078,0.6598984771573604,0.6547711045224781,0.707556225287774,0.1649991938365091,0.2480476937114745,mobilenetv3,gz2,hard,d4,224,full,bce,0,2,False,True
mobilenetv3_hard_d4_s224_full_bce_nfull_seed2,1,0.2,0.4,5706,0.11935240963855422,0.38310550297932,0.61689449702068,0.26919032597266035,0.2537080405932865,0.8860848229933403,0.8808854643183897,0.9526916508982783,0.01104671291117354,0.0826825400040733,mobilenetv3,gz2,hard,d4,224,full,bce,0,2,False,True
mobilenetv3_hard_d4_s224_full_bce_nfull_seed2,2,0.4,0.6,6977,0.14593791834002678,0.29281926329367924,0.7071807367063208,0.2721800200659309,0.05620608899297424,0.9793607567722517,0.9747957423700135,0.9971410181701444,0.0124646635713263,0.016080677366928593,mobilenetv3,gz2,hard,d4,224,full,bce,0,2,False,True
mobilenetv3_hard_d4_s224_full_bce_nfull_seed2,3,0.6,0.8,13454,0.2814173360107095,0.16701352757544224,0.8329864724245577,0.16522967147316792,0.00936768149882904,0.9982161438977256,0.9964385854746436,0.9999687079674638,0.002525440191060115,0.0014141043269246412,mobilenetv3,gz2,hard,d4,224,full,bce,0,2,False,True
mobilenetv3_hard_d4_s224_full_bce_nfull_seed2,4,0.8,1.0,16549,0.34615545515394913,0.22859387274155538,0.7714061272584446,0.22847301951779564,0.00078064012490242,0.9998791467762402,0.9998286632286255,0.9999993788019651,0.00015678748068413985,0.00015120149528219837,mobilenetv3,gz2,hard,d4,224,full,bce,0,2,False,True
mobilenetv3_hard_d4_s224_full_bce_nfull_seed3,0,0.0,0.2,5122,0.10713688085676037,0.4328387348691917,0.5671612651308082,0.08160874658336592,0.6775894538606403,0.6487700117141741,0.6472571903698303,0.7078110237198553,0.16935671029022314,0.24825545484403652,mobilenetv3,gz2,hard,d4,224,full,bce,0,3,False,True
mobilenetv3_hard_d4_s224_full_bce_nfull_seed3,1,0.2,0.4,5706,0.11935240963855422,0.38310550297932,0.61689449702068,0.2644584647739222,0.25499058380414313,0.8813529617946022,0.877743699575813,0.9501810332279799,0.013585174884098116,0.08562119159468129,mobilenetv3,gz2,hard,d4,224,full,bce,0,3,False,True
mobilenetv3_hard_d4_s224_full_bce_nfull_seed3,2,0.4,0.6,6977,0.14593791834002678,0.29281926329367924,0.7071807367063208,0.27074673928622617,0.05800376647834275,0.9779274759925469,0.972061560121752,0.9968810521100753,0.013546485275132424,0.016927655882092472,mobilenetv3,gz2,hard,d4,224,full,bce,0,3,False,True
mobilenetv3_hard_d4_s224_full_bce_nfull_seed3,3,0.6,0.8,13454,0.2814173360107095,0.16701352757544224,0.8329864724245577,0.16537832614835746,0.008286252354048965,0.9983647985729152,0.9972394311855046,0.9999781194036454,0.003308641447972353,0.0014354539429392134,mobilenetv3,gz2,hard,d4,224,full,bce,0,3,False,True
mobilenetv3_hard_d4_s224_full_bce_nfull_seed3,4,0.8,1.0,16549,0.34615545515394913,0.22859387274155538,0.7714061272584446,0.22841259290591576,0.0011299435028248588,0.9998187201643604,0.9996964929933625,0.9999943160379791,0.00030149659921828795,0.00015370555681546114,mobilenetv3,gz2,hard,d4,224,full,bce,0,3,False,True
mobilenetv3_hard_d4_s224_full_bce_nfull_seed4,0,0.0,0.2,5122,0.10713688085676037,0.4328387348691917,0.5671612651308082,0.0909800859039438,0.68,0.658141351034752,0.645583998472141,0.7060435051631231,0.1378391478882408,0.23789248925704076,mobilenetv3,gz2,hard,d4,224,full,bce,0,4,False,True
mobilenetv3_hard_d4_s224_full_bce_nfull_seed4,1,0.2,0.4,5706,0.11935240963855422,0.38310550297932,0.61689449702068,0.26778829302488605,0.25553398058252424,0.884682790045566,0.8727277925642518,0.9520967624552941,0.012493308784723711,0.08359529737137873,mobilenetv3,gz2,hard,d4,224,full,bce,0,4,False,True
mobilenetv3_hard_d4_s224_full_bce_nfull_seed4,2,0.4,0.6,6977,0.14593791834002678,0.29281926329367924,0.7071807367063208,0.2717500358320195,0.0570873786407767,0.9789307725383403,0.9701897152049739,0.9972789623817554,0.02226133737975555,0.01746562030633838,mobilenetv3,gz2,hard,d4,224,full,bce,0,4,False,True
mobilenetv3_hard_d4_s224_full_bce_nfull_seed4,3,0.6,0.8,13454,0.2814173360107095,0.16701352757544224,0.8329864724245577,0.16574996283633125,0.006601941747572815,0.998736435260889,0.9969287942254604,0.9999882257770977,0.00528213404175493,0.0014444091432752502,mobilenetv3,gz2,hard,d4,224,full,bce,0,4,False,True
mobilenetv3_hard_d4_s224_full_bce_nfull_seed4,4,0.8,1.0,16549,0.34615545515394913,0.22859387274155538,0.7714061272584446,0.22847301951779564,0.0007766990291262136,0.9998791467762402,0.9998286632286255,0.9999828135210296,0.0005312562552397821,0.00014559668265741636,mobilenetv3,gz2,hard,d4,224,full,bce,0,4,False,True
mobilenetv3_soft_d4_s224_full_bce_nfull_seed0,0,0.0,0.2,5122,0.10713688085676037,0.4328387348691917,0.5671612651308082,0.09527528309254207,0.7392047883710987,0.6624365482233503,0.6585576017582799,0.7205143791869586,0.07141722105981693,0.21857787377940277,mobilenetv3,gz2,soft,d4,224,full,bce,0,0,False,True
mobilenetv3_soft_d4_s224_full_bce_nfull_seed0,1,0.2,0.4,5706,0.11935240963855422,0.38310550297932,0.61689449702068,0.2912723449001051,0.22402736212056434,0.9081668419207851,0.9037241121184396,0.96799838070781,0.25291288420270713,0.13690591654155523,mobilenetv3,gz2,soft,d4,224,full,bce,0,0,False,True
mobilenetv3_soft_d4_s224_full_bce_nfull_seed0,2,0.4,0.6,6977,0.14593791834002678,0.29281926329367924,0.7071807367063208,0.28120968897807086,0.03463018383924754,0.9883904256843916,0.9850518275400733,0.998842528522855,0.23886704633792763,0.07198899034676519,mobilenetv3,gz2,soft,d4,224,full,bce,0,0,False,True
mobilenetv3_soft_d4_s224_full_bce_nfull_seed0,3,0.6,0.8,13454,0.2814173360107095,0.16701352757544224,0.8329864724245577,0.1666418908874685,0.0021376656690893546,0.9996283633120262,0.9988874054294615,0.9999956318228694,0.14433256469271558,0.025588491942899114,mobilenetv3,gz2,soft,d4,224,full,bce,0,0,False,True
mobilenetv3_soft_d4_s224_full_bce_nfull_seed0,4,0.8,1.0,16549,0.34615545515394913,0.22859387274155538,0.7714061272584446,0.2285938727415554,0.0,1.0,1.0,1.0,0.08488618413623336,0.008931788543363153,mobilenetv3,gz2,soft,d4,224,full,bce,0,0,False,True
mobilenetv3_soft_d4_s224_full_bce_nfull_seed1,0,0.0,0.2,5122,0.10713688085676037,0.4328387348691917,0.5671612651308082,0.10035142522452167,0.7410791993037423,0.6675126903553299,0.6671454423920309,0.7215834922912217,0.07026794881256984,0.21844928055328164,mobilenetv3,gz2,soft,d4,224,full,bce,0,1,False,True
mobilenetv3_soft_d4_s224_full_bce_nfull_seed1,1,0.2,0.4,5706,0.11935240963855422,0.38310550297932,0.61689449702068,0.2937259025587101,0.22193211488250653,0.9106203995793901,0.90909337831656,0.9696645232055228,0.2520516999562059,0.1349138240301853,mobilenetv3,gz2,soft,d4,224,full,bce,0,1,False,True
mobilenetv3_soft_d4_s224_full_bce_nfull_seed1,2,0.4,0.6,6977,0.14593791834002678,0.29281926329367924,0.7071807367063208,0.28192632936792317,0.03307223672758921,0.9891070660742439,0.9869925205567133,0.9988344929377128,0.23507430655856398,0.06994634763003425,mobilenetv3,gz2,soft,d4,224,full,bce,0,1,False,True
mobilenetv3_soft_d4_s224_full_bce_nfull_seed1,3,0.6,0.8,13454,0.2814173360107095,0.16701352757544224,0.8329864724245577,0.16649323621227896,0.0030461270670147957,0.9994797086368367,0.9991539833665375,0.9999797673977446,0.14066383234632657,0.024476757085688552,mobilenetv3,gz2,soft,d4,224,full,bce,0,1,False,True
mobilenetv3_soft_d4_s224_full_bce_nfull_seed1,4,0.8,1.0,16549,0.34615545515394913,0.22859387274155538,0.7714061272584446,0.22847301951779564,0.0008703220191470844,0.9998791467762402,0.9998286632286255,0.9999999792933989,0.08234589673293752,0.008474906840609218,mobilenetv3,gz2,soft,d4,224,full,bce,0,1,False,True
mobilenetv3_soft_d4_s224_full_bce_nfull_seed2,0,0.0,0.2,5122,0.10713688085676037,0.4328387348691917,0.5671612651308082,0.10679422100741898,0.7409050576752441,0.6739554861382272,0.6720241103598621,0.7260582247800403,0.07988846833551828,0.21804795192662196,mobilenetv3,gz2,soft,d4,224,full,bce,0,2,False,True
mobilenetv3_soft_d4_s224_full_bce_nfull_seed2,1,0.2,0.4,5706,0.11935240963855422,0.38310550297932,0.61689449702068,0.2958289519803715,0.2209405501330967,0.9127234490010515,0.910537875322299,0.9692676276719621,0.2597394559468422,0.13780161564102605,mobilenetv3,gz2,soft,d4,224,full,bce,0,2,False,True
mobilenetv3_soft_d4_s224_full_bce_nfull_seed2,2,0.4,0.6,6977,0.14593791834002678,0.29281926329367924,0.7071807367063208,0.2824996416798051,0.03194321206743567,0.9896803783861259,0.9872544707118794,0.9990876634720751,0.24255926183402063,0.07306899791441074,mobilenetv3,gz2,soft,d4,224,full,bce,0,2,False,True
mobilenetv3_soft_d4_s224_full_bce_nfull_seed2,3,0.6,0.8,13454,0.2814173360107095,0.16701352757544224,0.8329864724245577,0.1662702541994946,0.0044365572315882874,0.9992567266240523,0.9984864266242144,0.9999879676575401,0.14637772875883803,0.026429988504872343,mobilenetv3,gz2,soft,d4,224,full,bce,0,2,False,True
mobilenetv3_soft_d4_s224_full_bce_nfull_seed2,4,0.8,1.0,16549,0.34615545515394913,0.22859387274155538,0.7714061272584446,0.22835216629403587,0.001774622892635315,0.9997582935524805,0.9996573264572508,0.9999991717359531,0.08604477736537289,0.009283371078832446,mobilenetv3,gz2,soft,d4,224,full,bce,0,2,False,True
mobilenetv3_soft_d4_s224_full_bce_nfull_seed3,0,0.0,0.2,5122,0.10713688085676037,0.4328387348691917,0.5671612651308082,0.10406091370558379,0.7385964912280701,0.671222178836392,0.6657153260247641,0.7247066751444207,0.07400231104386316,0.21684135010444963,mobilenetv3,gz2,soft,d4,224,full,bce,0,3,False,True
mobilenetv3_soft_d4_s224_full_bce_nfull_seed3,1,0.2,0.4,5706,0.11935240963855422,0.38310550297932,0.61689449702068,0.2933753943217665,0.22456140350877193,0.9102698913424465,0.9043017809614904,0.9678466532895285,0.2521839266818551,0.13522980415787714,mobilenetv3,gz2,soft,d4,224,full,bce,0,3,False,True
mobilenetv3_soft_d4_s224_full_bce_nfull_seed3,2,0.4,0.6,6977,0.14593791834002678,0.29281926329367924,0.7071807367063208,0.28206965744589363,0.03289473684210526,0.9892503941522144,0.9850862515900043,0.998731816016449,0.2362040933157506,0.07048085486148101,mobilenetv3,gz2,soft,d4,224,full,bce,0,3,False,True
mobilenetv3_soft_d4_s224_full_bce_nfull_seed3,3,0.6,0.8,13454,0.2814173360107095,0.16701352757544224,0.8329864724245577,0.16641890887468413,0.0035087719298245615,0.9994053812992418,0.9985756565697841,0.999988166211046,0.14142017428458212,0.024814811377840168,mobilenetv3,gz2,soft,d4,224,full,bce,0,3,False,True
mobilenetv3_soft_d4_s224_full_bce_nfull_seed3,4,0.8,1.0,16549,0.34615545515394913,0.22859387274155538,0.7714061272584446,0.22853344612967552,0.0004385964912280702,0.9999395733881201,0.999867829764737,0.9999998550537919,0.08319878197789525,0.008664140945866997,mobilenetv3,gz2,soft,d4,224,full,bce,0,3,False,True
mobilenetv3_soft_d4_s224_full_bce_nfull_seed4,0,0.0,0.2,5122,0.10713688085676037,0.4328387348691917,0.5671612651308082,0.10698945724326436,0.7394771821001329,0.6741507223740726,0.670540425766472,0.7227447582714388,0.07941429677162258,0.21817787469729,mobilenetv3,gz2,soft,d4,224,full,bce,0,4,False,True
mobilenetv3_soft_d4_s224_full_bce_nfull_seed4,1,0.2,0.4,5706,0.11935240963855422,0.38310550297932,0.61689449702068,0.29284963196635116,0.22817899867080194,0.9097441289870312,0.9056093009232304,0.9695110413374367,0.25412171118319177,0.13629345154717662,mobilenetv3,gz2,soft,d4,224,full,bce,0,4,False,True
mobilenetv3_soft_d4_s224_full_bce_nfull_seed4,2,0.4,0.6,6977,0.14593791834002678,0.29281926329367924,0.7071807367063208,0.28321628206965743,0.02968542312804608,0.9903970187759782,0.9876177585241189,0.9989610286025165,0.23962068127010908,0.07137205277643822,mobilenetv3,gz2,soft,d4,224,full,bce,0,4,False,True
mobilenetv3_soft_d4_s224_full_bce_nfull_seed4,3,0.6,0.8,13454,0.2814173360107095,0.16701352757544224,0.8329864724245577,0.1666418908874685,0.002215330084182543,0.9996283633120262,0.9990653093707844,0.999995254571208,0.14260774419255476,0.025173490385587666,mobilenetv3,gz2,soft,d4,224,full,bce,0,4,False,True
mobilenetv3_soft_d4_s224_full_bce_nfull_seed4,4,0.8,1.0,16549,0.34615545515394913,0.22859387274155538,0.7714061272584446,0.22853344612967552,0.00044306601683650863,0.9999395733881201,0.9999608334638885,0.9999999792933988,0.08325084251194025,0.00864300116982554,mobilenetv3,gz2,soft,d4,224,full,bce,0,4,False,True
resnet50_hard_conf_d4_s224_full_bce_nfull_seed0,0,0.0,0.2,5122,0.10713688085676037,0.4328387348691917,0.5671612651308082,0.08160874658336592,0.6740352191832147,0.6487700117141741,0.6491266438264172,0.7022913226460841,0.29935397445872314,0.3161468496408061,resnet50,gz2,hard_conf,d4,224,full,bce,0,0,False,True
resnet50_hard_conf_d4_s224_full_bce_nfull_seed0,1,0.2,0.4,5706,0.11935240963855422,0.38310550297932,0.61689449702068,0.25972660357518396,0.26376920194829523,0.876621100595864,0.8746886176495051,0.9461188971138651,0.09398072329817381,0.10661769877703672,resnet50,gz2,hard_conf,d4,224,full,bce,0,0,False,True
resnet50_hard_conf_d4_s224_full_bce_nfull_seed0,2,0.4,0.6,6977,0.14593791834002678,0.29281926329367924,0.7071807367063208,0.2726100042998424,0.05282877482203072,0.9797907410061631,0.9762469591262521,0.9968396837273052,0.013281137936040636,0.0172926536720356,resnet50,gz2,hard_conf,d4,224,full,bce,0,0,False,True
resnet50_hard_conf_d4_s224_full_bce_nfull_seed0,3,0.6,0.8,13454,0.2814173360107095,0.16701352757544224,0.8329864724245577,0.16530399881076263,0.008617459722742601,0.9982904712353203,0.9961273925647827,0.9999772457682192,0.0010738158237488821,0.0014365280734842327,resnet50,gz2,hard_conf,d4,224,full,bce,0,0,False,True
resnet50_hard_conf_d4_s224_full_bce_nfull_seed0,4,0.8,1.0,16549,0.34615545515394913,0.22859387274155538,0.7714061272584446,0.22847301951779564,0.0007493443237167478,0.9998791467762402,0.999735659529474,0.999999751520786,0.00011842904570140252,0.00012222962053142785,resnet50,gz2,hard_conf,d4,224,full,bce,0,0,False,True
resnet50_hard_conf_d4_s224_full_bce_nfull_seed1,0,0.0,0.2,5122,0.10713688085676037,0.4328387348691917,0.5671612651308082,0.08414681764935572,0.6744712990936556,0.6513080827801639,0.6521653596795843,0.707457318157222,0.2982412340734843,0.3132154072850695,resnet50,gz2,hard_conf,d4,224,full,bce,0,1,False,True
resnet50_hard_conf_d4_s224_full_bce_nfull_seed1,1,0.2,0.4,5706,0.11935240963855422,0.38310550297932,0.61689449702068,0.2613038906414301,0.26246223564954685,0.8781983876621101,0.8781340971471346,0.9478183741578642,0.09276912176514754,0.10474577140512399,resnet50,gz2,hard_conf,d4,224,full,bce,0,1,False,True
resnet50_hard_conf_d4_s224_full_bce_nfull_seed1,2,0.4,0.6,6977,0.14593791834002678,0.29281926329367924,0.7071807367063208,0.27203669198796043,0.0547583081570997,0.9792174286942812,0.9758416084979586,0.9971645296970427,0.013027859392862648,0.017218821167702437,resnet50,gz2,hard_conf,d4,224,full,bce,0,1,False,True
resnet50_hard_conf_d4_s224_full_bce_nfull_seed1,3,0.6,0.8,13454,0.2814173360107095,0.16701352757544224,0.8329864724245577,0.165526980823547,0.0075528700906344415,0.9985134532481047,0.9969728532484288,0.9999791915925774,0.0009365192277824135,0.0012139205057596601,resnet50,gz2,hard_conf,d4,224,full,bce,0,1,False,True
resnet50_hard_conf_d4_s224_full_bce_nfull_seed1,4,0.8,1.0,16549,0.34615545515394913,0.22859387274155538,0.7714061272584446,0.22847301951779564,0.0007552870090634441,0.9998791467762402,0.999735659529474,0.9999995133948725,0.00011879597014049126,0.0001215944759820236,resnet50,gz2,hard_conf,d4,224,full,bce,0,1,False,True
resnet50_hard_conf_d4_s224_full_bce_nfull_seed2,0,0.0,0.2,5122,0.10713688085676037,0.4328387348691917,0.5671612651308082,0.0675517376024991,0.6576449912126537,0.6347130027333073,0.6462417231268007,0.7042071242635339,0.2949812418590505,0.3211164613382678,resnet50,gz2,hard_conf,d4,224,full,bce,0,2,False,True
resnet50_hard_conf_d4_s224_full_bce_nfull_seed2,1,0.2,0.4,5706,0.11935240963855422,0.38310550297932,0.61689449702068,0.24973711882229233,0.26748681898066784,0.8666316158429723,0.8763871849787908,0.9468942339682275,0.09400557788749586,0.11270436266942906,resnet50,gz2,hard_conf,d4,224,full,bce,0,2,False,True
resnet50_hard_conf_d4_s224_full_bce_nfull_seed2,2,0.4,0.6,6977,0.14593791834002678,0.29281926329367924,0.7071807367063208,0.266446896947112,0.06467486818980668,0.9736276336534327,0.9754744517002802,0.9971611567353779,0.015127837398722054,0.020882924402694146,resnet50,gz2,hard_conf,d4,224,full,bce,0,2,False,True
resnet50_hard_conf_d4_s224_full_bce_nfull_seed2,3,0.6,0.8,13454,0.2814173360107095,0.16701352757544224,0.8329864724245577,0.16500668946038355,0.009490333919156414,0.9979931618849412,0.9971942602629031,0.9999751808117574,0.000787361522887852,0.0014553571297553588,resnet50,gz2,hard_conf,d4,224,full,bce,0,2,False,True
resnet50_hard_conf_d4_s224_full_bce_nfull_seed2,4,0.8,1.0,16549,0.34615545515394913,0.22859387274155538,0.7714061272584446,0.22847301951779564,0.00070298769771529,0.9998791467762402,0.9998286632286255,0.9999999585867977,0.0001671951284467752,7.876467015253868e-05,resnet50,gz2,hard_conf,d4,224,full,bce,0,2,False,True
resnet50_hard_d4_s224_full_bce_n10000_seed0,0,0.0,0.2,5122,0.10713688085676037,0.4328387348691917,0.5671612651308082,0.03182350644279586,0.5023233064318905,0.5989847715736041,0.6153318473973217,0.6596831555877483,0.22000033228361943,0.297310048280125,resnet50,gz2,hard,d4,224,full,bce,10000,0,False,True
resnet50_hard_d4_s224_full_bce_n10000_seed0,1,0.2,0.4,5706,0.11935240963855422,0.38310550297932,0.61689449702068,0.16473887136347698,0.30471998043531423,0.781633368384157,0.7977866641021376,0.8855480771230144,0.07117404614961528,0.15694964927631513,resnet50,gz2,hard,d4,224,full,bce,10000,0,False,True
resnet50_hard_d4_s224_full_bce_n10000_seed0,2,0.4,0.6,6977,0.14593791834002678,0.29281926329367924,0.7071807367063208,0.20825569729109938,0.14428955734898508,0.9154364339974201,0.9267311378527449,0.9812004013427562,0.008674350540312768,0.06038738236638503,resnet50,gz2,hard,d4,224,full,bce,10000,0,False,True
resnet50_hard_d4_s224_full_bce_n10000_seed0,3,0.6,0.8,13454,0.2814173360107095,0.16701352757544224,0.8329864724245577,0.15408057083395277,0.0425531914893617,0.9870670432585105,0.9856545489064884,0.9990982891081212,0.016964085257727118,0.010297016030128172,resnet50,gz2,hard,d4,224,full,bce,10000,0,False,True
resnet50_hard_d4_s224_full_bce_n10000_seed0,4,0.8,1.0,16549,0.34615545515394913,0.22859387274155538,0.7714061272584446,0.22708320744455857,0.006113964294448521,0.9984893347030032,0.998183803304848,0.9999876278058015,0.005506290661797447,0.001449768565052596,resnet50,gz2,hard,d4,224,full,bce,10000,0,False,True
resnet50_hard_d4_s224_full_bce_n10000_seed1,0,0.0,0.2,5122,0.10713688085676037,0.4328387348691917,0.5671612651308082,0.045685279187817285,0.553755934096621,0.6128465443186255,0.6113146186136388,0.6569070016776948,0.2247986822023143,0.28808424355348444,resnet50,gz2,hard,d4,224,full,bce,10000,1,False,True
resnet50_hard_d4_s224_full_bce_n10000_seed1,1,0.2,0.4,5706,0.11935240963855422,0.38310550297932,0.61689449702068,0.19908867858394674,0.2932141859815694,0.8159831756046267,0.8095912521833153,0.894817680175497,0.06679673080606995,0.13316128758127324,resnet50,gz2,hard,d4,224,full,bce,10000,1,False,True
resnet50_hard_d4_s224_full_bce_n10000_seed1,2,0.4,0.6,6977,0.14593791834002678,0.29281926329367924,0.7071807367063208,0.23677798480722378,0.10918737782742251,0.9439587215135445,0.9316968814588495,0.9836409871190562,0.006412480885849382,0.04171224017711126,resnet50,gz2,hard,d4,224,full,bce,10000,1,False,True
resnet50_hard_d4_s224_full_bce_n10000_seed1,3,0.6,0.8,13454,0.2814173360107095,0.16701352757544224,0.8329864724245577,0.15764828303850165,0.03518570231778833,0.9906347554630593,0.9810357178298944,0.9992670595881706,0.006174630339009369,0.007102560857033481,resnet50,gz2,hard,d4,224,full,bce,10000,1,False,True
resnet50_hard_d4_s224_full_bce_n10000_seed1,4,0.8,1.0,16549,0.34615545515394913,0.22859387274155538,0.7714061272584446,0.22672064777327938,0.008656799776598716,0.998126775031724,0.9963677412026037,0.9999515569065645,0.0028819289799096696,0.0012653421270942277,resnet50,gz2,hard,d4,224,full,bce,10000,1,False,True
resnet50_hard_d4_s224_full_bce_n2000_seed0,0,0.0,0.2,5122,0.10713688085676037,0.4328387348691917,0.5671612651308082,0.028894962905115285,0.43104166666666666,0.5960562280359235,0.5821444680713963,0.6126512623080763,0.22850003512579348,0.29782948022978206,resnet50,gz2,hard,d4,224,full,bce,2000,0,False,True
resnet50_hard_d4_s224_full_bce_n2000_seed0,1,0.2,0.4,5706,0.11935240963855422,0.38310550297932,0.61689449702068,0.13564668769716082,0.2941666666666667,0.7525411847178408,0.7279184947600432,0.8077401776802795,0.10191129024212064,0.1809146180434166,resnet50,gz2,hard,d4,224,full,bce,2000,0,False,True
resnet50_hard_d4_s224_full_bce_n2000_seed0,2,0.4,0.6,6977,0.14593791834002678,0.29281926329367924,0.7071807367063208,0.18603984520567585,0.15520833333333334,0.8932205819119966,0.8565316212179923,0.9423244388334234,0.013934479128284355,0.07989885687151319,resnet50,gz2,hard,d4,224,full,bce,2000,0,False,True
resnet50_hard_d4_s224_full_bce_n2000_seed0,3,0.6,0.8,13454,0.2814173360107095,0.16701352757544224,0.8329864724245577,0.1354987364352609,0.08833333333333333,0.9684852088598186,0.9236202784919416,0.9893365449760024,0.009259098721986492,0.02404640386103617,resnet50,gz2,hard,d4,224,full,bce,2000,0,False,True
resnet50_hard_d4_s224_full_bce_n2000_seed0,4,0.8,1.0,16549,0.34615545515394913,0.22859387274155538,0.7714061272584446,0.2195298809595746,0.03125,0.9909360082180192,0.9818485312952737,0.9986882678758326,0.010946866073058698,0.007728673671243319,resnet50,gz2,hard,d4,224,full,bce,2000,0,False,True
resnet50_hard_d4_s224_full_bce_n2000_seed1,0,0.0,0.2,5122,0.10713688085676037,0.4328387348691917,0.5671612651308082,0.016009371339320677,0.41383989145183175,0.5831706364701289,0.5778352536377872,0.6088957414812934,0.1990349856137099,0.2856261513120136,resnet50,gz2,hard,d4,224,full,bce,2000,1,False,True
resnet50_hard_d4_s224_full_bce_n2000_seed1,1,0.2,0.4,5706,0.11935240963855422,0.38310550297932,0.61689449702068,0.12618296529968454,0.2841635975964334,0.7430774623203645,0.732036903227148,0.7991201759128337,0.06892636172396861,0.1812701380174384,resnet50,gz2,hard,d4,224,full,bce,2000,1,False,True
resnet50_hard_d4_s224_full_bce_n2000_seed1,2,0.4,0.6,6977,0.14593791834002678,0.29281926329367924,0.7071807367063208,0.1642539773541637,0.1738709052141888,0.8714347140604844,0.8451435105904053,0.9268939824578216,0.01587485771379328,0.09309781453069516,resnet50,gz2,hard,d4,224,full,bce,2000,1,False,True
resnet50_hard_d4_s224_full_bce_n2000_seed1,3,0.6,0.8,13454,0.2814173360107095,0.16701352757544224,0.8329864724245577,0.13059313215400625,0.09497964721845319,0.963579604578564,0.9258349045865026,0.9863932870806912,0.030354718905116325,0.02980280195327851,resnet50,gz2,hard,d4,224,full,bce,2000,1,False,True
resnet50_hard_d4_s224_full_bce_n2000_seed1,4,0.8,1.0,16549,0.34615545515394913,0.22859387274155538,0.7714061272584446,0.2182609221100973,0.03314595851909285,0.9896670493685419,0.9806540192403254,0.9991297222594596,0.024257158519014776,0.00947536155764644,resnet50,gz2,hard,d4,224,full,bce,2000,1,False,True
resnet50_hard_d4_s224_full_bce_n25000_seed0,0,0.0,0.2,5122,0.10713688085676037,0.4328387348691917,0.5671612651308082,0.06638032018742679,0.6129980404964076,0.633541585318235,0.6209595389095528,0.6810199234983623,0.20371716423680142,0.2683335429233755,resnet50,gz2,hard,d4,224,full,bce,25000,0,False,True
resnet50_hard_d4_s224_full_bce_n25000_seed0,1,0.2,0.4,5706,0.11935240963855422,0.38310550297932,0.61689449702068,0.23291272344900105,0.2798824297844546,0.849807220469681,0.8334520294435666,0.9254997582758049,0.041635981465265884,0.10735472976096434,resnet50,gz2,hard,d4,224,full,bce,25000,0,False,True
resnet50_hard_d4_s224_full_bce_n25000_seed0,2,0.4,0.6,6977,0.14593791834002678,0.29281926329367924,0.7071807367063208,0.257417228034972,0.08066623122142391,0.9645979647412928,0.9511651201637434,0.993140884045316,0.00856587394378493,0.026619762910549013,resnet50,gz2,hard,d4,224,full,bce,25000,0,False,True
resnet50_hard_d4_s224_full_bce_n25000_seed0,3,0.6,0.8,13454,0.2814173360107095,0.16701352757544224,0.8329864724245577,0.1618849412814034,0.022534291312867407,0.9948714137059611,0.9869589461637656,0.9998031937649117,0.004937628874139094,0.004038179858220643,resnet50,gz2,hard,d4,224,full,bce,25000,0,False,True
resnet50_hard_d4_s224_full_bce_n25000_seed0,4,0.8,1.0,16549,0.34615545515394913,0.22859387274155538,0.7714061272584446,0.22786875339899693,0.003919007184846506,0.9992748806574415,0.9985999645751467,0.9999957240868586,0.0015819535171122555,0.0005627830528359279,resnet50,gz2,hard,d4,224,full,bce,25000,0,False,True
resnet50_hard_d4_s224_full_bce_n25000_seed1,0,0.0,0.2,5122,0.10713688085676037,0.4328387348691917,0.5671612651308082,0.07438500585708718,0.5947521865889213,0.6415462709878954,0.6241171917517353,0.6834594515700536,0.17190139744609464,0.25562667745686674,resnet50,gz2,hard,d4,224,full,bce,25000,1,False,True
resnet50_hard_d4_s224_full_bce_n25000_seed1,1,0.2,0.4,5706,0.11935240963855422,0.38310550297932,0.61689449702068,0.2330879775674728,0.2772918691286038,0.8499824745881528,0.8277863262081011,0.9222221211428095,0.02763036838453788,0.10834877961172826,resnet50,gz2,hard,d4,224,full,bce,25000,1,False,True
resnet50_hard_d4_s224_full_bce_n25000_seed1,2,0.4,0.6,6977,0.14593791834002678,0.29281926329367924,0.7071807367063208,0.2505374802923893,0.09556203433754454,0.9577182169987101,0.937410083290328,0.9907972709168762,0.01594867882489788,0.03214421018057051,resnet50,gz2,hard,d4,224,full,bce,25000,1,False,True
resnet50_hard_d4_s224_full_bce_n25000_seed1,3,0.6,0.8,13454,0.2814173360107095,0.16701352757544224,0.8329864724245577,0.16069570387988708,0.0275348234531908,0.9936821763044448,0.9837544514206881,0.9995721370500485,0.0067317137333337855,0.005252626316115403,resnet50,gz2,hard,d4,224,full,bce,25000,1,False,True
resnet50_hard_d4_s224_full_bce_n25000_seed1,4,0.8,1.0,16549,0.34615545515394913,0.22859387274155538,0.7714061272584446,0.22768747356335728,0.004859086491739553,0.9990936008218019,0.9980174464710547,0.9999955584340492,0.001902671370121891,0.000800951185190119,resnet50,gz2,hard,d4,224,full,bce,25000,1,False,True
resnet50_hard_d4_s224_full_bce_n50000_seed0,0,0.0,0.2,5122,0.10713688085676037,0.4328387348691917,0.5671612651308082,0.08551347130027342,0.6406193734245589,0.6526747364310816,0.6383611383480956,0.6955967694477891,0.13799300908604079,0.24078513243923821,resnet50,gz2,hard,d4,224,full,bce,50000,0,False,True
resnet50_hard_d4_s224_full_bce_n50000_seed0,1,0.2,0.4,5706,0.11935240963855422,0.38310550297932,0.61689449702068,0.2518401682439537,0.2697155203456968,0.8687346652646337,0.8519135199201531,0.9386791202278965,0.010980066965766871,0.09524862491022196,resnet50,gz2,hard,d4,224,full,bce,50000,0,False,True
resnet50_hard_d4_s224_full_bce_n50000_seed0,2,0.4,0.6,6977,0.14593791834002678,0.29281926329367924,0.7071807367063208,0.2648702880894367,0.07021966150522146,0.9720510247957574,0.9601630906328688,0.9957334515060373,0.026237472418766342,0.023271965553261473,resnet50,gz2,hard,d4,224,full,bce,50000,0,False,True
resnet50_hard_d4_s224_full_bce_n50000_seed0,3,0.6,0.8,13454,0.2814173360107095,0.16701352757544224,0.8329864724245577,0.16359447004608296,0.016564638098667626,0.9965809424706407,0.9908315535989829,0.9999501432146582,0.0077070495403591885,0.003250369289837642,resnet50,gz2,hard,d4,224,full,bce,50000,0,False,True
resnet50_hard_d4_s224_full_bce_n50000_seed0,4,0.8,1.0,16549,0.34615545515394913,0.22859387274155538,0.7714061272584446,0.22811045984651646,0.0028808066258552397,0.999516587104961,0.9990356418170474,0.9999817367777688,0.001432603925827393,0.0004061684369959395,resnet50,gz2,hard,d4,224,full,bce,50000,0,False,True
resnet50_hard_d4_s224_full_bce_n50000_seed1,0,0.0,0.2,5122,0.10713688085676037,0.4328387348691917,0.5671612651308082,0.08551347130027342,0.6333214667141331,0.6526747364310816,0.6343551666554096,0.697186037791219,0.18054198279302935,0.25477073761605756,resnet50,gz2,hard,d4,224,full,bce,50000,1,False,True
resnet50_hard_d4_s224_full_bce_n50000_seed1,1,0.2,0.4,5706,0.11935240963855422,0.38310550297932,0.61689449702068,0.2502628811777077,0.2698469206123176,0.8671573781983877,0.845347459036846,0.9396125525035348,0.03416762090987655,0.09768668003558467,resnet50,gz2,hard,d4,224,full,bce,50000,1,False,True
resnet50_hard_d4_s224_full_bce_n50000_seed1,2,0.4,0.6,6977,0.14593791834002678,0.29281926329367924,0.7071807367063208,0.26157374229611585,0.07760768956924172,0.9687544790024366,0.951809504648834,0.9951368837127815,0.007276696510227963,0.02413270532872901,resnet50,gz2,hard,d4,224,full,bce,50000,1,False,True
resnet50_hard_d4_s224_full_bce_n50000_seed1,3,0.6,0.8,13454,0.2814173360107095,0.16701352757544224,0.8329864724245577,0.16352014270848825,0.01673193307226771,0.996506615133046,0.9913206504501664,0.999902172687623,0.0034437690174652586,0.0030477554367092665,resnet50,gz2,hard,d4,224,full,bce,50000,1,False,True
resnet50_hard_d4_s224_full_bce_n50000_seed1,4,0.8,1.0,16549,0.34615545515394913,0.22859387274155538,0.7714061272584446,0.22817088645839634,0.002491990032039872,0.9995770137168409,0.9992608157514618,0.9999922143179604,0.0006906127738475914,0.0003361122162542099,resnet50,gz2,hard,d4,224,full,bce,50000,1,False,True
resnet50_hard_d4_s224_full_bce_n5000_seed0,0,0.0,0.2,5122,0.10713688085676037,0.4328387348691917,0.5671612651308082,0.03455681374463104,0.5114063675106543,0.6017180788754393,0.6017175991807944,0.6363055935320636,0.22253716896444303,0.2935779378740621,resnet50,gz2,hard,d4,224,full,bce,5000,0,False,True
resnet50_hard_d4_s224_full_bce_n5000_seed0,1,0.2,0.4,5706,0.11935240963855422,0.38310550297932,0.61689449702068,0.17507886435331232,0.297568312860366,0.7919733613739923,0.7855368356483408,0.8592251569907677,0.07162922228578937,0.1530330647496433,resnet50,gz2,hard,d4,224,full,bce,5000,0,False,True
resnet50_hard_d4_s224_full_bce_n5000_seed0,2,0.4,0.6,6977,0.14593791834002678,0.29281926329367924,0.7071807367063208,0.21785867851512108,0.1311105540235648,0.9250394152214418,0.9105766851762898,0.9718546686055244,0.006816815055734281,0.05563970874945533,resnet50,gz2,hard,d4,224,full,bce,5000,0,False,True
resnet50_hard_d4_s224_full_bce_n5000_seed0,3,0.6,0.8,13454,0.2814173360107095,0.16701352757544224,0.8329864724245577,0.15281700609484172,0.0478816746051642,0.9858034785193994,0.9687068357087678,0.9975990314401136,0.010615096280513353,0.011883644895160451,resnet50,gz2,hard,d4,224,full,bce,5000,0,False,True
resnet50_hard_d4_s224_full_bce_n5000_seed0,4,0.8,1.0,16549,0.34615545515394913,0.22859387274155538,0.7714061272584446,0.2256933953713216,0.01203309100025069,0.9970995226297662,0.9946788693980413,0.999816560220242,0.005177048879750926,0.002543284280068997,resnet50,gz2,hard,d4,224,full,bce,5000,0,False,True
resnet50_hard_d4_s224_full_bce_n5000_seed1,0,0.0,0.2,5122,0.10713688085676037,0.4328387348691917,0.5671612651308082,0.04099960952752835,0.4971513500123854,0.6081608746583366,0.599545756969498,0.6370445245121215,0.2342634224338206,0.296341902035104,resnet50,gz2,hard,d4,224,full,bce,5000,1,False,True
resnet50_hard_d4_s224_full_bce_n5000_seed1,1,0.2,0.4,5706,0.11935240963855422,0.38310550297932,0.61689449702068,0.17928496319663512,0.2880852117909339,0.7961794602173151,0.7803643277468186,0.8611703869666472,0.08597062857493273,0.15253183497089792,resnet50,gz2,hard,d4,224,full,bce,5000,1,False,True
resnet50_hard_d4_s224_full_bce_n5000_seed1,2,0.4,0.6,6977,0.14593791834002678,0.29281926329367924,0.7071807367063208,0.21026229038268596,0.14268020807530343,0.9174430270890067,0.893733751501216,0.9674801357359138,0.014255408838287997,0.059243328449510815,resnet50,gz2,hard,d4,224,full,bce,5000,1,False,True
resnet50_hard_d4_s224_full_bce_n5000_seed1,3,0.6,0.8,13454,0.2814173360107095,0.16701352757544224,0.8329864724245577,0.149843912591051,0.05722070844686648,0.9828303850156087,0.9606955988510741,0.9965876594469039,0.004876535703101105,0.013836306320125096,resnet50,gz2,hard,d4,224,full,bce,5000,1,False,True
resnet50_hard_d4_s224_full_bce_n5000_seed1,4,0.8,1.0,16549,0.34615545515394913,0.22859387274155538,0.7714061272584446,0.22496827602876313,0.014862521674510775,0.9963744032872077,0.9927208117782792,0.9998410250695234,0.003962011127129718,0.003062173186192021,resnet50,gz2,hard,d4,224,full,bce,5000,1,False,True
resnet50_hard_d4_s224_full_bce_nfull_seed0,0,0.0,0.2,5122,0.10713688085676037,0.4328387348691917,0.5671612651308082,0.09019914096056236,0.6989247311827957,0.6573604060913706,0.6405690808856924,0.7094637975835295,0.14911901025079277,0.2390437526699849,resnet50,gz2,hard,d4,224,full,bce,0,0,False,True
resnet50_hard_d4_s224_full_bce_nfull_seed0,1,0.2,0.4,5706,0.11935240963855422,0.38310550297932,0.61689449702068,0.27584998247458814,0.24372759856630824,0.8927444794952681,0.8777882755967729,0.9598741084795808,0.007473075864732362,0.07701627798195147,resnet50,gz2,hard,d4,224,full,bce,0,0,False,True
resnet50_hard_d4_s224_full_bce_nfull_seed0,2,0.4,0.6,6977,0.14593791834002678,0.29281926329367924,0.7071807367063208,0.2760498781711337,0.04659498207885305,0.9832306148774544,0.9756676529603393,0.9981858426481639,0.01757294457916015,0.014613595415394908,resnet50,gz2,hard,d4,224,full,bce,0,0,False,True
resnet50_hard_d4_s224_full_bce_nfull_seed0,3,0.6,0.8,13454,0.2814173360107095,0.16701352757544224,0.8329864724245577,0.16522967147316792,0.009557945041816009,0.9982161438977256,0.9957269697093523,0.9999014578950016,0.0030050903574883733,0.0015618270198884238,resnet50,gz2,hard,d4,224,full,bce,0,0,False,True
resnet50_hard_d4_s224_full_bce_nfull_seed0,4,0.8,1.0,16549,0.34615545515394913,0.22859387274155538,0.7714061272584446,0.22841259290591576,0.0011947431302270011,0.9998187201643604,0.9996964929933625,0.9999984884181147,0.00041010508710263014,0.00014220740993172562,resnet50,gz2,hard,d4,224,full,bce,0,0,False,True
resnet50_hard_d4_s224_full_bce_nfull_seed1,0,0.0,0.2,5122,0.10713688085676037,0.4328387348691917,0.5671612651308082,0.09019914096056236,0.693950177935943,0.6573604060913706,0.6578214656421938,0.7117130419998182,0.1760086453486841,0.2521527373196831,resnet50,gz2,hard,d4,224,full,bce,0,1,False,True
resnet50_hard_d4_s224_full_bce_nfull_seed1,1,0.2,0.4,5706,0.11935240963855422,0.38310550297932,0.61689449702068,0.2721696459866807,0.25029655990510086,0.8890641430073607,0.8880677919404475,0.9579301780961491,0.012331012454589741,0.07985517799855248,resnet50,gz2,hard,d4,224,full,bce,0,1,False,True
resnet50_hard_d4_s224_full_bce_nfull_seed1,2,0.4,0.6,6977,0.14593791834002678,0.29281926329367924,0.7071807367063208,0.2751899097033109,0.04863582443653618,0.9823706464096317,0.9809390464161192,0.997608520577348,0.010135420079850478,0.01393383885227498,resnet50,gz2,hard,d4,224,full,bce,0,1,False,True
resnet50_hard_d4_s224_full_bce_nfull_seed1,3,0.6,0.8,13454,0.2814173360107095,0.16701352757544224,0.8329864724245577,0.1658986175115208,0.005931198102016607,0.9988850899360785,0.9979075438776444,0.9999851481977555,0.0020592189901600163,0.0009198445712261217,resnet50,gz2,hard,d4,224,full,bce,0,1,False,True
resnet50_hard_d4_s224_full_bce_nfull_seed1,4,0.8,1.0,16549,0.34615545515394913,0.22859387274155538,0.7714061272584446,0.22841259290591576,0.0011862396204033216,0.9998187201643604,0.9996964929933625,0.9999998343471906,0.0002653837903867244,0.00010958001845043469,resnet50,gz2,hard,d4,224,full,bce,0,1,False,True
resnet50_hard_d4_s224_full_bce_nfull_seed2,0,0.0,0.2,5122,0.10713688085676037,0.4328387348691917,0.5671612651308082,0.09527528309254207,0.7045639771801141,0.6624365482233503,0.6517741563586649,0.7116575328959371,0.12758883101491486,0.2317025801359028,resnet50,gz2,hard,d4,224,full,bce,0,2,False,True
resnet50_hard_d4_s224_full_bce_nfull_seed2,1,0.2,0.4,5706,0.11935240963855422,0.38310550297932,0.61689449702068,0.27865404837013663,0.24286878565607173,0.8955485453908166,0.8854353374781668,0.9570417766988272,0.024139323392750375,0.07877176989077539,resnet50,gz2,hard,d4,224,full,bce,0,2,False,True
resnet50_hard_d4_s224_full_bce_nfull_seed2,2,0.4,0.6,6977,0.14593791834002678,0.29281926329367924,0.7071807367063208,0.27662319048301565,0.04604726976365118,0.9838039271893364,0.9773636078467787,0.998200326542371,0.026569143573531694,0.015589647893011696,resnet50,gz2,hard,d4,224,full,bce,0,2,False,True
resnet50_hard_d4_s224_full_bce_nfull_seed2,3,0.6,0.8,13454,0.2814173360107095,0.16701352757544224,0.8329864724245577,0.16582429017392597,0.006519967400162999,0.9988107625984837,0.9967955052569224,0.9999918195955552,0.005295264455929266,0.0014025470701855697,resnet50,gz2,hard,d4,224,full,bce,0,2,False,True
resnet50_hard_d4_s224_full_bce_nfull_seed2,4,0.8,1.0,16549,0.34615545515394913,0.22859387274155538,0.7714061272584446,0.2285938727415554,0.0,1.0,1.0,1.0,0.0007887250469146593,0.00011175432128317453,resnet50,gz2,hard,d4,224,full,bce,0,2,False,True
resnet50_hard_d4_s224_full_bce_nfull_seed3,0,0.0,0.2,5122,0.10713688085676037,0.4328387348691917,0.5671612651308082,0.08766106989457245,0.7001980198019802,0.6548223350253807,0.6530735352001471,0.7109447649480582,0.150976515853564,0.24122443320498038,resnet50,gz2,hard,d4,224,full,bce,0,3,False,True
resnet50_hard_d4_s224_full_bce_nfull_seed3,1,0.2,0.4,5706,0.11935240963855422,0.38310550297932,0.61689449702068,0.2725201542236242,0.2499009900990099,0.8894146512443042,0.8864448608916244,0.9566110917616236,0.008850691465189053,0.07968897690635712,resnet50,gz2,hard,d4,224,full,bce,0,3,False,True
resnet50_hard_d4_s224_full_bce_nfull_seed3,2,0.4,0.6,6977,0.14593791834002678,0.29281926329367924,0.7071807367063208,0.2764798624050452,0.04514851485148515,0.9836605991113659,0.9807038815447608,0.9979544971598671,0.01966837327519074,0.014212861388924315,resnet50,gz2,hard,d4,224,full,bce,0,3,False,True
resnet50_hard_d4_s224_full_bce_nfull_seed3,3,0.6,0.8,13454,0.2814173360107095,0.16701352757544224,0.8329864724245577,0.16634458153708942,0.0035643564356435645,0.9993310539616471,0.9983531376556763,0.9999921174258142,0.0037662921257307427,0.0009506388593424587,resnet50,gz2,hard,d4,224,full,bce,0,3,False,True
resnet50_hard_d4_s224_full_bce_nfull_seed3,4,0.8,1.0,16549,0.34615545515394913,0.22859387274155538,0.7714061272584446,0.22841259290591576,0.001188118811881188,0.9998187201643604,0.9996964929933625,0.9999875346260961,0.0003217870002836836,0.00017260737433654922,resnet50,gz2,hard,d4,224,full,bce,0,3,False,True
resnet50_hard_d4_s224_full_bce_nfull_seed4,0,0.0,0.2,5122,0.10713688085676037,0.4328387348691917,0.5671612651308082,0.09547051932838735,0.7102342786683107,0.6626317844591956,0.6534418361635213,0.7176468487520544,0.1470571445887689,0.23584253499864885,resnet50,gz2,hard,d4,224,full,bce,0,4,False,True
resnet50_hard_d4_s224_full_bce_nfull_seed4,1,0.2,0.4,5706,0.11935240963855422,0.38310550297932,0.61689449702068,0.28145811426568523,0.23838882038635428,0.8983526112863652,0.8896150867088082,0.9597712457373366,0.014083272437526656,0.07544061316579072,resnet50,gz2,hard,d4,224,full,bce,0,4,False,True
resnet50_hard_d4_s224_full_bce_nfull_seed4,2,0.4,0.6,6977,0.14593791834002678,0.29281926329367924,0.7071807367063208,0.27776981510677945,0.04315659679408138,0.9849505518131002,0.9794649133615114,0.9980537515170887,0.018346815230608896,0.013343036411922636,resnet50,gz2,hard,d4,224,full,bce,0,4,False,True
resnet50_hard_d4_s224_full_bce_nfull_seed4,3,0.6,0.8,13454,0.2814173360107095,0.16701352757544224,0.8329864724245577,0.16567563549873654,0.007398273736128237,0.9986621079232942,0.9968841792526756,0.9999856048708193,0.0030683987888425884,0.0012836019228048986,resnet50,gz2,hard,d4,224,full,bce,0,4,False,True
resnet50_hard_d4_s224_full_bce_nfull_seed4,4,0.8,1.0,16549,0.34615545515394913,0.22859387274155538,0.7714061272584446,0.22847301951779564,0.0008220304151253596,0.9998791467762402,0.9998286632286255,0.9999974945012586,0.00030557594766259335,0.00010543898399816721,resnet50,gz2,hard,d4,224,full,bce,0,4,False,True
resnet50_hard_debiased_d4_s224_full_bce_nfull_seed0,0,0.0,0.2,5122,0.10713688085676037,0.4328387348691917,0.5671612651308082,-0.10640374853572815,0.1841087854952673,0.4607575165950801,0.5195919188060962,0.6173357648649886,0.4607351794769355,0.4713849750051336,resnet50,gz2,hard_debiased,d4,224,full,bce,0,0,False,True
resnet50_hard_debiased_d4_s224_full_bce_nfull_seed0,1,0.2,0.4,5706,0.11935240963855422,0.38310550297932,0.61689449702068,-0.15264633718892395,0.20377283028929477,0.46424815983175605,0.5623864156200615,0.8045673526782,0.4399601993860763,0.44177856942001176,resnet50,gz2,hard_debiased,d4,224,full,bce,0,0,False,True
resnet50_hard_debiased_d4_s224_full_bce_nfull_seed0,2,0.4,0.6,6977,0.14593791834002678,0.29281926329367924,0.7071807367063208,-0.20925899383689262,0.23350219970670577,0.49792174286942814,0.6430065806482078,0.9418003897159589,0.3636879637965956,0.3736691870986742,resnet50,gz2,hard_debiased,d4,224,full,bce,0,0,False,True
resnet50_hard_debiased_d4_s224_full_bce_nfull_seed0,3,0.6,0.8,13454,0.2814173360107095,0.16701352757544224,0.8329864724245577,-0.1242009811208562,0.2611651779762698,0.7087854913037015,0.8241311129809556,0.9932114556318887,0.10834813824679781,0.19635410681771232,resnet50,gz2,hard_debiased,d4,224,full,bce,0,0,False,True
resnet50_hard_debiased_d4_s224_full_bce_nfull_seed0,4,0.8,1.0,16549,0.34615545515394913,0.22859387274155538,0.7714061272584446,0.12212218260922114,0.11745100653246233,0.8935283098676657,0.9308025559731525,0.9996507831712813,0.035495055469536574,0.07719901780998846,resnet50,gz2,hard_debiased,d4,224,full,bce,0,0,False,True
resnet50_hard_debiased_d4_s224_full_bce_nfull_seed1,0,0.0,0.2,5122,0.10713688085676037,0.4328387348691917,0.5671612651308082,-0.10757516595080041,0.18152009967866745,0.4595860991800078,0.5198411275102343,0.6078037260194848,0.4699140062094464,0.4802746633198432,resnet50,gz2,hard_debiased,d4,224,full,bce,0,1,False,True
resnet50_hard_debiased_d4_s224_full_bce_nfull_seed1,1,0.2,0.4,5706,0.11935240963855422,0.38310550297932,0.61689449702068,-0.1512443042411497,0.19994753754344546,0.4656501927795303,0.5651697527655327,0.7927589957789237,0.44825734953848384,0.4527066045687646,resnet50,gz2,hard_debiased,d4,224,full,bce,0,1,False,True
resnet50_hard_debiased_d4_s224_full_bce_nfull_seed1,2,0.4,0.6,6977,0.14593791834002678,0.29281926329367924,0.7071807367063208,-0.21671205389135728,0.23313004131418455,0.4904686828149635,0.6388842262654112,0.9354161173203368,0.3847163809676648,0.3925574412288842,resnet50,gz2,hard_debiased,d4,224,full,bce,0,1,False,True
resnet50_hard_debiased_d4_s224_full_bce_nfull_seed1,3,0.6,0.8,13454,0.2814173360107095,0.16701352757544224,0.8329864724245577,-0.1384718299390515,0.26952587054888844,0.6945146424855062,0.8160987500302297,0.9926222481030099,0.13454212500455692,0.21476676473560286,resnet50,gz2,hard_debiased,d4,224,full,bce,0,1,False,True
resnet50_hard_debiased_d4_s224_full_bce_nfull_seed1,4,0.8,1.0,16549,0.34615545515394913,0.22859387274155538,0.7714061272584446,0.12182004954982173,0.11587645091481409,0.8932261768082663,0.9306997269917463,0.9997334439231489,0.033516073268446175,0.08041422232106614,resnet50,gz2,hard_debiased,d4,224,full,bce,0,1,False,True
resnet50_hard_debiased_d4_s224_full_bce_nfull_seed2,0,0.0,0.2,5122,0.10713688085676037,0.4328387348691917,0.5671612651308082,-0.09742288168684105,0.1933233682112606,0.4697383834439672,0.5269751730680696,0.6035715256153165,0.45757570900409594,0.47194636824707714,resnet50,gz2,hard_debiased,d4,224,full,bce,0,2,False,True
resnet50_hard_debiased_d4_s224_full_bce_nfull_seed2,1,0.2,0.4,5706,0.11935240963855422,0.38310550297932,0.61689449702068,-0.13056431826147918,0.20862694853726244,0.4863301787592008,0.5812376538717459,0.7944625665391334,0.4274317801317453,0.4396594112514783,resnet50,gz2,hard_debiased,d4,224,full,bce,0,2,False,True
resnet50_hard_debiased_d4_s224_full_bce_nfull_seed2,2,0.4,0.6,6977,0.14593791834002678,0.29281926329367924,0.7071807367063208,-0.1900530313888491,0.23980354473628016,0.5171277053174717,0.6574462295348031,0.9416897764143075,0.3599145748077641,0.3769501747431612,resnet50,gz2,hard_debiased,d4,224,full,bce,0,2,False,True
resnet50_hard_debiased_d4_s224_full_bce_nfull_seed2,3,0.6,0.8,13454,0.2814173360107095,0.16701352757544224,0.8329864724245577,-0.10056488776572015,0.25624599615631005,0.7324215846588376,0.8392081940331575,0.9944044643723333,0.10676774580212021,0.1944842106433701,resnet50,gz2,hard_debiased,d4,224,full,bce,0,2,False,True
resnet50_hard_debiased_d4_s224_full_bce_nfull_seed2,4,0.8,1.0,16549,0.34615545515394913,0.22859387274155538,0.7714061272584446,0.142002537917699,0.10200014235888676,0.9134086651761436,0.9438743537521541,0.9998940132619155,0.040614642617311576,0.06996438166620203,resnet50,gz2,hard_debiased,d4,224,full,bce,0,2,False,True
resnet50_soft_d4_photo_s224_full_bce_nfull_seed0,0,0.0,0.2,5122,0.10713688085676037,0.4328387348691917,0.5671612651308082,0.11089418196017187,0.7529680365296804,0.6780554470909801,0.6731281592637708,0.73401675520951,0.08645413267291274,0.21639550247876307,resnet50,gz2,soft,d4_photo,224,full,bce,0,0,False,True
resnet50_soft_d4_photo_s224_full_bce_nfull_seed0,1,0.2,0.4,5706,0.11935240963855422,0.38310550297932,0.61689449702068,0.3003855590606379,0.21552511415525114,0.9172800560813179,0.9119773039174914,0.9749627016967479,0.26311395613328437,0.13514836321297438,resnet50,gz2,soft,d4_photo,224,full,bce,0,0,False,True
resnet50_soft_d4_photo_s224_full_bce_nfull_seed0,2,0.4,0.6,6977,0.14593791834002678,0.29281926329367924,0.7071807367063208,0.2845062347713917,0.026484018264840183,0.9916869714777125,0.9891033993302886,0.9993279373883078,0.24127888291971686,0.07071424505790543,resnet50,gz2,soft,d4_photo,224,full,bce,0,0,False,True
resnet50_soft_d4_photo_s224_full_bce_nfull_seed0,3,0.6,0.8,13454,0.2814173360107095,0.16701352757544224,0.8329864724245577,0.16634458153708942,0.00410958904109589,0.9993310539616471,0.998708945538322,0.9999747837047456,0.14343390496918673,0.025291262757985003,resnet50,gz2,soft,d4_photo,224,full,bce,0,0,False,True
resnet50_soft_d4_photo_s224_full_bce_nfull_seed0,4,0.8,1.0,16549,0.34615545515394913,0.22859387274155538,0.7714061272584446,0.22847301951779564,0.0009132420091324201,0.9998791467762402,0.9998286632286255,0.9999999792933989,0.08465395111015925,0.00880128301102423,resnet50,gz2,soft,d4_photo,224,full,bce,0,0,False,True
resnet50_soft_d4_photo_s224_full_bce_nfull_seed1,0,0.0,0.2,5122,0.10713688085676037,0.4328387348691917,0.5671612651308082,0.11343225302616167,0.7570569180934752,0.6805935181569699,0.6748849641752783,0.7344914939091375,0.08895894940920705,0.21652150188055172,resnet50,gz2,soft,d4_photo,224,full,bce,0,1,False,True
resnet50_soft_d4_photo_s224_full_bce_nfull_seed1,1,0.2,0.4,5706,0.11935240963855422,0.38310550297932,0.61689449702068,0.3017875920084122,0.21471540953262377,0.9186820890290922,0.9138938129002745,0.9762258405763954,0.2643907793281457,0.13468202635460752,resnet50,gz2,soft,d4_photo,224,full,bce,0,1,False,True
resnet50_soft_d4_photo_s224_full_bce_nfull_seed1,2,0.4,0.6,6977,0.14593791834002678,0.29281926329367924,0.7071807367063208,0.2849362190053032,0.025451180009254976,0.992116955711624,0.9898376137208906,0.9994030353877248,0.24181026355461538,0.07068815668827791,resnet50,gz2,soft,d4_photo,224,full,bce,0,1,False,True
resnet50_soft_d4_photo_s224_full_bce_nfull_seed1,3,0.6,0.8,13454,0.2814173360107095,0.16701352757544224,0.8329864724245577,0.16656756354987368,0.002776492364645997,0.9995540359744314,0.9991985983393223,0.9999975180811759,0.14338070618674567,0.02514768973831724,resnet50,gz2,soft,d4_photo,224,full,bce,0,1,False,True
resnet50_soft_d4_photo_s224_full_bce_nfull_seed1,4,0.8,1.0,16549,0.34615545515394913,0.22859387274155538,0.7714061272584446,0.2285938727415554,0.0,1.0,1.0,1.0,0.0842576211814621,0.00873054333200207,resnet50,gz2,soft,d4_photo,224,full,bce,0,1,False,True
resnet50_soft_d4_photo_s224_full_bce_nfull_seed2,0,0.0,0.2,5122,0.10713688085676037,0.4328387348691917,0.5671612651308082,0.10816087465833668,0.7624942686840899,0.6753221397891449,0.6689024802088694,0.7306140083240366,0.0825401624487928,0.21649786479315827,resnet50,gz2,soft,d4_photo,224,full,bce,0,2,False,True
resnet50_soft_d4_photo_s224_full_bce_nfull_seed2,1,0.2,0.4,5706,0.11935240963855422,0.38310550297932,0.61689449702068,0.30336487907465826,0.20861989912884,0.9202593760953383,0.9147388079098395,0.9751089058471263,0.2646403642018093,0.13436375517563948,resnet50,gz2,soft,d4_photo,224,full,bce,0,2,False,True
resnet50_soft_d4_photo_s224_full_bce_nfull_seed2,2,0.4,0.6,6977,0.14593791834002678,0.29281926329367924,0.7071807367063208,0.28464956284936216,0.026134800550206328,0.9918302995556829,0.989204736987362,0.9992504584747746,0.23836217099560164,0.06925439761686261,resnet50,gz2,soft,d4_photo,224,full,bce,0,2,False,True
resnet50_soft_d4_photo_s224_full_bce_nfull_seed2,3,0.6,0.8,13454,0.2814173360107095,0.16701352757544224,0.8329864724245577,0.16656756354987368,0.002751031636863824,0.9995540359744314,0.9993765022806451,0.9999946787660408,0.14135763290076145,0.024519206301468584,resnet50,gz2,soft,d4_photo,224,full,bce,0,2,False,True
resnet50_soft_d4_photo_s224_full_bce_nfull_seed2,4,0.8,1.0,16549,0.34615545515394913,0.22859387274155538,0.7714061272584446,0.2285938727415554,0.0,1.0,1.0,1.0,0.08323584121913466,0.008511501314893668,resnet50,gz2,soft,d4_photo,224,full,bce,0,2,False,True
resnet50_soft_d4_s112_full_bce_nfull_seed0,0,0.0,0.2,5122,0.10713688085676037,0.4328387348691917,0.5671612651308082,0.10327996876220236,0.7384076990376203,0.6704412338930106,0.6683384611323702,0.7281033664912889,0.07569347563745546,0.21759717606352635,resnet50,gz2,soft,d4,112,full,bce,0,0,False,True
resnet50_soft_d4_s112_full_bce_nfull_seed0,1,0.2,0.4,5706,0.11935240963855422,0.38310550297932,0.61689449702068,0.29565369786189977,0.21828521434820647,0.9125481948825798,0.9110026095816353,0.9693129184687681,0.25802311307890685,0.13703717660920725,resnet50,gz2,soft,d4,112,full,bce,0,0,False,True
resnet50_soft_d4_s112_full_bce_nfull_seed0,2,0.4,0.6,6977,0.14593791834002678,0.29281926329367924,0.7071807367063208,0.28006306435430706,0.0389326334208224,0.9872438010606278,0.9839543253372317,0.9986485336247571,0.2389448817439727,0.07282141034660394,resnet50,gz2,soft,d4,112,full,bce,0,0,False,True
resnet50_soft_d4_s112_full_bce_nfull_seed0,3,0.6,0.8,13454,0.2814173360107095,0.16701352757544224,0.8329864724245577,0.1662702541994946,0.004374453193350831,0.9992567266240523,0.9981306187415686,0.9999926535202802,0.1444783488473208,0.025998330945088806,resnet50,gz2,soft,d4,112,full,bce,0,0,False,True
resnet50_soft_d4_s112_full_bce_nfull_seed0,4,0.8,1.0,16549,0.34615545515394913,0.22859387274155538,0.7714061272584446,0.2285938727415554,0.0,1.0,1.0,1.0,0.08465065569740385,0.008935533640939845,resnet50,gz2,soft,d4,112,full,bce,0,0,False,True
resnet50_soft_d4_s112_full_bce_nfull_seed1,0,0.0,0.2,5122,0.10713688085676037,0.4328387348691917,0.5671612651308082,0.11362748926200705,0.7260213143872114,0.6807887543928153,0.6779947937895017,0.7317330408042376,0.08415238251302308,0.2167308234687988,resnet50,gz2,soft,d4,112,full,bce,0,1,False,True
resnet50_soft_d4_s112_full_bce_nfull_seed1,1,0.2,0.4,5706,0.11935240963855422,0.38310550297932,0.61689449702068,0.2926743778478794,0.2291296625222025,0.9095688748685594,0.9071142289777925,0.9690364951551194,0.25201340019964064,0.13542800866025914,resnet50,gz2,soft,d4,112,full,bce,0,1,False,True
resnet50_soft_d4_s112_full_bce_nfull_seed1,2,0.4,0.6,6977,0.14593791834002678,0.29281926329367924,0.7071807367063208,0.279776408198366,0.040408525754884544,0.9869571449046868,0.983751650023085,0.9983250765215876,0.23544548845947244,0.07147128244474406,resnet50,gz2,soft,d4,112,full,bce,0,1,False,True
resnet50_soft_d4_s112_full_bce_nfull_seed1,3,0.6,0.8,13454,0.2814173360107095,0.16701352757544224,0.8329864724245577,0.1662702541994946,0.004440497335701598,0.9992567266240523,0.9981306187415686,0.9999942022376266,0.14273486037947536,0.02530972529582431,resnet50,gz2,soft,d4,112,full,bce,0,1,False,True
resnet50_soft_d4_s112_full_bce_nfull_seed1,4,0.8,1.0,16549,0.34615545515394913,0.22859387274155538,0.7714061272584446,0.2285938727415554,0.0,1.0,1.0,0.9999999999999999,0.0836325921060857,0.008716734122120928,resnet50,gz2,soft,d4,112,full,bce,0,1,False,True
resnet50_soft_d4_s160_full_bce_nfull_seed0,0,0.0,0.2,5122,0.10713688085676037,0.4328387348691917,0.5671612651308082,0.10640374853572832,0.729175752289577,0.6735650136665365,0.6710923337657608,0.7270243160929044,0.07884643106564601,0.21765138275943477,resnet50,gz2,soft,d4,160,full,bce,0,0,False,True
resnet50_soft_d4_s160_full_bce_nfull_seed0,1,0.2,0.4,5706,0.11935240963855422,0.38310550297932,0.61689449702068,0.28934454959691547,0.23331879633667685,0.9062390466175955,0.9040686340763536,0.9676595769566665,0.25129365034027973,0.13712675903767,resnet50,gz2,soft,d4,160,full,bce,0,0,False,True
resnet50_soft_d4_s160_full_bce_nfull_seed0,2,0.4,0.6,6977,0.14593791834002678,0.29281926329367924,0.7071807367063208,0.2817830012899527,0.033580462276493674,0.9889637379962735,0.9857439791146214,0.99885205217932,0.2394888754968778,0.07194148474604857,resnet50,gz2,soft,d4,160,full,bce,0,0,False,True
resnet50_soft_d4_s160_full_bce_nfull_seed0,3,0.6,0.8,13454,0.2814173360107095,0.16701352757544224,0.8329864724245577,0.16641890887468413,0.0034888791975577847,0.9994053812992418,0.9987535605111069,0.9999915217652963,0.14327500918009287,0.025517391778116395,resnet50,gz2,soft,d4,160,full,bce,0,0,False,True
resnet50_soft_d4_s160_full_bce_nfull_seed0,4,0.8,1.0,16549,0.34615545515394913,0.22859387274155538,0.7714061272584446,0.22853344612967552,0.0004361098996947231,0.9999395733881201,0.999867829764737,0.9999992442090573,0.08363976050950521,0.008724480205994962,resnet50,gz2,soft,d4,160,full,bce,0,0,False,True
resnet50_soft_d4_s160_full_bce_nfull_seed1,0,0.0,0.2,5122,0.10713688085676037,0.4328387348691917,0.5671612651308082,0.10210855134713004,0.7416812609457093,0.6692698164779383,0.6652760665705544,0.723631195961111,0.0739768070809918,0.21773721289667655,resnet50,gz2,soft,d4,160,full,bce,0,1,False,True
resnet50_soft_d4_s160_full_bce_nfull_seed1,1,0.2,0.4,5706,0.11935240963855422,0.38310550297932,0.61689449702068,0.2947774272695408,0.22066549912434325,0.9116719242902208,0.9077785806371121,0.971513323421775,0.2551913553156165,0.1350096874441514,resnet50,gz2,soft,d4,160,full,bce,0,1,False,True
resnet50_soft_d4_s160_full_bce_nfull_seed1,2,0.4,0.6,6977,0.14593791834002678,0.29281926329367924,0.7071807367063208,0.2814963451340118,0.03458844133099825,0.9886770818403325,0.984824301434838,0.9989068132039942,0.23586010451149475,0.07017809133691835,resnet50,gz2,soft,d4,160,full,bce,0,1,False,True
resnet50_soft_d4_s160_full_bce_nfull_seed1,3,0.6,0.8,13454,0.2814173360107095,0.16701352757544224,0.8329864724245577,0.16656756354987368,0.002626970227670753,0.9995540359744314,0.9991985983393223,0.9999970018420603,0.14128674840466268,0.02465963993175511,resnet50,gz2,soft,d4,160,full,bce,0,1,False,True
resnet50_soft_d4_s160_full_bce_nfull_seed1,4,0.8,1.0,16549,0.34615545515394913,0.22859387274155538,0.7714061272584446,0.22853344612967552,0.00043782837127845885,0.9999395733881201,0.999867829764737,0.9999999171735953,0.08284252632709402,0.00853179158102863,resnet50,gz2,soft,d4,160,full,bce,0,1,False,True
resnet50_soft_d4_s224_frozen_bce_nfull_seed0,0,0.0,0.2,5122,0.10713688085676037,0.4328387348691917,0.5671612651308082,-0.0017571261226082546,0.31268436578171094,0.5654041390082,0.5512763600312715,0.577303918942734,0.09289492371050975,0.2546322048386526,resnet50,gz2,soft,d4,224,frozen,bce,0,0,False,True
resnet50_soft_d4_s224_frozen_bce_nfull_seed0,1,0.2,0.4,5706,0.11935240963855422,0.38310550297932,0.61689449702068,0.05835962145110407,0.26028936648405676,0.6752541184717841,0.6442992077684438,0.704012946539965,0.01451763847227155,0.20911183208283957,resnet50,gz2,soft,d4,224,frozen,bce,0,0,False,True
resnet50_soft_d4_s224_frozen_bce_nfull_seed0,2,0.4,0.6,6977,0.14593791834002678,0.29281926329367924,0.7071807367063208,0.10032965457933207,0.18865009130495855,0.8075103912856528,0.7536285627155596,0.8505435230108406,0.10428748176839871,0.14841982770792467,resnet50,gz2,soft,d4,224,frozen,bce,0,0,False,True
resnet50_soft_d4_s224_frozen_bce_nfull_seed0,3,0.6,0.8,13454,0.2814173360107095,0.16701352757544224,0.8329864724245577,0.08792924037460981,0.14945919370698132,0.9209157127991675,0.8271073903243049,0.9493242608676971,0.1444641107860003,0.0817434793642874,resnet50,gz2,soft,d4,224,frozen,bce,0,0,False,True
resnet50_soft_d4_s224_frozen_bce_nfull_seed0,4,0.8,1.0,16549,0.34615545515394913,0.22859387274155538,0.7714061272584446,0.1903438274215965,0.08891698272229245,0.9617499546800411,0.9274966849766859,0.9906067299187071,0.14134690715184475,0.05270795396075534,resnet50,gz2,soft,d4,224,frozen,bce,0,0,False,True
resnet50_soft_d4_s224_frozen_bce_nfull_seed1,0,0.0,0.2,5122,0.10713688085676037,0.4328387348691917,0.5671612651308082,0.0015618898867630904,0.31178546224417786,0.5687231550175713,0.5519055926004424,0.5728486728666066,0.08913385860162994,0.25503884468423466,resnet50,gz2,soft,d4,224,frozen,bce,0,1,False,True
resnet50_soft_d4_s224_frozen_bce_nfull_seed1,1,0.2,0.4,5706,0.11935240963855422,0.38310550297932,0.61689449702068,0.055730809674027326,0.2636556104446013,0.6726253066947073,0.6381811164018963,0.6989881373201364,0.012725973041526378,0.21021617820681573,resnet50,gz2,soft,d4,224,frozen,bce,0,1,False,True
resnet50_soft_d4_s224_frozen_bce_nfull_seed1,2,0.4,0.6,6977,0.14593791834002678,0.29281926329367924,0.7071807367063208,0.10047298265730253,0.18941425546930135,0.8076537193636233,0.7488542842863042,0.8495230533001356,0.10240011298392267,0.14774283791510978,resnet50,gz2,soft,d4,224,frozen,bce,0,1,False,True
resnet50_soft_d4_s224_frozen_bce_nfull_seed1,3,0.6,0.8,13454,0.2814173360107095,0.16701352757544224,0.8329864724245577,0.09194291660472731,0.14255469301340862,0.924929389029285,0.8280933673241051,0.9495035745389121,0.1448390793806501,0.08048201695549495,resnet50,gz2,soft,d4,224,frozen,bce,0,1,False,True
resnet50_soft_d4_s224_frozen_bce_nfull_seed1,4,0.8,1.0,16549,0.34615545515394913,0.22859387274155538,0.7714061272584446,0.18895401534835943,0.09258997882851094,0.960360142606804,0.9238057436715761,0.990539040039485,0.13729392899132728,0.05206909378786273,resnet50,gz2,soft,d4,224,frozen,bce,0,1,False,True
resnet50_soft_d4_s224_full_bce_n10000_seed0,0,0.0,0.2,5122,0.10713688085676037,0.4328387348691917,0.5671612651308082,0.059937524404529485,0.5860693464252839,0.6270987895353377,0.6189651705604556,0.6614242005718601,0.017881191513446196,0.2284719080239028,resnet50,gz2,soft,d4,224,full,bce,10000,0,False,True
resnet50_soft_d4_s224_full_bce_n10000_seed0,1,0.2,0.4,5706,0.11935240963855422,0.38310550297932,0.61689449702068,0.21924290220820186,0.2868978214176128,0.8361373992288819,0.8259264794560426,0.9057716200199618,0.1686208103017936,0.14984362141711857,resnet50,gz2,soft,d4,224,full,bce,10000,0,False,True
resnet50_soft_d4_s224_full_bce_n10000_seed0,2,0.4,0.6,6977,0.14593791834002678,0.29281926329367924,0.7071807367063208,0.2505374802923893,0.09051856397667997,0.9577182169987101,0.9451537088392032,0.9868512033834377,0.21055936027930663,0.08230596327568367,resnet50,gz2,soft,d4,224,full,bce,10000,0,False,True
resnet50_soft_d4_s224_full_bce_n10000_seed0,3,0.6,0.8,13454,0.2814173360107095,0.16701352757544224,0.8329864724245577,0.15958079381596557,0.03068425897514575,0.9925672662405233,0.9820178031809781,0.9995817867504372,0.1434723979602296,0.030942931153887698,resnet50,gz2,soft,d4,224,full,bce,10000,0,False,True
resnet50_soft_d4_s224_full_bce_n10000_seed0,4,0.8,1.0,16549,0.34615545515394913,0.22859387274155538,0.7714061272584446,0.22744576711583786,0.005830009205277692,0.9988518943742825,0.9975817692291542,0.9999787032606976,0.09145545034019738,0.011670464627589777,resnet50,gz2,soft,d4,224,full,bce,10000,0,False,True
resnet50_soft_d4_s224_full_bce_n10000_seed1,0,0.0,0.2,5122,0.10713688085676037,0.4328387348691917,0.5671612651308082,0.06794221007418988,0.5910815939278937,0.6351034752049981,0.6326985886713294,0.6764913898780895,0.022133094822636645,0.2266601285264707,resnet50,gz2,soft,d4,224,full,bce,10000,1,False,True
resnet50_soft_d4_s224_full_bce_n10000_seed1,1,0.2,0.4,5706,0.11935240963855422,0.38310550297932,0.61689449702068,0.2246757798808272,0.28589500316255534,0.8415702769015072,0.8367444169508442,0.9102697694003159,0.18014913748151956,0.15133549979109934,resnet50,gz2,soft,d4,224,full,bce,10000,1,False,True
resnet50_soft_d4_s224_full_bce_n10000_seed1,2,0.4,0.6,6977,0.14593791834002678,0.29281926329367924,0.7071807367063208,0.25082413644833024,0.09266287160025301,0.958004873154651,0.9483677940890236,0.9876275797948485,0.21652152902670008,0.08475517817401217,resnet50,gz2,soft,d4,224,full,bce,10000,1,False,True
resnet50_soft_d4_s224_full_bce_n10000_seed1,3,0.6,0.8,13454,0.2814173360107095,0.16701352757544224,0.8329864724245577,0.16062137654229236,0.02719797596457938,0.9936078489668501,0.9847772600958402,0.9995852812921417,0.1477318824867931,0.03182699722111004,resnet50,gz2,soft,d4,224,full,bce,10000,1,False,True
resnet50_soft_d4_s224_full_bce_n10000_seed1,4,0.8,1.0,16549,0.34615545515394913,0.22859387274155538,0.7714061272584446,0.2279896066227567,0.0031625553447185324,0.9993957338812013,0.9987713013465214,0.9999309331318,0.093785392255432,0.012044413937559884,resnet50,gz2,soft,d4,224,full,bce,10000,1,False,True
resnet50_soft_d4_s224_full_bce_n2000_seed0,0,0.0,0.2,5122,0.10713688085676037,0.4328387348691917,0.5671612651308082,0.028699726669269898,0.4485373781148429,0.5958609918000781,0.588809209387327,0.6184532446429833,0.05365715303873931,0.2430875657343681,resnet50,gz2,soft,d4,224,full,bce,2000,0,False,True
resnet50_soft_d4_s224_full_bce_n2000_seed0,1,0.2,0.4,5706,0.11935240963855422,0.38310550297932,0.61689449702068,0.14283210655450407,0.2970747562296858,0.7597266035751841,0.7441442963486651,0.8129216527696913,0.08329243832579568,0.1761108382665562,resnet50,gz2,soft,d4,224,full,bce,2000,0,False,True
resnet50_soft_d4_s224_full_bce_n2000_seed0,2,0.4,0.6,6977,0.14593791834002678,0.29281926329367924,0.7071807367063208,0.18904973484305576,0.15687973997833152,0.8962304715493765,0.8702751503398457,0.9451342647072536,0.1627964836996333,0.10682828336687875,resnet50,gz2,soft,d4,224,full,bce,2000,0,False,True
resnet50_soft_d4_s224_full_bce_n2000_seed0,3,0.6,0.8,13454,0.2814173360107095,0.16701352757544224,0.8329864724245577,0.1417422327932214,0.07367280606717226,0.9747287052177791,0.9414223475703742,0.9932542836231202,0.14783529159854542,0.04532444003009782,resnet50,gz2,soft,d4,224,full,bce,2000,0,False,True
resnet50_soft_d4_s224_full_bce_n2000_seed0,4,0.8,1.0,16549,0.34615545515394913,0.22859387274155538,0.7714061272584446,0.22194694543476945,0.023835319609967497,0.993353072693214,0.98685632960834,0.9993179970305905,0.11104396254819655,0.02096960886202595,resnet50,gz2,soft,d4,224,full,bce,2000,0,False,True
resnet50_soft_d4_s224_full_bce_n2000_seed1,0,0.0,0.2,5122,0.10713688085676037,0.4328387348691917,0.5671612651308082,0.035923467395548636,0.4231009365244537,0.6030847325263569,0.5897828313058924,0.6156547318211566,0.0517119299940407,0.2415463652425437,resnet50,gz2,soft,d4,224,full,bce,2000,1,False,True
resnet50_soft_d4_s224_full_bce_n2000_seed1,1,0.2,0.4,5706,0.11935240963855422,0.38310550297932,0.61689449702068,0.13810024535576582,0.29094693028095736,0.7549947423764458,0.7314674218165184,0.8059824788946186,0.08843926627148445,0.17820023988772649,resnet50,gz2,soft,d4,224,full,bce,2000,1,False,True
resnet50_soft_d4_s224_full_bce_n2000_seed1,2,0.4,0.6,6977,0.14593791834002678,0.29281926329367924,0.7071807367063208,0.18102336247670925,0.16233090530697192,0.88820409918303,0.85054699517726,0.9377983210984109,0.16125308015456258,0.11194533681459164,resnet50,gz2,soft,d4,224,full,bce,2000,1,False,True
resnet50_soft_d4_s224_full_bce_n2000_seed1,3,0.6,0.8,13454,0.2814173360107095,0.16701352757544224,0.8329864724245577,0.13520142708488192,0.0890738813735692,0.9681878995094396,0.9213069713049282,0.9895648815078345,0.14768973358448415,0.05035620887884243,resnet50,gz2,soft,d4,224,full,bce,2000,1,False,True
resnet50_soft_d4_s224_full_bce_n2000_seed1,4,0.8,1.0,16549,0.34615545515394913,0.22859387274155538,0.7714061272584446,0.2185630551694967,0.034547346514047866,0.9899691824279413,0.9791757853361566,0.9993557244579209,0.11248611862431811,0.023527437047182465,resnet50,gz2,soft,d4,224,full,bce,2000,1,False,True
resnet50_soft_d4_s224_full_bce_n25000_seed0,0,0.0,0.2,5122,0.10713688085676037,0.4328387348691917,0.5671612651308082,0.08160874658336592,0.6592158299743496,0.6487700117141741,0.6433580445889493,0.6935564411133807,0.04215507850208025,0.2222537335266991,resnet50,gz2,soft,d4,224,full,bce,25000,0,False,True
resnet50_soft_d4_s224_full_bce_n25000_seed0,1,0.2,0.4,5706,0.11935240963855422,0.38310550297932,0.61689449702068,0.25797406239046616,0.2616342982777574,0.8748685594111462,0.866420220618814,0.9375333345462863,0.21255008236639258,0.1422790617380989,resnet50,gz2,soft,d4,224,full,bce,25000,0,False,True
resnet50_soft_d4_s224_full_bce_n25000_seed0,2,0.4,0.6,6977,0.14593791834002678,0.29281926329367924,0.7071807367063208,0.2675935215708758,0.06449248809087578,0.9747742582771965,0.967107522676719,0.9952138666025407,0.22602981121582438,0.07605020118058055,resnet50,gz2,soft,d4,224,full,bce,25000,0,False,True
resnet50_soft_d4_s224_full_bce_n25000_seed0,3,0.6,0.8,13454,0.2814173360107095,0.16701352757544224,0.8329864724245577,0.16456072543481493,0.012092341517039208,0.9975471978593726,0.9940801073650286,0.9999394411806881,0.14456074365630794,0.02783916176378723,resnet50,gz2,soft,d4,224,full,bce,25000,0,False,True
resnet50_soft_d4_s224_full_bce_n25000_seed0,4,0.8,1.0,16549,0.34615545515394913,0.22859387274155538,0.7714061272584446,0.22817088645839634,0.002565042139978014,0.9995770137168409,0.9991678120523104,0.9999938811993545,0.08693784480858535,0.009890103281314596,resnet50,gz2,soft,d4,224,full,bce,25000,0,False,True
resnet50_soft_d4_s224_full_bce_n25000_seed1,0,0.0,0.2,5122,0.10713688085676037,0.4328387348691917,0.5671612651308082,0.07301835220616948,0.6665461121157323,0.6401796173369777,0.6346098098172703,0.6923522429171548,0.032476724709839824,0.22186770173994796,resnet50,gz2,soft,d4,224,full,bce,25000,1,False,True
resnet50_soft_d4_s224_full_bce_n25000_seed1,1,0.2,0.4,5706,0.11935240963855422,0.38310550297932,0.61689449702068,0.2570977917981072,0.26003616636528026,0.8739922888187872,0.8669235527738501,0.9398569408633453,0.21317818227736227,0.1422348166852933,resnet50,gz2,soft,d4,224,full,bce,25000,1,False,True
resnet50_soft_d4_s224_full_bce_n25000_seed1,2,0.4,0.6,6977,0.14593791834002678,0.29281926329367924,0.7071807367063208,0.268596818116669,0.06112115732368897,0.9757775548229898,0.9686772891149964,0.9946691332936911,0.2268101516489025,0.07606197109086696,resnet50,gz2,soft,d4,224,full,bce,25000,1,False,True
resnet50_soft_d4_s224_full_bce_n25000_seed1,3,0.6,0.8,13454,0.2814173360107095,0.16701352757544224,0.8329864724245577,0.16470938011000447,0.011211573236889693,0.9976958525345622,0.9943472412519212,0.9999350730035574,0.1454517383850259,0.0279107627945094,resnet50,gz2,soft,d4,224,full,bce,25000,1,False,True
resnet50_soft_d4_s224_full_bce_n25000_seed1,4,0.8,1.0,16549,0.34615545515394913,0.22859387274155538,0.7714061272584446,0.22841259290591576,0.00108499095840868,0.9998187201643604,0.999603489294211,0.9999945023973895,0.08764200864197773,0.010032365377980464,resnet50,gz2,soft,d4,224,full,bce,25000,1,False,True
resnet50_soft_d4_s224_full_bce_n50000_seed0,0,0.0,0.2,5122,0.10713688085676037,0.4328387348691917,0.5671612651308082,0.0870753611870364,0.6994470774091627,0.6542366263178446,0.6542129857143634,0.7127011816840142,0.0502257438588194,0.21935427421923967,resnet50,gz2,soft,d4,224,full,bce,50000,0,False,True
resnet50_soft_d4_s224_full_bce_n50000_seed0,1,0.2,0.4,5706,0.11935240963855422,0.38310550297932,0.61689449702068,0.2725201542236242,0.24921011058451817,0.8894146512443042,0.8876584203193878,0.95590313877568,0.23027672545048822,0.13880836190456844,resnet50,gz2,soft,d4,224,full,bce,50000,0,False,True
resnet50_soft_d4_s224_full_bce_n50000_seed0,2,0.4,0.6,6977,0.14593791834002678,0.29281926329367924,0.7071807367063208,0.27662319048301565,0.04462875197472354,0.9838039271893364,0.9813788210943435,0.9973046068108826,0.23256451623738283,0.07290325020564245,resnet50,gz2,soft,d4,224,full,bce,50000,0,False,True
resnet50_soft_d4_s224_full_bce_n50000_seed0,3,0.6,0.8,13454,0.2814173360107095,0.16701352757544224,0.8329864724245577,0.16582429017392597,0.00631911532385466,0.9988107625984837,0.9967955052569224,0.9999826662789314,0.14320913335701344,0.02613850736215357,resnet50,gz2,soft,d4,224,full,bce,50000,0,False,True
resnet50_soft_d4_s224_full_bce_n50000_seed0,4,0.8,1.0,16549,0.34615545515394913,0.22859387274155538,0.7714061272584446,0.22853344612967552,0.00039494470774091627,0.9999395733881201,0.999867829764737,0.9999996065745778,0.08470388545294377,0.009067997008940742,resnet50,gz2,soft,d4,224,full,bce,50000,0,False,True
resnet50_soft_d4_s224_full_bce_n50000_seed1,0,0.0,0.2,5122,0.10713688085676037,0.4328387348691917,0.5671612651308082,0.08570870753611881,0.7008277493102089,0.652869972666927,0.6532218182608649,0.7073185065799638,0.0595270486163795,0.22168669372628336,resnet50,gz2,soft,d4,224,full,bce,50000,1,False,True
resnet50_soft_d4_s224_full_bce_n50000_seed1,1,0.2,0.4,5706,0.11935240963855422,0.38310550297932,0.61689449702068,0.2749737118822292,0.24320063066614112,0.8918682089029092,0.889733739499293,0.9545025679946769,0.24111253231870913,0.14338225374021413,resnet50,gz2,soft,d4,224,full,bce,50000,1,False,True
resnet50_soft_d4_s224_full_bce_n50000_seed1,2,0.4,0.6,6977,0.14593791834002678,0.29281926329367924,0.7071807367063208,0.2753332377812814,0.04808829325975562,0.9825139744876021,0.9787459765031554,0.9971432502771285,0.2421266117441683,0.07833136098628539,resnet50,gz2,soft,d4,224,full,bce,50000,1,False,True
resnet50_soft_d4_s224_full_bce_n50000_seed1,3,0.6,0.8,13454,0.2814173360107095,0.16701352757544224,0.8329864724245577,0.16567563549873654,0.007094994087504927,0.9986621079232942,0.997417891076644,0.999980243926159,0.15113028724610988,0.028810769187006265,resnet50,gz2,soft,d4,224,full,bce,50000,1,False,True
resnet50_soft_d4_s224_full_bce_n50000_seed1,4,0.8,1.0,16549,0.34615545515394913,0.22859387274155538,0.7714061272584446,0.22847301951779564,0.0007883326763894363,0.9998791467762402,0.999735659529474,0.9999961278655813,0.09122912067224613,0.01046566141744593,resnet50,gz2,soft,d4,224,full,bce,50000,1,False,True
resnet50_soft_d4_s224_full_bce_n5000_seed0,0,0.0,0.2,5122,0.10713688085676037,0.4328387348691917,0.5671612651308082,0.03982819211245614,0.5304347826086957,0.6069894572432644,0.6076466701913007,0.6476159422146346,0.026493596025785878,0.2351733871214626,resnet50,gz2,soft,d4,224,full,bce,5000,0,False,True
resnet50_soft_d4_s224_full_bce_n5000_seed0,1,0.2,0.4,5706,0.11935240963855422,0.38310550297932,0.61689449702068,0.1883981773571679,0.2927536231884058,0.8052926743778479,0.8017933076187307,0.8771062494801629,0.14014605390586876,0.161104439841599,resnet50,gz2,soft,d4,224,full,bce,5000,0,False,True
resnet50_soft_d4_s224_full_bce_n5000_seed0,2,0.4,0.6,6977,0.14593791834002678,0.29281926329367924,0.7071807367063208,0.22574172280349725,0.1233201581027668,0.932922459509818,0.9213126733479085,0.9748249581703151,0.1971751005632139,0.0943395473878195,resnet50,gz2,soft,d4,224,full,bce,5000,0,False,True
resnet50_soft_d4_s224_full_bce_n5000_seed0,3,0.6,0.8,13454,0.2814173360107095,0.16701352757544224,0.8329864724245577,0.1548981715474952,0.04295125164690382,0.9878846439720529,0.9751152692451064,0.9985136880205799,0.14914066706589832,0.03654178365448114,resnet50,gz2,soft,d4,224,full,bce,5000,0,False,True
resnet50_soft_d4_s224_full_bce_n5000_seed0,4,0.8,1.0,16549,0.34615545515394913,0.22859387274155538,0.7714061272584446,0.22617680826636055,0.010540184453227932,0.9975829355248051,0.995457220182691,0.9998927294526428,0.0985162931621206,0.014248175989751808,resnet50,gz2,soft,d4,224,full,bce,5000,0,False,True
resnet50_soft_d4_s224_full_bce_n5000_seed1,0,0.0,0.2,5122,0.10713688085676037,0.4328387348691917,0.5671612651308082,0.04451386177274508,0.5331010452961672,0.6116751269035533,0.6042462523591369,0.648697321666329,0.02231909065408799,0.23281866146249017,resnet50,gz2,soft,d4,224,full,bce,5000,1,False,True
resnet50_soft_d4_s224_full_bce_n5000_seed1,1,0.2,0.4,5706,0.11935240963855422,0.38310550297932,0.61689449702068,0.1929547844374343,0.29080675422138835,0.8098492814581143,0.7964714765449554,0.8744098550694501,0.1411733168585025,0.1589640068300988,resnet50,gz2,soft,d4,224,full,bce,5000,1,False,True
resnet50_soft_d4_s224_full_bce_n5000_seed1,2,0.4,0.6,6977,0.14593791834002678,0.29281926329367924,0.7071807367063208,0.22803497205102485,0.12114714553738944,0.9352157087573456,0.9157640522047166,0.9751154792948763,0.1975711536260958,0.09261088560024185,resnet50,gz2,soft,d4,224,full,bce,5000,1,False,True
resnet50_soft_d4_s224_full_bce_n5000_seed1,3,0.6,0.8,13454,0.2814173360107095,0.16701352757544224,0.8329864724245577,0.15437788018433185,0.04556419190565532,0.9873643526088896,0.9705332698438642,0.9983754749250947,0.1473454597695579,0.03615655413136795,resnet50,gz2,soft,d4,224,full,bce,5000,1,False,True
resnet50_soft_d4_s224_full_bce_n5000_seed1,4,0.8,1.0,16549,0.34615545515394913,0.22859387274155538,0.7714061272584446,0.22647894132575985,0.009380863039399626,0.9978850685842044,0.9955600491640972,0.9999647263049083,0.09964215882220216,0.014480791864878136,resnet50,gz2,soft,d4,224,full,bce,5000,1,False,True
resnet50_soft_d4_s224_full_bce_nfull_seed0,0,0.0,0.2,5122,0.10713688085676037,0.4328387348691917,0.5671612651308082,0.10542756735650138,0.7469933184855234,0.6725888324873096,0.6652109307129931,0.7288359313923003,0.07885050657541666,0.21648863735784576,resnet50,gz2,soft,d4,224,full,bce,0,0,False,True
resnet50_soft_d4_s224_full_bce_nfull_seed0,1,0.2,0.4,5706,0.11935240963855422,0.38310550297932,0.61689449702068,0.29740623904661756,0.2178173719376392,0.9143007360672976,0.9076555092323046,0.9708188212176662,0.2601288989567565,0.13639053224139058,resnet50,gz2,soft,d4,224,full,bce,0,0,False,True
resnet50_soft_d4_s224_full_bce_nfull_seed0,2,0.4,0.6,6977,0.14593791834002678,0.29281926329367924,0.7071807367063208,0.28321628206965743,0.029844097995545656,0.9903970187759782,0.9866139552122277,0.9991173256937734,0.2397352336595278,0.071009924790109,resnet50,gz2,soft,d4,224,full,bce,0,0,False,True
resnet50_soft_d4_s224_full_bce_nfull_seed0,3,0.6,0.8,13454,0.2814173360107095,0.16701352757544224,0.8329864724245577,0.1662702541994946,0.004454342984409799,0.9992567266240523,0.9983085226828915,0.9999980343202911,0.14284374711527523,0.0253703694309305,resnet50,gz2,soft,d4,224,full,bce,0,0,False,True
resnet50_soft_d4_s224_full_bce_nfull_seed0,4,0.8,1.0,16549,0.34615545515394913,0.22859387274155538,0.7714061272584446,0.22847301951779564,0.0008908685968819599,0.9998791467762402,0.999735659529474,0.9999974945012585,0.08241680834938285,0.00855058464199032,resnet50,gz2,soft,d4,224,full,bce,0,0,False,True
resnet50_soft_d4_s224_full_bce_nfull_seed0_scratch,0,0.0,0.2,5122,0.10713688085676037,0.4328387348691917,0.5671612651308082,0.10113237016790322,0.7082117548978741,0.6682936352987114,0.6638279388576924,0.7179373593348846,0.06894311907438269,0.21811092049604375,resnet50,gz2,soft,d4,224,full,bce,0,0,False,False
resnet50_soft_d4_s224_full_bce_nfull_seed0_scratch,1,0.2,0.4,5706,0.11935240963855422,0.38310550297932,0.61689449702068,0.2819838766211006,0.2405168820341809,0.8988783736417806,0.8942019982533478,0.9613904729476836,0.24361522288002588,0.13883159355023283,resnet50,gz2,soft,d4,224,full,bce,0,0,False,False
resnet50_soft_d4_s224_full_bce_nfull_seed0_scratch,2,0.4,0.6,6977,0.14593791834002678,0.29281926329367924,0.7071807367063208,0.2774831589508385,0.04460191746561067,0.9846638956571593,0.9801226408861285,0.9984642607926342,0.2369565135702305,0.07382134436116454,resnet50,gz2,soft,d4,224,full,bce,0,0,False,False
resnet50_soft_d4_s224_full_bce_nfull_seed0_scratch,3,0.6,0.8,13454,0.2814173360107095,0.16701352757544224,0.8329864724245577,0.1658986175115208,0.006252605252188412,0.9988850899360785,0.9977296399363215,0.999881046594591,0.14516415397682417,0.02660587030591094,resnet50,gz2,soft,d4,224,full,bce,0,0,False,False
resnet50_soft_d4_s224_full_bce_nfull_seed0_scratch,4,0.8,1.0,16549,0.34615545515394913,0.22859387274155538,0.7714061272584446,0.22853344612967552,0.00041684035014589413,0.9999395733881201,0.999867829764737,0.9999999585867976,0.0866904230889085,0.009451125314722381,resnet50,gz2,soft,d4,224,full,bce,0,0,False,False
resnet50_soft_d4_s224_full_bce_nfull_seed1,0,0.0,0.2,5122,0.10713688085676037,0.4328387348691917,0.5671612651308082,0.10718469347910975,0.7530474040632055,0.674345958609918,0.6708727816737663,0.7323023390682388,0.07998509760051443,0.21620546542212118,resnet50,gz2,soft,d4,224,full,bce,0,1,False,True
resnet50_soft_d4_s224_full_bce_nfull_seed1,1,0.2,0.4,5706,0.11935240963855422,0.38310550297932,0.61689449702068,0.29775674728356116,0.21986455981941308,0.9146512443042412,0.9103667189969226,0.9734223597479831,0.25834269661820647,0.13453374520628836,resnet50,gz2,soft,d4,224,full,bce,0,1,False,True
resnet50_soft_d4_s224_full_bce_nfull_seed1,2,0.4,0.6,6977,0.14593791834002678,0.29281926329367924,0.7071807367063208,0.28507954708327365,0.02437923250564334,0.9922602837895944,0.9902257523242186,0.9991957966548554,0.23958848075725225,0.06988711236070783,resnet50,gz2,soft,d4,224,full,bce,0,1,False,True
resnet50_soft_d4_s224_full_bce_nfull_seed1,3,0.6,0.8,13454,0.2814173360107095,0.16701352757544224,0.8329864724245577,0.16671621822506322,0.0018058690744920992,0.9997026906496209,0.9994657322262148,0.9999914423438939,0.14151761142717809,0.024738077898208154,resnet50,gz2,soft,d4,224,full,bce,0,1,False,True
resnet50_soft_d4_s224_full_bce_nfull_seed1,4,0.8,1.0,16549,0.34615545515394913,0.22859387274155538,0.7714061272584446,0.22847301951779564,0.0009029345372460496,0.9998791467762402,0.9998286632286255,0.9999995444547743,0.08249930386867715,0.008517683981938112,resnet50,gz2,soft,d4,224,full,bce,0,1,False,True
resnet50_soft_d4_s224_full_bce_nfull_seed1_scratch,0,0.0,0.2,5122,0.10713688085676037,0.4328387348691917,0.5671612651308082,0.09117532213978918,0.7113821138211383,0.6583365872705974,0.6559045771331993,0.7176286821362388,0.061979473114292936,0.2184338890239869,resnet50,gz2,soft,d4,224,full,bce,0,1,False,False
resnet50_soft_d4_s224_full_bce_nfull_seed1_scratch,1,0.2,0.4,5706,0.11935240963855422,0.38310550297932,0.61689449702068,0.28040658955485454,0.23821138211382115,0.8973010865755345,0.8931836376112451,0.9593044321300839,0.2419421848770175,0.13952900567804843,resnet50,gz2,soft,d4,224,full,bce,0,1,False,False
resnet50_soft_d4_s224_full_bce_nfull_seed1_scratch,2,0.4,0.6,6977,0.14593791834002678,0.29281926329367924,0.7071807367063208,0.27776981510677945,0.042682926829268296,0.9849505518131002,0.9808989180927846,0.9985007681424167,0.23821979038117272,0.074265227358176,resnet50,gz2,soft,d4,224,full,bce,0,1,False,False
resnet50_soft_d4_s224_full_bce_nfull_seed1_scratch,3,0.6,0.8,13454,0.2814173360107095,0.16701352757544224,0.8329864724245577,0.16574996283633125,0.006910569105691057,0.998736435260889,0.9974625060494289,0.999901537316404,0.14552228532535494,0.02689603483043569,resnet50,gz2,soft,d4,224,full,bce,0,1,False,False
resnet50_soft_d4_s224_full_bce_nfull_seed1_scratch,4,0.8,1.0,16549,0.34615545515394913,0.22859387274155538,0.7714061272584446,0.22847301951779564,0.0008130081300813008,0.9998791467762402,0.9998286632286255,0.9999999378801965,0.08629101412584088,0.009378567660064032,resnet50,gz2,soft,d4,224,full,bce,0,1,False,False
resnet50_soft_d4_s224_full_bce_nfull_seed2,0,0.0,0.2,5122,0.10713688085676037,0.4328387348691917,0.5671612651308082,0.10406091370558379,0.7487772343263672,0.671222178836392,0.6689735163348154,0.7285955730907392,0.07728215559810829,0.21735593909762363,resnet50,gz2,soft,d4,224,full,bce,0,2,False,True
resnet50_soft_d4_s224_full_bce_nfull_seed2,1,0.2,0.4,5706,0.11935240963855422,0.38310550297932,0.61689449702068,0.29775674728356116,0.21654068474877725,0.9146512443042412,0.9107134502619978,0.9718278897737669,0.2586371704898161,0.1351598596834853,resnet50,gz2,soft,d4,224,full,bce,0,2,False,True
resnet50_soft_d4_s224_full_bce_nfull_seed2,2,0.4,0.6,6977,0.14593791834002678,0.29281926329367924,0.7071807367063208,0.28350293822559836,0.028901734104046242,0.9906836749319191,0.9878204338382657,0.9991281886144291,0.2399732211877824,0.0708876370808296,resnet50,gz2,soft,d4,224,full,bce,0,2,False,True
resnet50_soft_d4_s224_full_bce_nfull_seed2,3,0.6,0.8,13454,0.2814173360107095,0.16701352757544224,0.8329864724245577,0.16619592686189988,0.004891062694530902,0.9991823992864576,0.9984418116514295,0.9999884640413048,0.14289509141891066,0.025257888879391312,resnet50,gz2,soft,d4,224,full,bce,0,2,False,True
resnet50_soft_d4_s224_full_bce_nfull_seed2,4,0.8,1.0,16549,0.34615545515394913,0.22859387274155538,0.7714061272584446,0.22847301951779564,0.0008892841262783459,0.9998791467762402,0.999735659529474,0.9999999792933988,0.08444846243274481,0.008846397152067934,resnet50,gz2,soft,d4,224,full,bce,0,2,False,True
resnet50_soft_d4_s224_full_bce_nfull_seed2_scratch,0,0.0,0.2,5122,0.10713688085676037,0.4328387348691917,0.5671612651308082,0.08980866848887159,0.7098989898989899,0.6569699336196798,0.6513881545901371,0.715142495363243,0.06194872336228668,0.2184391525949592,resnet50,gz2,soft,d4,224,full,bce,0,2,False,False
resnet50_soft_d4_s224_full_bce_nfull_seed2_scratch,1,0.2,0.4,5706,0.11935240963855422,0.38310550297932,0.61689449702068,0.2809323519102699,0.23555555555555555,0.8978268489309499,0.8922228489145804,0.9582941289611578,0.2416808105681367,0.13917515383341195,resnet50,gz2,soft,d4,224,full,bce,0,2,False,False
resnet50_soft_d4_s224_full_bce_nfull_seed2_scratch,2,0.4,0.6,6977,0.14593791834002678,0.29281926329367924,0.7071807367063208,0.2763365343270747,0.046464646464646465,0.9835172710333955,0.9784515367907778,0.9982436790202379,0.23526560860036336,0.07375113866265331,resnet50,gz2,soft,d4,224,full,bce,0,2,False,False
resnet50_soft_d4_s224_full_bce_nfull_seed2_scratch,3,0.6,0.8,13454,0.2814173360107095,0.16701352757544224,0.8329864724245577,0.1656013081611417,0.007676767676767677,0.9985877805856994,0.9966616603385678,0.9999249467747544,0.1444172778029631,0.026501894151536597,resnet50,gz2,soft,d4,224,full,bce,0,2,False,False
resnet50_soft_d4_s224_full_bce_nfull_seed2_scratch,4,0.8,1.0,16549,0.34615545515394913,0.22859387274155538,0.7714061272584446,0.22853344612967552,0.00040404040404040404,0.9999395733881201,0.999867829764737,1.0,0.0864571406799147,0.009355471112074095,resnet50,gz2,soft,d4,224,full,bce,0,2,False,False
resnet50_soft_d4_s224_full_bce_nfull_seed3,0,0.0,0.2,5122,0.10713688085676037,0.4328387348691917,0.5671612651308082,0.09761811792268649,0.7488006977758395,0.6647793830534947,0.6664450184266935,0.7262442385043751,0.0712344465964197,0.21864675337713507,resnet50,gz2,soft,d4,224,full,bce,0,3,False,True
resnet50_soft_d4_s224_full_bce_nfull_seed3,1,0.2,0.4,5706,0.11935240963855422,0.38310550297932,0.61689449702068,0.2961794602173151,0.21631051024858264,0.9130739572379951,0.9127289881893038,0.9715073452965151,0.25930929114624907,0.13681405062841426,resnet50,gz2,soft,d4,224,full,bce,0,3,False,True
resnet50_soft_d4_s224_full_bce_nfull_seed3,2,0.4,0.6,6977,0.14593791834002678,0.29281926329367924,0.7071807367063208,0.28235631360183466,0.031836022677714786,0.9895370503081554,0.9877267349473153,0.9989653936117296,0.2407916265629126,0.07213970349917997,resnet50,gz2,soft,d4,224,full,bce,0,3,False,True
resnet50_soft_d4_s224_full_bce_nfull_seed3,3,0.6,0.8,13454,0.2814173360107095,0.16701352757544224,0.8329864724245577,0.16656756354987368,0.0026166593981683385,0.9995540359744314,0.9991985983393223,0.9999979151881877,0.1445255954061116,0.025685252526476292,resnet50,gz2,soft,d4,224,full,bce,0,3,False,True
resnet50_soft_d4_s224_full_bce_nfull_seed3,4,0.8,1.0,16549,0.34615545515394913,0.22859387274155538,0.7714061272584446,0.22853344612967552,0.0004361098996947231,0.9999395733881201,0.999867829764737,0.9999999378801966,0.08478491702330597,0.008929771864431198,resnet50,gz2,soft,d4,224,full,bce,0,3,False,True
resnet50_soft_d4_s224_full_bce_nfull_seed4,0,0.0,0.2,5122,0.10713688085676037,0.4328387348691917,0.5671612651308082,0.10601327606403754,0.7506726457399103,0.6731745411948458,0.6723504883636615,0.7313107834391889,0.0789021741350104,0.21696333500764983,resnet50,gz2,soft,d4,224,full,bce,0,4,False,True
resnet50_soft_d4_s224_full_bce_nfull_seed4,1,0.2,0.4,5706,0.11935240963855422,0.38310550297932,0.61689449702068,0.29740623904661756,0.21928251121076234,0.9143007360672976,0.9126831125758962,0.9725142045454545,0.2594432068856148,0.1357978767299541,resnet50,gz2,soft,d4,224,full,bce,0,4,False,True
resnet50_soft_d4_s224_full_bce_nfull_seed4,2,0.4,0.6,6977,0.14593791834002678,0.29281926329367924,0.7071807367063208,0.2845062347713917,0.02600896860986547,0.9916869714777125,0.9893902002765431,0.9992658352117754,0.24082903162080632,0.07073925407708889,resnet50,gz2,soft,d4,224,full,bce,0,4,False,True
resnet50_soft_d4_s224_full_bce_nfull_seed4,3,0.6,0.8,13454,0.2814173360107095,0.16701352757544224,0.8329864724245577,0.16649323621227896,0.003139013452914798,0.9994797086368367,0.9991539833665375,0.9999949964516504,0.14258422336777993,0.025109465780582894,resnet50,gz2,soft,d4,224,full,bce,0,4,False,True
resnet50_soft_d4_s224_full_bce_nfull_seed4,4,0.8,1.0,16549,0.34615545515394913,0.22859387274155538,0.7714061272584446,0.22847301951779564,0.0008968609865470852,0.9998791467762402,0.9998286632286255,0.9999999792933988,0.08304276483340423,0.008577651085811695,resnet50,gz2,soft,d4,224,full,bce,0,4,False,True
resnet50_soft_d4_s224_full_focal_nfull_seed0,0,0.0,0.2,5122,0.10713688085676037,0.4328387348691917,0.5671612651308082,0.10327996876220236,0.732957012592271,0.6704412338930106,0.6700476757212496,0.7233392103111848,0.022254571372447463,0.21251673882657154,resnet50,gz2,soft,d4,224,full,focal,0,0,False,True
resnet50_soft_d4_s224_full_focal_nfull_seed0,1,0.2,0.4,5706,0.11935240963855422,0.38310550297932,0.61689449702068,0.29039607430774617,0.2297003907946157,0.9072905713284262,0.9068279287615404,0.967470096377776,0.14066102015261941,0.09085167975304347,resnet50,gz2,soft,d4,224,full,focal,0,0,False,True
resnet50_soft_d4_s224_full_focal_nfull_seed0,2,0.4,0.6,6977,0.14593791834002678,0.29281926329367924,0.7071807367063208,0.2817830012899527,0.03343465045592705,0.9889637379962735,0.9876081852652765,0.9988685697710016,0.11431181222754087,0.02667146652575673,resnet50,gz2,soft,d4,224,full,focal,0,0,False,True
resnet50_soft_d4_s224_full_focal_nfull_seed0,3,0.6,0.8,13454,0.2814173360107095,0.16701352757544224,0.8329864724245577,0.16649323621227896,0.00303951367781155,0.9994797086368367,0.9993318873078603,0.9999975379365263,0.04781428205516117,0.00452255483214433,resnet50,gz2,soft,d4,224,full,focal,0,0,False,True
resnet50_soft_d4_s224_full_focal_nfull_seed0,4,0.8,1.0,16549,0.34615545515394913,0.22859387274155538,0.7714061272584446,0.22847301951779564,0.0008684324793747286,0.9998791467762402,0.9998286632286255,0.9999999171735954,0.022348335483857378,0.0008331738322070554,resnet50,gz2,soft,d4,224,full,focal,0,0,False,True
resnet50_soft_d4_s224_full_focal_nfull_seed1,0,0.0,0.2,5122,0.10713688085676037,0.4328387348691917,0.5671612651308082,0.10542756735650138,0.7381161971830986,0.6725888324873096,0.6711397688181684,0.7289074333289082,0.007486443188403643,0.20974846367037003,resnet50,gz2,soft,d4,224,full,focal,0,1,False,True
resnet50_soft_d4_s224_full_focal_nfull_seed1,1,0.2,0.4,5706,0.11935240963855422,0.38310550297932,0.61689449702068,0.2940764107956537,0.22359154929577466,0.9109709078163337,0.9090307379605755,0.9707215467229477,0.14752003639777148,0.08962789840365297,resnet50,gz2,soft,d4,224,full,focal,0,1,False,True
resnet50_soft_d4_s224_full_focal_nfull_seed1,2,0.4,0.6,6977,0.14593791834002678,0.29281926329367924,0.7071807367063208,0.2817830012899527,0.03389084507042254,0.9889637379962735,0.9866043819533852,0.9990167816747391,0.11711658506058994,0.02762197544147456,resnet50,gz2,soft,d4,224,full,focal,0,1,False,True
resnet50_soft_d4_s224_full_focal_nfull_seed1,3,0.6,0.8,13454,0.2814173360107095,0.16701352757544224,0.8329864724245577,0.16641890887468413,0.0035211267605633804,0.9994053812992418,0.9989314644524298,0.9999970614081121,0.048604225892161304,0.004661966397399238,resnet50,gz2,soft,d4,224,full,focal,0,1,False,True
resnet50_soft_d4_s224_full_focal_nfull_seed1,4,0.8,1.0,16549,0.34615545515394913,0.22859387274155538,0.7714061272584446,0.22847301951779564,0.0008802816901408451,0.9998791467762402,0.9998286632286255,0.9999999171735954,0.022341995523608073,0.0008486034933626871,resnet50,gz2,soft,d4,224,full,focal,0,1,False,True
resnet50_soft_d4_s224_full_smooth_nfull_seed0,0,0.0,0.2,5122,0.10713688085676037,0.4328387348691917,0.5671612651308082,0.10347520499804774,0.7405618964003512,0.670636470128856,0.6663206469799554,0.7287421481790296,0.0873857165444228,0.21930071905090506,resnet50,gz2,soft,d4,224,full,smooth,0,0,False,True
resnet50_soft_d4_s224_full_smooth_nfull_seed0,1,0.2,0.4,5706,0.11935240963855422,0.38310550297932,0.61689449702068,0.2912723449001051,0.23002633889376647,0.9081668419207851,0.9039841605672461,0.9700688913956583,0.27024894981500436,0.14566194324202436,resnet50,gz2,soft,d4,224,full,smooth,0,0,False,True
resnet50_soft_d4_s224_full_smooth_nfull_seed0,2,0.4,0.6,6977,0.14593791834002678,0.29281926329367924,0.7071807367063208,0.2837895943815394,0.0276558384547849,0.9909703310878601,0.9878797086792852,0.9989876650791921,0.26766685720213307,0.08363521927532885,resnet50,gz2,soft,d4,224,full,smooth,0,0,False,True
resnet50_soft_d4_s224_full_smooth_nfull_seed0,3,0.6,0.8,13454,0.2814173360107095,0.16701352757544224,0.8329864724245577,0.16679054556265804,0.0013169446883230904,0.9997770179872157,0.9996882511403226,0.9999993249180799,0.18108174984052752,0.03665034311303031,resnet50,gz2,soft,d4,224,full,smooth,0,0,False,True
resnet50_soft_d4_s224_full_smooth_nfull_seed0,4,0.8,1.0,16549,0.34615545515394913,0.22859387274155538,0.7714061272584446,0.22853344612967552,0.0004389815627743635,0.9999395733881201,0.999867829764737,0.9999999171735953,0.126456074227998,0.017456086002268775,resnet50,gz2,soft,d4,224,full,smooth,0,0,False,True
resnet50_soft_d4_s224_full_smooth_nfull_seed1,0,0.0,0.2,5122,0.10713688085676037,0.4328387348691917,0.5671612651308082,0.10581803982819216,0.7497761862130707,0.6729793049590004,0.6687599421463157,0.731313966478712,0.08742684990528363,0.2182823345133917,resnet50,gz2,soft,d4,224,full,smooth,0,1,False,True
resnet50_soft_d4_s224_full_smooth_nfull_seed1,1,0.2,0.4,5706,0.11935240963855422,0.38310550297932,0.61689449702068,0.2968804766912022,0.22023276633840644,0.9137749737118822,0.9092230776428512,0.9724599465607585,0.2735682089760498,0.14366664681755814,resnet50,gz2,soft,d4,224,full,smooth,0,1,False,True
resnet50_soft_d4_s224_full_smooth_nfull_seed1,2,0.4,0.6,6977,0.14593791834002678,0.29281926329367924,0.7071807367063208,0.28436290669342124,0.026410026857654433,0.991543643399742,0.9888586612000878,0.9992971343119287,0.26474305412306115,0.08177858613258879,resnet50,gz2,soft,d4,224,full,smooth,0,1,False,True
resnet50_soft_d4_s224_full_smooth_nfull_seed1,3,0.6,0.8,13454,0.2814173360107095,0.16701352757544224,0.8329864724245577,0.16649323621227896,0.003133393017009848,0.9994797086368367,0.9989760794252146,0.9999953935586622,0.17854361227401055,0.03573137291230362,resnet50,gz2,soft,d4,224,full,smooth,0,1,False,True
resnet50_soft_d4_s224_full_smooth_nfull_seed1,4,0.8,1.0,16549,0.34615545515394913,0.22859387274155538,0.7714061272584446,0.22853344612967552,0.0004476275738585497,0.9999395733881201,0.999867829764737,0.9999995444547742,0.12584500812965185,0.01724004635558862,resnet50,gz2,soft,d4,224,full,smooth,0,1,False,True
resnet50_soft_d4_s224_partial_bce_nfull_seed0,0,0.0,0.2,5122,0.10713688085676037,0.4328387348691917,0.5671612651308082,0.03319016009371345,0.49708596406022343,0.6003514252245217,0.5933020308568508,0.6308669435134702,0.034629114731500384,0.23775526230047192,resnet50,gz2,soft,d4,224,partial,bce,0,0,False,True
resnet50_soft_d4_s224_partial_bce_nfull_seed0,1,0.2,0.4,5706,0.11935240963855422,0.38310550297932,0.61689449702068,0.17700665965650186,0.2855755220981059,0.7939011566771819,0.7799913447142977,0.8522599262871163,0.12430143679233965,0.1652603919537564,resnet50,gz2,soft,d4,224,partial,bce,0,0,False,True
resnet50_soft_d4_s224_partial_bce_nfull_seed0,2,0.4,0.6,6977,0.14593791834002678,0.29281926329367924,0.7071807367063208,0.21054894653862688,0.1393880524526469,0.9177296832449476,0.8959440334391451,0.9631639848645289,0.18281647095250358,0.09907213998961799,resnet50,gz2,soft,d4,224,partial,bce,0,0,False,True
resnet50_soft_d4_s224_partial_bce_nfull_seed0,3,0.6,0.8,13454,0.2814173360107095,0.16701352757544224,0.8329864724245577,0.1483573658391557,0.06095191840699369,0.9813438382637134,0.9562452205689201,0.9969323284778663,0.14734173739852027,0.04026203468269216,resnet50,gz2,soft,d4,224,partial,bce,0,0,False,True
resnet50_soft_d4_s224_partial_bce_nfull_seed0,4,0.8,1.0,16549,0.34615545515394913,0.22859387274155538,0.7714061272584446,0.2243640099099644,0.016998542982030112,0.995770137168409,0.9914921131248005,0.9998821690860467,0.10220597059937486,0.016641907982884726,resnet50,gz2,soft,d4,224,partial,bce,0,0,False,True
resnet50_soft_d4_s224_partial_bce_nfull_seed1,0,0.0,0.2,5122,0.10713688085676037,0.4328387348691917,0.5671612651308082,0.03826630222569316,0.4910106899902818,0.6054275673565014,0.5974565961506959,0.6338381944557663,0.028794232440246176,0.23657912174538473,resnet50,gz2,soft,d4,224,partial,bce,0,1,False,True
resnet50_soft_d4_s224_partial_bce_nfull_seed1,1,0.2,0.4,5706,0.11935240963855422,0.38310550297932,0.61689449702068,0.17245005257623558,0.2920310981535471,0.7893445495969156,0.7739577268568576,0.852486380271147,0.1203124806940388,0.16562686375881416,resnet50,gz2,soft,d4,224,partial,bce,0,1,False,True
resnet50_soft_d4_s224_partial_bce_nfull_seed1,2,0.4,0.6,6977,0.14593791834002678,0.29281926329367924,0.7071807367063208,0.2112655869284793,0.13824101068999028,0.9184463236348,0.8963073212513846,0.9643724475856639,0.18461448046442464,0.09896008928230088,resnet50,gz2,soft,d4,224,partial,bce,0,1,False,True
resnet50_soft_d4_s224_partial_bce_nfull_seed1,3,0.6,0.8,13454,0.2814173360107095,0.16701352757544224,0.8329864724245577,0.1483573658391557,0.06098153547133139,0.9813438382637134,0.9562452205689201,0.9972895063797028,0.14792999697031498,0.040195454927716395,resnet50,gz2,soft,d4,224,partial,bce,0,1,False,True
resnet50_soft_d4_s224_partial_bce_nfull_seed1,4,0.8,1.0,16549,0.34615545515394913,0.22859387274155538,0.7714061272584446,0.22418273007432477,0.017735665694849367,0.9955888573327694,0.9910956024190114,0.9998798810066175,0.1027021880706017,0.016974285361882634,resnet50,gz2,soft,d4,224,partial,bce,0,1,False,True
resnet50_soft_debiased_d4_s224_full_bce_nfull_seed0,0,0.0,0.2,5122,0.10713688085676037,0.4328387348691917,0.5671612651308082,-0.1013276064037485,0.19088816018977187,0.46583365872705973,0.5236396581881363,0.5885924521593042,0.3738382381417238,0.40802554858775636,resnet50,gz2,soft_debiased,d4,224,full,bce,0,0,False,True
resnet50_soft_debiased_d4_s224_full_bce_nfull_seed0,1,0.2,0.4,5706,0.11935240963855422,0.38310550297932,0.61689449702068,-0.14616193480546796,0.21070257447847623,0.47073256221521204,0.5675554146219746,0.7442977782167512,0.3490885527007337,0.37669345328560844,resnet50,gz2,soft_debiased,d4,224,full,bce,0,0,False,True
resnet50_soft_debiased_d4_s224_full_bce_nfull_seed0,2,0.4,0.6,6977,0.14593791834002678,0.29281926329367924,0.7071807367063208,-0.20538913573168982,0.24251726784343822,0.5017916009746309,0.6450256950235522,0.8931113408693234,0.2765604300101157,0.3186588517998179,resnet50,gz2,soft_debiased,d4,224,full,bce,0,0,False,True
resnet50_soft_debiased_d4_s224_full_bce_nfull_seed0,3,0.6,0.8,13454,0.2814173360107095,0.16701352757544224,0.8329864724245577,-0.10851791288836032,0.25863392171910976,0.7244685595361974,0.8333669682972397,0.9847214069946191,0.020860974553275274,0.18254332674255594,resnet50,gz2,soft_debiased,d4,224,full,bce,0,0,False,True
resnet50_soft_debiased_d4_s224_full_bce_nfull_seed0,4,0.8,1.0,16549,0.34615545515394913,0.22859387274155538,0.7714061272584446,0.14435917578101398,0.09725807576920394,0.9157653030394586,0.9452158412622016,0.9994488938098816,0.12481139746438709,0.08351535539628083,resnet50,gz2,soft_debiased,d4,224,full,bce,0,0,False,True
resnet50_soft_debiased_d4_s224_full_bce_nfull_seed1,0,0.0,0.2,5122,0.10713688085676037,0.4328387348691917,0.5671612651308082,-0.1071846934791097,0.20169170191045646,0.45997657165169853,0.5199182968098957,0.5901724042894951,0.3639219870171897,0.39352447147691183,resnet50,gz2,soft_debiased,d4,224,full,bce,0,1,False,True
resnet50_soft_debiased_d4_s224_full_bce_nfull_seed1,1,0.2,0.4,5706,0.11935240963855422,0.38310550297932,0.61689449702068,-0.13950227830354017,0.21744203004229254,0.4773922187171398,0.5749468466688846,0.7504371828994427,0.3313628041426675,0.3607029690272962,resnet50,gz2,soft_debiased,d4,224,full,bce,0,1,False,True
resnet50_soft_debiased_d4_s224_full_bce_nfull_seed1,2,0.4,0.6,6977,0.14593791834002678,0.29281926329367924,0.7071807367063208,-0.19205962448043568,0.24668222254630304,0.5151211122258851,0.6561709028089033,0.9075191450296136,0.254348631762422,0.3048102858613455,resnet50,gz2,soft_debiased,d4,224,full,bce,0,1,False,True
resnet50_soft_debiased_d4_s224_full_bce_nfull_seed1,3,0.6,0.8,13454,0.2814173360107095,0.16701352757544224,0.8329864724245577,-0.08896982310093648,0.25113023187983086,0.7440166493236212,0.8458123219049509,0.9893177221036394,0.02730486282318171,0.17561256123829536,resnet50,gz2,soft_debiased,d4,224,full,bce,0,1,False,True
resnet50_soft_debiased_d4_s224_full_bce_nfull_seed1,4,0.8,1.0,16549,0.34615545515394913,0.22859387274155538,0.7714061272584446,0.15976796181038133,0.0830538136211171,0.9311740890688259,0.9552963116697972,0.9997857902109047,0.1397769891456759,0.07947913810880229,resnet50,gz2,soft_debiased,d4,224,full,bce,0,1,False,True
resnet50_soft_debiased_d4_s224_full_bce_nfull_seed2,0,0.0,0.2,5122,0.10713688085676037,0.4328387348691917,0.5671612651308082,-0.10347520499804758,0.20646373543780533,0.46368606013276065,0.5239363019446819,0.5895458889491855,0.3615746818910535,0.3941704876569166,resnet50,gz2,soft_debiased,d4,224,full,bce,0,2,False,True
resnet50_soft_debiased_d4_s224_full_bce_nfull_seed2,1,0.2,0.4,5706,0.11935240963855422,0.38310550297932,0.61689449702068,-0.14283210655450407,0.225554302893649,0.47406239046617593,0.5719879345837146,0.7411014305913666,0.33269866469227727,0.3645947739143962,resnet50,gz2,soft_debiased,d4,224,full,bce,0,2,False,True
resnet50_soft_debiased_d4_s224_full_bce_nfull_seed2,2,0.4,0.6,6977,0.14593791834002678,0.29281926329367924,0.7071807367063208,-0.18689981367349862,0.25155956407365654,0.5202809230328221,0.6601058594097992,0.900845293954601,0.24964352097200498,0.30446987523625924,resnet50,gz2,soft_debiased,d4,224,full,bce,0,2,False,True
resnet50_soft_debiased_d4_s224_full_bce_nfull_seed2,3,0.6,0.8,13454,0.2814173360107095,0.16701352757544224,0.8329864724245577,-0.07127991675338186,0.2409620443442315,0.7617065556711758,0.8564306854277492,0.988380728253755,0.02486027774675269,0.1664374792617264,resnet50,gz2,soft_debiased,d4,224,full,bce,0,2,False,True
resnet50_soft_debiased_d4_s224_full_bce_nfull_seed2,4,0.8,1.0,16549,0.34615545515394913,0.22859387274155538,0.7714061272584446,0.167925554414164,0.07546035325065764,0.9393316816726086,0.9606767977440075,0.9997944766300952,0.13019103726579334,0.06915679383052052,resnet50,gz2,soft_debiased,d4,224,full,bce,0,2,False,True
resnet50_soft_flip_s224_full_bce_nfull_seed0,0,0.0,0.2,5122,0.10713688085676037,0.4328387348691917,0.5671612651308082,0.09019914096056236,0.7306411323896753,0.6573604060913706,0.6610262429963426,0.7176118353172986,0.062241202171590855,0.22085372285840485,resnet50,gz2,soft,flip,224,full,bce,0,0,False,True
resnet50_soft_flip_s224_full_bce_nfull_seed0,1,0.2,0.4,5706,0.11935240963855422,0.38310550297932,0.61689449702068,0.28601472134595163,0.23064113238967526,0.9029092183666316,0.904750400274474,0.9654415625259919,0.25271954072088976,0.14128520215180884,resnet50,gz2,soft,flip,224,full,bce,0,0,False,True
resnet50_soft_flip_s224_full_bce_nfull_seed0,2,0.4,0.6,6977,0.14593791834002678,0.29281926329367924,0.7071807367063208,0.2810663609001003,0.03413821815154038,0.988247097606421,0.9882487007649282,0.9987951086500396,0.24647118779366778,0.0761583756883671,resnet50,gz2,soft,flip,224,full,bce,0,0,False,True
resnet50_soft_flip_s224_full_bce_nfull_seed0,3,0.6,0.8,13454,0.2814173360107095,0.16701352757544224,0.8329864724245577,0.16641890887468413,0.0033305578684429643,0.9994053812992418,0.9989314644524298,0.9999587604368161,0.15020840432909108,0.02790310235272566,resnet50,gz2,soft,flip,224,full,bce,0,0,False,True
resnet50_soft_flip_s224_full_bce_nfull_seed0,4,0.8,1.0,16549,0.34615545515394913,0.22859387274155538,0.7714061272584446,0.22841259290591576,0.0012489592006661116,0.9998187201643604,0.9997894966925138,0.9999355196439591,0.08692170549311268,0.009740145229135333,resnet50,gz2,soft,flip,224,full,bce,0,0,False,True
resnet50_soft_flip_s224_full_bce_nfull_seed1,0,0.0,0.2,5122,0.10713688085676037,0.4328387348691917,0.5671612651308082,0.09761811792268649,0.7340743907652844,0.6647793830534947,0.6605695932774205,0.7259216646209815,0.07236398151671693,0.21756215623124434,resnet50,gz2,soft,flip,224,full,bce,0,1,False,True
resnet50_soft_flip_s224_full_bce_nfull_seed1,1,0.2,0.4,5706,0.11935240963855422,0.38310550297932,0.61689449702068,0.2879425166491413,0.2321504916631039,0.9048370136698213,0.9004184687681943,0.9670127048157697,0.2547204907614016,0.13975571398011316,resnet50,gz2,soft,flip,224,full,bce,0,1,False,True
resnet50_soft_flip_s224_full_bce_nfull_seed1,2,0.4,0.6,6977,0.14593791834002678,0.29281926329367924,0.7071807367063208,0.2826429697577756,0.030354852501068834,0.9898237064640963,0.9864954055301889,0.9989060691683328,0.24702544722605163,0.07497112112873085,resnet50,gz2,soft,flip,224,full,bce,0,1,False,True
resnet50_soft_flip_s224_full_bce_nfull_seed1,3,0.6,0.8,13454,0.2814173360107095,0.16701352757544224,0.8329864724245577,0.16656756354987368,0.0025651988029072254,0.9995540359744314,0.9991985983393223,0.999997160684865,0.1507186970323373,0.027815695582881935,resnet50,gz2,soft,flip,224,full,bce,0,1,False,True
resnet50_soft_flip_s224_full_bce_nfull_seed1,4,0.8,1.0,16549,0.34615545515394913,0.22859387274155538,0.7714061272584446,0.22847301951779564,0.0008550662676357417,0.9998791467762402,0.999735659529474,0.9999999585867977,0.09007708198040917,0.010012868521397923,resnet50,gz2,soft,flip,224,full,bce,0,1,False,True
resnet50_soft_flip_s224_full_bce_nfull_seed2,0,0.0,0.2,5122,0.10713688085676037,0.4328387348691917,0.5671612651308082,0.10503709488481072,0.7290490664350847,0.672198360015619,0.6668963889581135,0.7231448896300454,0.07842814439397823,0.2179467019964962,resnet50,gz2,soft,flip,224,full,bce,0,2,False,True
resnet50_soft_flip_s224_full_bce_nfull_seed2,1,0.2,0.4,5706,0.11935240963855422,0.38310550297932,0.61689449702068,0.290571328426218,0.22926617455492834,0.907465825446898,0.9022024193213009,0.9659154589120853,0.2563417625639299,0.1397104386670068,resnet50,gz2,soft,flip,224,full,bce,0,2,False,True
resnet50_soft_flip_s224_full_bce_nfull_seed2,2,0.4,0.6,6977,0.14593791834002678,0.29281926329367924,0.7071807367063208,0.28077970474415936,0.0364741641337386,0.9879604414504801,0.9840308122032166,0.9985912428788346,0.24125589660459767,0.07380881671219099,resnet50,gz2,soft,flip,224,full,bce,0,2,False,True
resnet50_soft_flip_s224_full_bce_nfull_seed2,3,0.6,0.8,13454,0.2814173360107095,0.16701352757544224,0.8329864724245577,0.16619592686189988,0.004776378636561007,0.9991823992864576,0.9982639077101066,0.9999941625269253,0.14322347957815323,0.02594866731289844,resnet50,gz2,soft,flip,224,full,bce,0,2,False,True
resnet50_soft_flip_s224_full_bce_nfull_seed2,4,0.8,1.0,16549,0.34615545515394913,0.22859387274155538,0.7714061272584446,0.22853344612967552,0.0004342162396873643,0.9999395733881201,0.999867829764737,1.0,0.08236243203957679,0.008617205832635538,resnet50,gz2,soft,flip,224,full,bce,0,2,False,True
resnet50_soft_none_s224_full_bce_nfull_seed0,0,0.0,0.2,5122,0.10713688085676037,0.4328387348691917,0.5671612651308082,0.07946114798906678,0.6784107946026986,0.646622413119875,0.6543906924818936,0.7040874885585257,0.04669185675322798,0.22507386721183162,resnet50,gz2,soft,none,224,full,bce,0,0,False,True
resnet50_soft_none_s224_full_bce_nfull_seed0,1,0.2,0.4,5706,0.11935240963855422,0.38310550297932,0.61689449702068,0.2613038906414301,0.26049475262368815,0.8781983876621101,0.8827282864093821,0.9485696685519422,0.23289552185249632,0.1497993583634405,resnet50,gz2,soft,none,224,full,bce,0,0,False,True
resnet50_soft_none_s224_full_bce_nfull_seed0,2,0.4,0.6,6977,0.14593791834002678,0.29281926329367924,0.7071807367063208,0.27203669198796043,0.05434782608695652,0.9792174286942812,0.978709617960505,0.9967769863222435,0.24816637702891725,0.08381740454817496,resnet50,gz2,soft,none,224,full,bce,0,0,False,True
resnet50_soft_none_s224_full_bce_nfull_seed0,3,0.6,0.8,13454,0.2814173360107095,0.16701352757544224,0.8329864724245577,0.1659729448491155,0.005247376311844078,0.9989594172736732,0.9986637746157205,0.9999797475423939,0.16268075581779,0.032689816308619994,resnet50,gz2,soft,none,224,full,bce,0,0,False,True
resnet50_soft_none_s224_full_bce_nfull_seed0,4,0.8,1.0,16549,0.34615545515394913,0.22859387274155538,0.7714061272584446,0.22835216629403587,0.0014992503748125937,0.9997582935524805,0.9997503301564024,0.9999959000929685,0.09889408487427474,0.012280562533963748,resnet50,gz2,soft,none,224,full,bce,0,0,False,True
resnet50_soft_none_s224_full_bce_nfull_seed0_op,0,0.0,0.2,5122,0.10713688085676037,0.4328387348691917,0.5671612651308082,0.1038656774697384,0.7439293598233996,0.6710269426005466,0.6569437230848777,0.7300297264837428,0.08236742613139633,0.2143450770575853,resnet50,gz2,soft,none,224,full,bce,0,0,True,True
resnet50_soft_none_s224_full_bce_nfull_seed0_op,1,0.2,0.4,5706,0.11935240963855422,0.38310550297932,0.61689449702068,0.2961794602173151,0.21898454746136867,0.9130739572379951,0.9024137330533144,0.9720943712051899,0.2507925452308679,0.13188117904687666,resnet50,gz2,soft,none,224,full,bce,0,0,True,True
resnet50_soft_none_s224_full_bce_nfull_seed0_op,2,0.4,0.6,6977,0.14593791834002678,0.29281926329367924,0.7071807367063208,0.2824996416798051,0.031788079470198675,0.9896803783861259,0.9849600631418424,0.99908622500313,0.22927229178347786,0.06647316348358315,resnet50,gz2,soft,none,224,full,bce,0,0,True,True
resnet50_soft_none_s224_full_bce_nfull_seed0_op,3,0.6,0.8,13454,0.2814173360107095,0.16701352757544224,0.8329864724245577,0.16612159952430505,0.005298013245033113,0.9991080719488628,0.9976855809133532,0.9999926932309814,0.1358353075994586,0.02316317377959418,resnet50,gz2,soft,none,224,full,bce,0,0,True,True
resnet50_soft_none_s224_full_bce_nfull_seed0_op,4,0.8,1.0,16549,0.34615545515394913,0.22859387274155538,0.7714061272584446,0.2285938727415554,0.0,1.0,1.0,1.0,0.08020383693413799,0.007963562530269556,resnet50,gz2,soft,none,224,full,bce,0,0,True,True
resnet50_soft_none_s224_full_bce_nfull_seed1,0,0.0,0.2,5122,0.10713688085676037,0.4328387348691917,0.5671612651308082,0.07360406091370564,0.6695778748180495,0.6407653260445139,0.653233152986972,0.7109217849554026,0.035737420375902905,0.22458560342944267,resnet50,gz2,soft,none,224,full,bce,0,1,False,True
resnet50_soft_none_s224_full_bce_nfull_seed1,1,0.2,0.4,5706,0.11935240963855422,0.38310550297932,0.61689449702068,0.25446898002103047,0.26710334788937407,0.8713634770417105,0.8808291919653997,0.9514372192880312,0.21609146726019668,0.1457650938679906,resnet50,gz2,soft,none,224,full,bce,0,1,False,True
resnet50_soft_none_s224_full_bce_nfull_seed1,2,0.4,0.6,6977,0.14593791834002678,0.29281926329367924,0.7071807367063208,0.27046008313028524,0.056768558951965066,0.977640819836606,0.9796025103564804,0.9972153721339004,0.23442013966557937,0.07812162364743647,resnet50,gz2,soft,none,224,full,bce,0,1,False,True
resnet50_soft_none_s224_full_bce_nfull_seed1,3,0.6,0.8,13454,0.2814173360107095,0.16701352757544224,0.8329864724245577,0.1659729448491155,0.005094614264919942,0.9989594172736732,0.9988416785570433,0.9999866770597513,0.15026272835811652,0.028826765454272683,resnet50,gz2,soft,none,224,full,bce,0,1,False,True
resnet50_soft_none_s224_full_bce_nfull_seed1,4,0.8,1.0,16549,0.34615545515394913,0.22859387274155538,0.7714061272584446,0.22835216629403587,0.001455604075691412,0.9997582935524805,0.9996573264572508,0.9999998964669942,0.0874169716809936,0.009901267549235818,resnet50,gz2,soft,none,224,full,bce,0,1,False,True
resnet50_soft_none_s224_full_bce_nfull_seed1_op,0,0.0,0.2,5122,0.10713688085676037,0.4328387348691917,0.5671612651308082,0.11577508785630619,0.744612563044475,0.6829363529871144,0.6760957613558817,0.7338531780320585,0.09182558173647569,0.21630202742267027,resnet50,gz2,soft,none,224,full,bce,0,1,True,True
resnet50_soft_none_s224_full_bce_nfull_seed1_op,1,0.2,0.4,5706,0.11935240963855422,0.38310550297932,0.61689449702068,0.3024886084822993,0.21091242549289316,0.9193831055029793,0.9137685321883058,0.9718547263578142,0.2679858504772667,0.13758330072538816,resnet50,gz2,soft,none,224,full,bce,0,1,True,True
resnet50_soft_none_s224_full_bce_nfull_seed1_op,2,0.4,0.6,6977,0.14593791834002678,0.29281926329367924,0.7071807367063208,0.2822129855238641,0.033929390187987164,0.9893937222301848,0.9857611911395868,0.9990089941014836,0.24508224087420916,0.07385491460394455,resnet50,gz2,soft,none,224,full,bce,0,1,True,True
resnet50_soft_none_s224_full_bce_nfull_seed1_op,3,0.6,0.8,13454,0.2814173360107095,0.16701352757544224,0.8329864724245577,0.1659729448491155,0.006419073819348923,0.9989594172736732,0.9979521588504292,0.9997596112703577,0.15108271870555548,0.02828152117564526,resnet50,gz2,soft,none,224,full,bce,0,1,True,True
resnet50_soft_none_s224_full_bce_nfull_seed1_op,4,0.8,1.0,16549,0.34615545515394913,0.22859387274155538,0.7714061272584446,0.22805003323463657,0.0041265474552957355,0.9994561604930812,0.9995544974758446,0.9998055132485183,0.09133661512677828,0.010720341283821672,resnet50,gz2,soft,none,224,full,bce,0,1,True,True
resnet50_soft_none_s224_full_bce_nfull_seed2,0,0.0,0.2,5122,0.10713688085676037,0.4328387348691917,0.5671612651308082,0.09215150331901611,0.7002407704654896,0.6593127684498243,0.6559105550366942,0.7126543677124892,0.05744679651540597,0.2188414927160081,resnet50,gz2,soft,none,224,full,bce,0,2,False,True
resnet50_soft_none_s224_full_bce_nfull_seed2,1,0.2,0.4,5706,0.11935240963855422,0.38310550297932,0.61689449702068,0.273571678934455,0.25080256821829855,0.890466175955135,0.8841765522332197,0.9542723451925477,0.23294490666147954,0.13978058476241112,resnet50,gz2,soft,none,224,full,bce,0,2,False,True
resnet50_soft_none_s224_full_bce_nfull_seed2,2,0.4,0.6,6977,0.14593791834002678,0.29281926329367924,0.7071807367063208,0.27733983087286795,0.04333868378812199,0.9845205675791887,0.9798779027559279,0.9978700243111173,0.23396194566741227,0.0731818265104776,resnet50,gz2,soft,none,224,full,bce,0,2,False,True
resnet50_soft_none_s224_full_bce_nfull_seed2,3,0.6,0.8,13454,0.2814173360107095,0.16701352757544224,0.8329864724245577,0.16619592686189988,0.004414125200642055,0.9991823992864576,0.9980860037687838,0.9999942816590289,0.14185753722096586,0.02620991796221292,resnet50,gz2,soft,none,224,full,bce,0,2,False,True
resnet50_soft_none_s224_full_bce_nfull_seed2,4,0.8,1.0,16549,0.34615545515394913,0.22859387274155538,0.7714061272584446,0.22841259290591576,0.001203852327447833,0.9998187201643604,0.999603489294211,1.0,0.0804432431720226,0.008931884593991572,resnet50,gz2,soft,none,224,full,bce,0,2,False,True
resnet50_soft_none_s224_full_bce_nfull_seed2_op,0,0.0,0.2,5122,0.10713688085676037,0.4328387348691917,0.5671612651308082,0.09137055837563457,0.7452066467831274,0.6585318235064428,0.6642488764258658,0.7248374903053156,0.06161933273589041,0.21997726297799858,resnet50,gz2,soft,none,224,full,bce,0,2,True,True
resnet50_soft_none_s224_full_bce_nfull_seed2_op,1,0.2,0.4,5706,0.11935240963855422,0.38310550297932,0.61689449702068,0.2919733613739923,0.22155943757988922,0.9088678583946723,0.9127005271146968,0.9720108074107959,0.2514073562335329,0.13599054660628346,resnet50,gz2,soft,none,224,full,bce,0,2,True,True
resnet50_soft_none_s224_full_bce_nfull_seed2_op,2,0.4,0.6,6977,0.14593791834002678,0.29281926329367924,0.7071807367063208,0.2826429697577756,0.030251384746484873,0.9898237064640963,0.9897936164121173,0.9986672337210454,0.2376957314330014,0.07070156635918681,resnet50,gz2,soft,none,224,full,bce,0,2,True,True
resnet50_soft_none_s224_full_bce_nfull_seed2_op,3,0.6,0.8,13454,0.2814173360107095,0.16701352757544224,0.8329864724245577,0.16656756354987368,0.0025564550489987218,0.9995540359744314,0.9993765022806451,0.9999957708103234,0.14194776649875238,0.02509676723202933,resnet50,gz2,soft,none,224,full,bce,0,2,True,True
resnet50_soft_none_s224_full_bce_nfull_seed2_op,4,0.8,1.0,16549,0.34615545515394913,0.22859387274155538,0.7714061272584446,0.22853344612967552,0.00042607584149978694,0.9999395733881201,0.999867829764737,0.9999999585867977,0.08072639554025406,0.008376281051930024,resnet50,gz2,soft,none,224,full,bce,0,2,True,True
resnet50_soft_w_d4_s224_full_bce_nfull_seed0,0,0.0,0.2,5122,0.10713688085676037,0.4328387348691917,0.5671612651308082,0.10191331511128476,0.7533333333333333,0.669074580242093,0.662379888779941,0.7291476363602487,0.07694717716572576,0.21642860564829589,resnet50,gz2,soft_w,d4,224,full,bce,0,0,False,True
resnet50_soft_w_d4_s224_full_bce_nfull_seed0,1,0.2,0.4,5706,0.11935240963855422,0.38310550297932,0.61689449702068,0.29845776375744826,0.21466666666666667,0.9153522607781283,0.9085944647758464,0.9713063633244613,0.26099619569431215,0.1361167225504311,resnet50,gz2,soft_w,d4,224,full,bce,0,0,False,True
resnet50_soft_w_d4_s224_full_bce_nfull_seed0,2,0.4,0.6,6977,0.14593791834002678,0.29281926329367924,0.7071807367063208,0.28321628206965743,0.029777777777777778,0.9903970187759782,0.986757355685355,0.999222780348173,0.24063428190265954,0.07127193312168388,resnet50,gz2,soft_w,d4,224,full,bce,0,0,False,True
resnet50_soft_w_d4_s224_full_bce_nfull_seed0,3,0.6,0.8,13454,0.2814173360107095,0.16701352757544224,0.8329864724245577,0.16671621822506322,0.0017777777777777779,0.9997026906496209,0.999287828284892,0.9999982527291477,0.14389068595259294,0.025515169043107213,resnet50,gz2,soft_w,d4,224,full,bce,0,0,False,True
resnet50_soft_w_d4_s224_full_bce_nfull_seed0,4,0.8,1.0,16549,0.34615545515394913,0.22859387274155538,0.7714061272584446,0.22853344612967552,0.00044444444444444447,0.9999395733881201,0.999867829764737,0.9999992131491555,0.08378003991188546,0.008792920949162711,resnet50,gz2,soft_w,d4,224,full,bce,0,0,False,True
resnet50_soft_w_d4_s224_full_bce_nfull_seed1,0,0.0,0.2,5122,0.10713688085676037,0.4328387348691917,0.5671612651308082,0.10874658336587273,0.751131221719457,0.675907848496681,0.6736384548439263,0.7327454026428544,0.0810504954938123,0.21650988521574005,resnet50,gz2,soft_w,d4,224,full,bce,0,1,False,True
resnet50_soft_w_d4_s224_full_bce_nfull_seed1,1,0.2,0.4,5706,0.11935240963855422,0.38310550297932,0.61689449702068,0.29775674728356116,0.22036199095022624,0.9146512443042412,0.9121003753222989,0.9727495607377526,0.2582066125718598,0.13467331776498445,resnet50,gz2,soft_w,d4,224,full,bce,0,1,False,True
resnet50_soft_w_d4_s224_full_bce_nfull_seed1,2,0.4,0.6,6977,0.14593791834002678,0.29281926329367924,0.7071807367063208,0.28436290669342124,0.02669683257918552,0.991543643399742,0.9895756635657245,0.9989839449008855,0.23837388959115668,0.06971014881034265,resnet50,gz2,soft_w,d4,224,full,bce,0,1,False,True
resnet50_soft_w_d4_s224_full_bce_nfull_seed1,3,0.6,0.8,13454,0.2814173360107095,0.16701352757544224,0.8329864724245577,0.16679054556265804,0.0013574660633484162,0.9997770179872157,0.9995103471989997,0.9999882853431497,0.14129257178086616,0.024526126834329996,resnet50,gz2,soft_w,d4,224,full,bce,0,1,False,True
resnet50_soft_w_d4_s224_full_bce_nfull_seed1,4,0.8,1.0,16549,0.34615545515394913,0.22859387274155538,0.7714061272584446,0.22853344612967552,0.00045248868778280545,0.9999395733881201,0.999867829764737,0.9999998239938901,0.08247233214449638,0.008491615098010344,resnet50,gz2,soft_w,d4,224,full,bce,0,1,False,True
resnet50_soft_w_d4_s224_full_bce_nfull_seed2,0,0.0,0.2,5122,0.10713688085676037,0.4328387348691917,0.5671612651308082,0.1038656774697384,0.7462356067316209,0.6710269426005466,0.665650034896982,0.7283719839730078,0.07753196484069252,0.21692616692256372,resnet50,gz2,soft_w,d4,224,full,bce,0,2,False,True
resnet50_soft_w_d4_s224_full_bce_nfull_seed2,1,0.2,0.4,5706,0.11935240963855422,0.38310550297932,0.61689449702068,0.29600420609884326,0.2201062887511072,0.9128987031195233,0.9085995331863927,0.9708517009065957,0.2571771158916759,0.13554047786161397,resnet50,gz2,soft_w,d4,224,full,bce,0,2,False,True
resnet50_soft_w_d4_s224_full_bce_nfull_seed2,2,0.4,0.6,6977,0.14593791834002678,0.29281926329367924,0.7071807367063208,0.2833596101476279,0.029229406554472984,0.9905403468539487,0.987575695708065,0.9991558667410306,0.23888175511246543,0.07044864701500586,resnet50,gz2,soft_w,d4,224,full,bce,0,2,False,True
resnet50_soft_w_d4_s224_full_bce_nfull_seed2,3,0.6,0.8,13454,0.2814173360107095,0.16701352757544224,0.8329864724245577,0.16634458153708942,0.003985828166519044,0.9993310539616471,0.9985310415969992,0.9999976769239804,0.14198352582143545,0.024921086309135396,resnet50,gz2,soft_w,d4,224,full,bce,0,2,False,True
resnet50_soft_w_d4_s224_full_bce_nfull_seed2,4,0.8,1.0,16549,0.34615545515394913,0.22859387274155538,0.7714061272584446,0.22853344612967552,0.0004428697962798937,0.9999395733881201,0.999867829764737,0.9999999378801965,0.08318133265263124,0.008629701144441825,resnet50,gz2,soft_w,d4,224,full,bce,0,2,False,True
swin_tiny_hard_d4_s224_full_bce_nfull_seed0,0,0.0,0.2,5122,0.10713688085676037,0.4328387348691917,0.5671612651308082,0.08824677860210861,0.701510333863275,0.6554080437329168,0.6520943235536385,0.7108324269434203,0.1564118964026103,0.2432234324296841,swin_tiny,gz2,hard,d4,224,full,bce,0,0,False,True
swin_tiny_hard_d4_s224_full_bce_nfull_seed0,1,0.2,0.4,5706,0.11935240963855422,0.38310550297932,0.61689449702068,0.2763757448300035,0.2420508744038156,0.8932702418506835,0.8895698608916244,0.9585586610039092,0.005956443904228832,0.07736492985305762,swin_tiny,gz2,hard,d4,224,full,bce,0,0,False,True
swin_tiny_hard_d4_s224_full_bce_nfull_seed0,2,0.4,0.6,6977,0.14593791834002678,0.29281926329367924,0.7071807367063208,0.2751899097033109,0.04888712241653418,0.9823706464096317,0.9776408355341908,0.9982509209673416,0.01719009261108814,0.01407421212373411,swin_tiny,gz2,hard,d4,224,full,bce,0,0,False,True
swin_tiny_hard_d4_s224_full_bce_nfull_seed0,3,0.6,0.8,13454,0.2814173360107095,0.16701352757544224,0.8329864724245577,0.16574996283633125,0.006756756756756757,0.998736435260889,0.9969287942254604,0.9999903105889102,0.0033512748652707513,0.0010697308416945832,swin_tiny,gz2,hard,d4,224,full,bce,0,0,False,True
swin_tiny_hard_d4_s224_full_bce_nfull_seed0,4,0.8,1.0,16549,0.34615545515394913,0.22859387274155538,0.7714061272584446,0.22847301951779564,0.000794912559618442,0.9998791467762402,0.999735659529474,0.9999999792933989,0.0004097737974499546,0.00010394728012669533,swin_tiny,gz2,hard,d4,224,full,bce,0,0,False,True
swin_tiny_hard_d4_s224_full_bce_nfull_seed1,0,0.0,0.2,5122,0.10713688085676037,0.4328387348691917,0.5671612651308082,0.09254197579070678,0.6919412465263993,0.659703240921515,0.6586583721314797,0.7124398619026657,0.1275546501119753,0.2343688619326039,swin_tiny,gz2,hard,d4,224,full,bce,0,1,False,True
swin_tiny_hard_d4_s224_full_bce_nfull_seed1,1,0.2,0.4,5706,0.11935240963855422,0.38310550297932,0.61689449702068,0.273571678934455,0.2481143310837634,0.890466175955135,0.88781723051651,0.9560234160567245,0.02769786763691133,0.081357205201477,swin_tiny,gz2,hard,d4,224,full,bce,0,1,False,True
swin_tiny_hard_d4_s224_full_bce_nfull_seed1,2,0.4,0.6,6977,0.14593791834002678,0.29281926329367924,0.7071807367063208,0.27346997276766516,0.053592695514092896,0.9806507094739859,0.9761379827030557,0.9979941294594273,0.027958433429521774,0.016602047987368997,swin_tiny,gz2,hard,d4,224,full,bce,0,1,False,True
swin_tiny_hard_d4_s224_full_bce_nfull_seed1,3,0.6,0.8,13454,0.2814173360107095,0.16701352757544224,0.8329864724245577,0.16604727218671034,0.005160778086542279,0.999033744611268,0.9985304856471826,0.9999889802804204,0.0058412151504818564,0.0013545107536441173,swin_tiny,gz2,hard,d4,224,full,bce,0,1,False,True
swin_tiny_hard_d4_s224_full_bce_nfull_seed1,4,0.8,1.0,16549,0.34615545515394913,0.22859387274155538,0.7714061272584446,0.22841259290591576,0.0011909487892020642,0.9998187201643604,0.9996964929933625,0.9999999378801965,0.0007535395806580502,0.00014049235857312433,swin_tiny,gz2,hard,d4,224,full,bce,0,1,False,True
swin_tiny_hard_d4_s224_full_bce_nfull_seed2,0,0.0,0.2,5122,0.10713688085676037,0.4328387348691917,0.5671612651308082,0.09390862944162437,0.6991542488924688,0.6610698945724326,0.6468838431242853,0.7102628181389776,0.16200300132962375,0.2436463636177839,swin_tiny,gz2,hard,d4,224,full,bce,0,2,False,True
swin_tiny_hard_d4_s224_full_bce_nfull_seed2,1,0.2,0.4,5706,0.11935240963855422,0.38310550297932,0.61689449702068,0.27865404837013663,0.2400322190898107,0.8955485453908166,0.885348654661898,0.9603591163811028,0.011935601493575282,0.07545554678401206,swin_tiny,gz2,hard,d4,224,full,bce,0,2,False,True
swin_tiny_hard_d4_s224_full_bce_nfull_seed2,2,0.4,0.6,6977,0.14593791834002678,0.29281926329367924,0.7071807367063208,0.2737566289236062,0.05356423681031011,0.980937365629927,0.9728990466621469,0.9980171945649285,0.011524799266017996,0.014971029572761831,swin_tiny,gz2,hard,d4,224,full,bce,0,2,False,True
swin_tiny_hard_d4_s224_full_bce_nfull_seed2,3,0.6,0.8,13454,0.2814173360107095,0.16701352757544224,0.8329864724245577,0.16574996283633125,0.00684655658477648,0.998736435260889,0.9971066981667833,0.999988166211046,0.002839873820550727,0.001209043143183075,swin_tiny,gz2,hard,d4,224,full,bce,0,2,False,True
swin_tiny_hard_d4_s224_full_bce_nfull_seed2,4,0.8,1.0,16549,0.34615545515394913,0.22859387274155538,0.7714061272584446,0.22853344612967552,0.0004027386226339106,0.9999395733881201,0.9999608334638885,1.0,0.0003427808250930294,5.842224705183762e-05,swin_tiny,gz2,hard,d4,224,full,bce,0,2,False,True
swin_tiny_hard_d4_s224_full_bce_nfull_seed3,0,0.0,0.2,5122,0.10713688085676037,0.4328387348691917,0.5671612651308082,0.09234673955486139,0.7040775131207105,0.6595080046856696,0.6491389878089586,0.7067536335172508,0.17200158759062606,0.24852283954871535,swin_tiny,gz2,hard,d4,224,full,bce,0,3,False,True
swin_tiny_hard_d4_s224_full_bce_nfull_seed3,1,0.2,0.4,5706,0.11935240963855422,0.38310550297932,0.61689449702068,0.2795303189624956,0.23859507468712152,0.8964248159831756,0.8877058554437329,0.9590707004283456,0.010807804642049256,0.07623677316249315,swin_tiny,gz2,hard,d4,224,full,bce,0,3,False,True
swin_tiny_hard_d4_s224_full_bce_nfull_seed3,2,0.4,0.6,6977,0.14593791834002678,0.29281926329367924,0.7071807367063208,0.2756198939372223,0.04844570044408559,0.9828006306435431,0.9750768390428646,0.9983993808829659,0.011544227063513756,0.013687799116416405,swin_tiny,gz2,hard,d4,224,full,bce,0,3,False,True
swin_tiny_hard_d4_s224_full_bce_nfull_seed3,3,0.6,0.8,13454,0.2814173360107095,0.16701352757544224,0.8329864724245577,0.165526980823547,0.008074283407347598,0.9985134532481047,0.996617045365783,0.9999913232117904,0.0022465810033445357,0.00106093719218371,swin_tiny,gz2,hard,d4,224,full,bce,0,3,False,True
swin_tiny_hard_d4_s224_full_bce_nfull_seed3,4,0.8,1.0,16549,0.34615545515394913,0.22859387274155538,0.7714061272584446,0.22847301951779564,0.0008074283407347598,0.9998791467762402,0.999735659529474,1.0,0.0003332732274098088,7.026356457638072e-05,swin_tiny,gz2,hard,d4,224,full,bce,0,3,False,True
swin_tiny_hard_d4_s224_full_bce_nfull_seed4,0,0.0,0.2,5122,0.10713688085676037,0.4328387348691917,0.5671612651308082,0.08785630613041784,0.7020262216924911,0.6550175712612261,0.6492396805470481,0.7095872374089437,0.17853220656084934,0.2512942891617963,swin_tiny,gz2,hard,d4,224,full,bce,0,4,False,True
swin_tiny_hard_d4_s224_full_bce_nfull_seed4,1,0.2,0.4,5706,0.11935240963855422,0.38310550297932,0.61689449702068,0.2767262530669471,0.2411601112435439,0.8936207500876271,0.8866466875987691,0.9581732668635117,0.01078252793262652,0.07728047491531422,swin_tiny,gz2,hard,d4,224,full,bce,0,4,False,True
swin_tiny_hard_d4_s224_full_bce_nfull_seed4,2,0.4,0.6,6977,0.14593791834002678,0.29281926329367924,0.7071807367063208,0.2753332377812814,0.04847040127135479,0.9825139744876021,0.9757345665674817,0.9980167977459092,0.011030489125762669,0.013644674378421276,swin_tiny,gz2,hard,d4,224,full,bce,0,4,False,True
swin_tiny_hard_d4_s224_full_bce_nfull_seed4,3,0.6,0.8,13454,0.2814173360107095,0.16701352757544224,0.8329864724245577,0.165526980823547,0.007945967421533572,0.9985134532481047,0.9967949493071058,0.9999879478021894,0.0018074582889585243,0.0012165826711221415,swin_tiny,gz2,hard,d4,224,full,bce,0,4,False,True
swin_tiny_hard_d4_s224_full_bce_nfull_seed4,4,0.8,1.0,16549,0.34615545515394913,0.22859387274155538,0.7714061272584446,0.22853344612967552,0.0003972983710766786,0.9999395733881201,0.999867829764737,1.0,0.00024171087581375167,4.30146808478322e-05,swin_tiny,gz2,hard,d4,224,full,bce,0,4,False,True
swin_tiny_soft_d4_s224_full_bce_nfull_seed0,0,0.0,0.2,5122,0.10713688085676037,0.4328387348691917,0.5671612651308082,0.10542756735650138,0.7601994560290117,0.6725888324873096,0.6687895987584593,0.7309459760557793,0.0759584750516114,0.21631012435276642,swin_tiny,gz2,soft,d4,224,full,bce,0,0,False,True
swin_tiny_soft_d4_s224_full_bce_nfull_seed0,1,0.2,0.4,5706,0.11935240963855422,0.38310550297932,0.61689449702068,0.3021381002453557,0.20942883046237534,0.9190325972660357,0.9175585336438492,0.9744082305788905,0.2617039574350008,0.13373605637669164,swin_tiny,gz2,soft,d4,224,full,bce,0,0,False,True
swin_tiny_soft_d4_s224_full_bce_nfull_seed0,2,0.4,0.6,6977,0.14593791834002678,0.29281926329367924,0.7071807367063208,0.2840762505374803,0.027651858567543066,0.9912569872438011,0.9887993863590685,0.9995237675743703,0.23650316259147908,0.06870657625552239,swin_tiny,gz2,soft,d4,224,full,bce,0,0,False,True
swin_tiny_soft_d4_s224_full_bce_nfull_seed0,3,0.6,0.8,13454,0.2814173360107095,0.16701352757544224,0.8329864724245577,0.16671621822506322,0.001813236627379873,0.9997026906496209,0.9994657322262148,0.999996862854606,0.13892773974737258,0.023823280187754845,swin_tiny,gz2,soft,d4,224,full,bce,0,0,False,True
swin_tiny_soft_d4_s224_full_bce_nfull_seed0,4,0.8,1.0,16549,0.34615545515394913,0.22859387274155538,0.7714061272584446,0.22847301951779564,0.0009066183136899365,0.9998791467762402,0.9998286632286255,0.9999999792933988,0.08024251948947761,0.008052313696544688,swin_tiny,gz2,soft,d4,224,full,bce,0,0,False,True
swin_tiny_soft_d4_s224_full_bce_nfull_seed1,0,0.0,0.2,5122,0.10713688085676037,0.4328387348691917,0.5671612651308082,0.10640374853572832,0.766269477543538,0.6735650136665365,0.6706650301185411,0.7316127063832363,0.0782049603117299,0.2164789488475282,swin_tiny,gz2,soft,d4,224,full,bce,0,1,False,True
swin_tiny_soft_d4_s224_full_bce_nfull_seed1,1,0.2,0.4,5706,0.11935240963855422,0.38310550297932,0.61689449702068,0.3038906414300736,0.2071494042163153,0.9207851384507536,0.9201925476170674,0.9740253056641437,0.2639695450368468,0.13421009117118254,swin_tiny,gz2,soft,d4,224,full,bce,0,1,False,True
swin_tiny_soft_d4_s224_full_bce_nfull_seed1,2,0.4,0.6,6977,0.14593791834002678,0.29281926329367924,0.7071807367063208,0.2852228751612441,0.024289642529789185,0.9924036118675649,0.9906138909275466,0.9994241163981293,0.2381370998198193,0.06901027635223016,swin_tiny,gz2,soft,d4,224,full,bce,0,1,False,True
swin_tiny_soft_d4_s224_full_bce_nfull_seed1,3,0.6,0.8,13454,0.2814173360107095,0.16701352757544224,0.8329864724245577,0.1666418908874685,0.00229147571035747,0.9996283633120262,0.99942111725343,0.9999982130184466,0.1395336531387301,0.024025802070805218,swin_tiny,gz2,soft,d4,224,full,bce,0,1,False,True
swin_tiny_soft_d4_s224_full_bce_nfull_seed1,4,0.8,1.0,16549,0.34615545515394913,0.22859387274155538,0.7714061272584446,0.2285938727415554,0.0,1.0,1.0,1.0,0.08078087183647811,0.0081291639466167,swin_tiny,gz2,soft,d4,224,full,bce,0,1,False,True
swin_tiny_soft_d4_s224_full_bce_nfull_seed2,0,0.0,0.2,5122,0.10713688085676037,0.4328387348691917,0.5671612651308082,0.105232331120656,0.7623807360290777,0.6723935962514642,0.6684038298952625,0.7292211568097249,0.07630591790967509,0.21669437133236966,swin_tiny,gz2,soft,d4,224,full,bce,0,2,False,True
swin_tiny_soft_d4_s224_full_bce_nfull_seed2,1,0.2,0.4,5706,0.11935240963855422,0.38310550297932,0.61689449702068,0.3021381002453557,0.20990458882326216,0.9190325972660357,0.9167783882974299,0.9743164793520752,0.26185198028725654,0.13379680576717792,swin_tiny,gz2,soft,d4,224,full,bce,0,2,False,True
swin_tiny_soft_d4_s224_full_bce_nfull_seed2,2,0.4,0.6,6977,0.14593791834002678,0.29281926329367924,0.7071807367063208,0.2852228751612441,0.02407996365288505,0.9924036118675649,0.9896100876156554,0.9994645423357282,0.23711553846401953,0.0684773062499301,swin_tiny,gz2,soft,d4,224,full,bce,0,2,False,True
swin_tiny_soft_d4_s224_full_bce_nfull_seed2,3,0.6,0.8,13454,0.2814173360107095,0.16701352757544224,0.8329864724245577,0.16641890887468413,0.003634711494775102,0.9994053812992418,0.9989314644524298,0.9999974982258253,0.13852490533391926,0.02372302234402653,swin_tiny,gz2,soft,d4,224,full,bce,0,2,False,True
swin_tiny_soft_d4_s224_full_bce_nfull_seed2,4,0.8,1.0,16549,0.34615545515394913,0.22859387274155538,0.7714061272584446,0.2285938727415554,0.0,1.0,1.0,1.0,0.08029622357032298,0.008036447016619305,swin_tiny,gz2,soft,d4,224,full,bce,0,2,False,True
swin_tiny_soft_d4_s224_full_bce_nfull_seed3,0,0.0,0.2,5122,0.10713688085676037,0.4328387348691917,0.5671612651308082,0.09566575556423274,0.7594547053649956,0.662827020695041,0.6654182164575565,0.7287841487737146,0.06562155383038643,0.2180021961638144,swin_tiny,gz2,soft,d4,224,full,bce,0,3,False,True
swin_tiny_soft_d4_s224_full_bce_nfull_seed3,1,0.2,0.4,5706,0.11935240963855422,0.38310550297932,0.61689449702068,0.29985979670522256,0.2088830255057168,0.9167542937259026,0.9198727179156616,0.9744266847916492,0.25824749185496404,0.13398397694720288,swin_tiny,gz2,soft,d4,224,full,bce,0,3,False,True
swin_tiny_soft_d4_s224_full_bce_nfull_seed3,2,0.4,0.6,6977,0.14593791834002678,0.29281926329367924,0.7071807367063208,0.28364626630356893,0.028144239226033423,0.9908270030098897,0.9894991766997395,0.999453332198431,0.23455853395348752,0.068284479489058,swin_tiny,gz2,soft,d4,224,full,bce,0,3,False,True
swin_tiny_soft_d4_s224_full_bce_nfull_seed3,3,0.6,0.8,13454,0.2814173360107095,0.16701352757544224,0.8329864724245577,0.16649323621227896,0.0030782761653474055,0.9994797086368367,0.9991539833665375,0.9999981335970441,0.13849084337383305,0.023563880111112424,swin_tiny,gz2,soft,d4,224,full,bce,0,3,False,True
swin_tiny_soft_d4_s224_full_bce_nfull_seed3,4,0.8,1.0,16549,0.34615545515394913,0.22859387274155538,0.7714061272584446,0.22853344612967552,0.00043975373790677223,0.9999395733881201,0.9999608334638885,1.0,0.08155477694440867,0.008170491624296238,swin_tiny,gz2,soft,d4,224,full,bce,0,3,False,True
swin_tiny_soft_d4_s224_full_bce_nfull_seed4,0,0.0,0.2,5122,0.10713688085676037,0.4328387348691917,0.5671612651308082,0.10288949629051158,0.7667876588021778,0.6700507614213198,0.6651099274344623,0.7277248176933522,0.07389728355336726,0.21676677054566026,swin_tiny,gz2,soft,d4,224,full,bce,0,4,False,True
swin_tiny_soft_d4_s224_full_bce_nfull_seed4,1,0.2,0.4,5706,0.11935240963855422,0.38310550297932,0.61689449702068,0.3045916579039607,0.20326678765880218,0.9214861549246407,0.9185936590285286,0.9741858703110704,0.26397374668770657,0.13358726466125315,swin_tiny,gz2,soft,d4,224,full,bce,0,4,False,True
swin_tiny_soft_d4_s224_full_bce_nfull_seed4,2,0.4,0.6,6977,0.14593791834002678,0.29281926329367924,0.7071807367063208,0.2845062347713917,0.02631578947368421,0.9916869714777125,0.9889599988571612,0.9993034834162388,0.2369359962842954,0.06890376133233765,swin_tiny,gz2,soft,d4,224,full,bce,0,4,False,True
swin_tiny_soft_d4_s224_full_bce_nfull_seed4,3,0.6,0.8,13454,0.2814173360107095,0.16701352757544224,0.8329864724245577,0.16641890887468413,0.003629764065335753,0.9994053812992418,0.9987535605111069,0.9999908665387268,0.13883409412530404,0.02392338706104432,swin_tiny,gz2,soft,d4,224,full,bce,0,4,False,True
swin_tiny_soft_d4_s224_full_bce_nfull_seed4,4,0.8,1.0,16549,0.34615545515394913,0.22859387274155538,0.7714061272584446,0.2285938727415554,0.0,1.0,1.0,1.0,0.08028841266249072,0.008053297135015184,swin_tiny,gz2,soft,d4,224,full,bce,0,4,False,True
vit_base_hard_d4_s224_full_bce_nfull_seed0,0,0.0,0.2,5122,0.10713688085676037,0.4328387348691917,0.5671612651308082,0.08785630613041784,0.6888888888888889,0.6550175712612261,0.6481714214289984,0.7051687903751096,0.1789748730610749,0.2519045129997095,vit_base,gz2,hard,d4,224,full,bce,0,0,False,True
vit_base_hard_d4_s224_full_bce_nfull_seed0,1,0.2,0.4,5706,0.11935240963855422,0.38310550297932,0.61689449702068,0.2725201542236242,0.24600389863547759,0.8894146512443042,0.8828908654246028,0.9536631612326375,0.01556898890436453,0.08165328448462217,vit_base,gz2,hard,d4,224,full,bce,0,0,False,True
vit_base_hard_d4_s224_full_bce_nfull_seed0,2,0.4,0.6,6977,0.14593791834002678,0.29281926329367924,0.7071807367063208,0.2721800200659309,0.056140350877192984,0.9793607567722517,0.9739353395312496,0.9978049459919394,0.013534588949197377,0.015030061737476189,vit_base,gz2,hard,d4,224,full,bce,0,0,False,True
vit_base_hard_d4_s224_full_bce_nfull_seed0,3,0.6,0.8,13454,0.2814173360107095,0.16701352757544224,0.8329864724245577,0.16537832614835746,0.008576998050682261,0.9983647985729152,0.9959941035962447,0.999986498361596,0.0022792619757835393,0.0013357820820404584,vit_base,gz2,hard,d4,224,full,bce,0,0,False,True
vit_base_hard_d4_s224_full_bce_nfull_seed0,4,0.8,1.0,16549,0.34615545515394913,0.22859387274155538,0.7714061272584446,0.22853344612967552,0.0003898635477582846,0.9999395733881201,0.999867829764737,0.9999999068202947,0.00017493683098918612,6.832399909037678e-05,vit_base,gz2,hard,d4,224,full,bce,0,0,False,True
vit_base_hard_d4_s224_full_bce_nfull_seed1,0,0.0,0.2,5122,0.10713688085676037,0.4328387348691917,0.5671612651308082,0.07965638422491217,0.693369106937524,0.6468176493557204,0.6429187851347395,0.6995733174336628,0.186071606480055,0.25768950171755345,vit_base,gz2,hard,d4,224,full,bce,0,1,False,True
vit_base_hard_d4_s224_full_bce_nfull_seed1,1,0.2,0.4,5706,0.11935240963855422,0.38310550297932,0.61689449702068,0.2704171048019628,0.2464545802989651,0.8873116018226428,0.8830933419279714,0.9509686512309741,0.01956348867894215,0.08367819072517907,vit_base,gz2,hard,d4,224,full,bce,0,1,False,True
vit_base_hard_d4_s224_full_bce_nfull_seed1,2,0.4,0.6,6977,0.14593791834002678,0.29281926329367924,0.7071807367063208,0.2737566289236062,0.05097738597163664,0.980937365629927,0.975623655651566,0.9975739973226619,0.012378352499148943,0.015597712535542707,vit_base,gz2,hard,d4,224,full,bce,0,1,False,True
vit_base_hard_d4_s224_full_bce_nfull_seed1,3,0.6,0.8,13454,0.2814173360107095,0.16701352757544224,0.8329864724245577,0.16530399881076263,0.008815638175546186,0.9982904712353203,0.9961273925647827,0.999970792779276,0.002151423124877744,0.0013997639214640561,vit_base,gz2,hard,d4,224,full,bce,0,1,False,True
vit_base_hard_d4_s224_full_bce_nfull_seed1,4,0.8,1.0,16549,0.34615545515394913,0.22859387274155538,0.7714061272584446,0.22853344612967552,0.0003832886163280951,0.9999395733881201,0.999867829764737,1.0,0.0002946417588513458,4.8429320179318164e-05,vit_base,gz2,hard,d4,224,full,bce,0,1,False,True
vit_base_hard_d4_s224_full_bce_nfull_seed2,0,0.0,0.2,5122,0.10713688085676037,0.4328387348691917,0.5671612651308082,0.08863725107379938,0.6854587869362364,0.6557985162046076,0.6517976021619825,0.7075164761112884,0.18471994933281982,0.25493852219560365,vit_base,gz2,hard,d4,224,full,bce,0,2,False,True
vit_base_hard_d4_s224_full_bce_nfull_seed2,1,0.2,0.4,5706,0.11935240963855422,0.38310550297932,0.61689449702068,0.2679635471433579,0.25544323483670295,0.8848580441640379,0.878244172627464,0.9510889285120186,0.02458462898347558,0.08506285671198201,vit_base,gz2,hard,d4,224,full,bce,0,2,False,True
vit_base_hard_d4_s224_full_bce_nfull_seed2,2,0.4,0.6,6977,0.14593791834002678,0.29281926329367924,0.7071807367063208,0.2741866131575176,0.05054432348367029,0.9813673498638383,0.976357870042168,0.9977072293084177,0.009200822857969172,0.015272076916968432,vit_base,gz2,hard,d4,224,full,bce,0,2,False,True
vit_base_hard_d4_s224_full_bce_nfull_seed2,3,0.6,0.8,13454,0.2814173360107095,0.16701352757544224,0.8329864724245577,0.16545265348595217,0.008164852255054433,0.9984391259105099,0.9967503343343209,0.9999776230198806,0.0022840478013212125,0.0013269070710557904,vit_base,gz2,hard,d4,224,full,bce,0,2,False,True
vit_base_hard_d4_s224_full_bce_nfull_seed2,4,0.8,1.0,16549,0.34615545515394913,0.22859387274155538,0.7714061272584446,0.22853344612967552,0.00038880248833592535,0.9999395733881201,0.999867829764737,1.0,0.00025985714581017074,3.733479492463379e-05,vit_base,gz2,hard,d4,224,full,bce,0,2,False,True
vit_base_hard_d4_s224_full_bce_nfull_seed3,0,0.0,0.2,5122,0.10713688085676037,0.4328387348691917,0.5671612651308082,0.08238969152674747,0.6776141940354851,0.6495509566575557,0.6327763790518734,0.7012668497302568,0.18788268526583757,0.2541584761314323,vit_base,gz2,hard,d4,224,full,bce,0,3,False,True
vit_base_hard_d4_s224_full_bce_nfull_seed3,1,0.2,0.4,5706,0.11935240963855422,0.38310550297932,0.61689449702068,0.2658604977216964,0.25254813137032844,0.8827549947423764,0.8670912001996174,0.9535207259003576,0.019763803702529604,0.08352338628254043,vit_base,gz2,hard,d4,224,full,bce,0,3,False,True
vit_base_hard_d4_s224_full_bce_nfull_seed3,2,0.4,0.6,6977,0.14593791834002678,0.29281926329367924,0.7071807367063208,0.27074673928622617,0.05813514533786335,0.9779274759925469,0.9667557426160414,0.9973884348287259,0.010304472088306035,0.017075364211971696,vit_base,gz2,hard,d4,224,full,bce,0,3,False,True
vit_base_hard_d4_s224_full_bce_nfull_seed3,3,0.6,0.8,13454,0.2814173360107095,0.16701352757544224,0.8329864724245577,0.1647837074475993,0.011325028312570781,0.997770179872157,0.9947476641073517,0.9999715274272482,0.0030280015843739665,0.0018863664760224346,vit_base,gz2,hard,d4,224,full,bce,0,3,False,True
vit_base_hard_d4_s224_full_bce_nfull_seed3,4,0.8,1.0,16549,0.34615545515394913,0.22859387274155538,0.7714061272584446,0.22853344612967552,0.00037750094375235937,0.9999395733881201,0.999867829764737,0.9999998343471906,0.0003298593656527461,9.66815469033977e-05,vit_base,gz2,hard,d4,224,full,bce,0,3,False,True
vit_base_hard_d4_s224_full_bce_nfull_seed4,0,0.0,0.2,5122,0.10713688085676037,0.4328387348691917,0.5671612651308082,0.07985162046075756,0.6812358703843255,0.6470128855915658,0.6339038737590998,0.7012139802201266,0.16790589987754312,0.24806146109002492,vit_base,gz2,hard,d4,224,full,bce,0,4,False,True
vit_base_hard_d4_s224_full_bce_nfull_seed4,1,0.2,0.4,5706,0.11935240963855422,0.38310550297932,0.61689449702068,0.26813880126182965,0.24717407686510928,0.8850332982825097,0.8721450553106546,0.9526804744032272,0.009214420340240686,0.08305001508465097,vit_base,gz2,hard,d4,224,full,bce,0,4,False,True
vit_base_hard_d4_s224_full_bce_nfull_seed4,2,0.4,0.6,6977,0.14593791834002678,0.29281926329367924,0.7071807367063208,0.2698867708184033,0.06028636021100226,0.977067507524724,0.9655741147810919,0.9977114455104987,0.015760241123277906,0.017903164845187104,vit_base,gz2,hard,d4,224,full,bce,0,4,False,True
vit_base_hard_d4_s224_full_bce_nfull_seed4,3,0.6,0.8,13454,0.2814173360107095,0.16701352757544224,0.8329864724245577,0.164858034785194,0.01092690278824416,0.9978445072097517,0.9944364711974909,0.9999808197313261,0.004016004803795062,0.0018333612365229554,vit_base,gz2,hard,d4,224,full,bce,0,4,False,True
vit_base_hard_d4_s224_full_bce_nfull_seed4,4,0.8,1.0,16549,0.34615545515394913,0.22859387274155538,0.7714061272584446,0.22853344612967552,0.00037678975131876413,0.9999395733881201,0.999867829764737,1.0,0.00058020736899973,7.659472006234945e-05,vit_base,gz2,hard,d4,224,full,bce,0,4,False,True
vit_base_soft_d4_s224_full_bce_nfull_seed0,0,0.0,0.2,5122,0.10713688085676037,0.4328387348691917,0.5671612651308082,0.10035142522452167,0.747585601404741,0.6675126903553299,0.6675193330833482,0.7251999686354154,0.07217272402619021,0.2182977974011769,vit_base,gz2,soft,d4,224,full,bce,0,0,False,True
vit_base_soft_d4_s224_full_bce_nfull_seed0,1,0.2,0.4,5706,0.11935240963855422,0.38310550297932,0.61689449702068,0.2989835261128636,0.21071115013169447,0.9158780231335436,0.9147416670132247,0.9710114208184314,0.2616791824290847,0.13659070038444718,vit_base,gz2,soft,d4,224,full,bce,0,0,False,True
vit_base_soft_d4_s224_full_bce_nfull_seed0,2,0.4,0.6,6977,0.14593791834002678,0.29281926329367924,0.7071807367063208,0.28077970474415936,0.03687445127304653,0.9879604414504801,0.9851780159882351,0.9990560667576572,0.24088420278569064,0.07304857357802265,vit_base,gz2,soft,d4,224,full,bce,0,0,False,True
vit_base_soft_d4_s224_full_bce_nfull_seed0,3,0.6,0.8,13454,0.2814173360107095,0.16701352757544224,0.8329864724245577,0.16619592686189988,0.004828797190517998,0.9991823992864576,0.9982639077101066,0.9999944007911324,0.14648016109554224,0.026498958246292097,vit_base,gz2,soft,d4,224,full,bce,0,0,False,True
vit_base_soft_d4_s224_full_bce_nfull_seed0,4,0.8,1.0,16549,0.34615545515394913,0.22859387274155538,0.7714061272584446,0.2285938727415554,0.0,1.0,1.0,1.0,0.08582626668078687,0.009171708428166595,vit_base,gz2,soft,d4,224,full,bce,0,0,False,True
vit_base_soft_d4_s224_full_bce_nfull_seed1,0,0.0,0.2,5122,0.10713688085676037,0.4328387348691917,0.5671612651308082,0.10464662241311995,0.736311870346036,0.6718078875439282,0.6567241709928832,0.7230580935767038,0.07404917777050103,0.21613029539248282,vit_base,gz2,soft,d4,224,full,bce,0,1,False,True
vit_base_soft_d4_s224_full_bce_nfull_seed1,1,0.2,0.4,5706,0.11935240963855422,0.38310550297932,0.61689449702068,0.29530318962495616,0.21944809461235218,0.9121976866456362,0.9002298979040173,0.9703278351908842,0.25573578117042517,0.13565688128954684,vit_base,gz2,soft,d4,224,full,bce,0,1,False,True
vit_base_soft_d4_s224_full_bce_nfull_seed1,2,0.4,0.6,6977,0.14593791834002678,0.29281926329367924,0.7071807367063208,0.28049304858821844,0.037669732807709154,0.9876737852945392,0.9815337293190327,0.9991940605716455,0.23648322221990026,0.07144754881984035,vit_base,gz2,soft,d4,224,full,bce,0,1,False,True
vit_base_soft_d4_s224_full_bce_nfull_seed1,3,0.6,0.8,13454,0.2814173360107095,0.16701352757544224,0.8329864724245577,0.1658986175115208,0.006570302233902759,0.9988850899360785,0.9968401202297074,0.9999972401062673,0.14107270516627948,0.02519407605971504,vit_base,gz2,soft,d4,224,full,bce,0,1,False,True
vit_base_soft_d4_s224_full_bce_nfull_seed1,4,0.8,1.0,16549,0.34615545515394913,0.22859387274155538,0.7714061272584446,0.2285938727415554,0.0,1.0,1.0,0.9999999999999999,0.08351725859131828,0.008672919440217383,vit_base,gz2,soft,d4,224,full,bce,0,1,False,True
vit_base_soft_d4_s224_full_bce_nfull_seed2,0,0.0,0.2,5122,0.10713688085676037,0.4328387348691917,0.5671612651308082,0.09390862944162437,0.7340380549682876,0.6610698945724326,0.6643498797043965,0.7228154062218329,0.06571281944539388,0.21975911209443916,vit_base,gz2,soft,d4,224,full,bce,0,2,False,True
vit_base_soft_d4_s224_full_bce_nfull_seed2,1,0.2,0.4,5706,0.11935240963855422,0.38310550297932,0.61689449702068,0.2888187872415001,0.22748414376321352,0.9057132842621801,0.9083233697912335,0.96793613022956,0.25283691697697497,0.13904249015564846,vit_base,gz2,soft,d4,224,full,bce,0,2,False,True
vit_base_soft_d4_s224_full_bce_nfull_seed2,2,0.4,0.6,6977,0.14593791834002678,0.29281926329367924,0.7071807367063208,0.28120968897807086,0.034249471458773786,0.9883904256843916,0.9873462351101103,0.9989135095249461,0.24245218270598032,0.07372180663322805,vit_base,gz2,soft,d4,224,full,bce,0,2,False,True
vit_base_soft_d4_s224_full_bce_nfull_seed2,3,0.6,0.8,13454,0.2814173360107095,0.16701352757544224,0.8329864724245577,0.1662702541994946,0.004228329809725159,0.9992567266240523,0.9988422345068599,0.9999931896147461,0.14848984652385064,0.02702240956825288,vit_base,gz2,soft,d4,224,full,bce,0,2,False,True
vit_base_soft_d4_s224_full_bce_nfull_seed2,4,0.8,1.0,16549,0.34615545515394913,0.22859387274155538,0.7714061272584446,0.2285938727415554,0.0,1.0,1.0,1.0,0.0881022218747855,0.009581181135018177,vit_base,gz2,soft,d4,224,full,bce,0,2,False,True
vit_base_soft_d4_s224_full_bce_nfull_seed3,0,0.0,0.2,5122,0.10713688085676037,0.4328387348691917,0.5671612651308082,0.10054666146036706,0.7511032656663724,0.6677079265911753,0.6636320654743466,0.725501891579463,0.07077885181444875,0.21698969603766813,vit_base,gz2,soft,d4,224,full,bce,0,3,False,True
vit_base_soft_d4_s224_full_bce_nfull_seed3,1,0.2,0.4,5706,0.11935240963855422,0.38310550297932,0.61689449702068,0.2989835261128636,0.2118270079435128,0.9158780231335436,0.9124012309739665,0.970194172107627,0.25865586854640193,0.13502501691087035,vit_base,gz2,soft,d4,224,full,bce,0,3,False,True
vit_base_soft_d4_s224_full_bce_nfull_seed3,2,0.4,0.6,6977,0.14593791834002678,0.29281926329367924,0.7071807367063208,0.28206965744589363,0.03309796999117388,0.9892503941522144,0.9862334553750227,0.9989853833698309,0.2367806148007715,0.0704288831706542,vit_base,gz2,soft,d4,224,full,bce,0,3,False,True
vit_base_soft_d4_s224_full_bce_nfull_seed3,3,0.6,0.8,13454,0.2814173360107095,0.16701352757544224,0.8329864724245577,0.16634458153708942,0.003971756398940865,0.9993310539616471,0.9985310415969992,0.9999876896826317,0.14067945296369283,0.024748883191728015,vit_base,gz2,soft,d4,224,full,bce,0,3,False,True
vit_base_soft_d4_s224_full_bce_nfull_seed3,4,0.8,1.0,16549,0.34615545515394913,0.22859387274155538,0.7714061272584446,0.2285938727415554,0.0,1.0,1.0,0.9999999999999999,0.08255559930897415,0.008438661406885452,vit_base,gz2,soft,d4,224,full,bce,0,3,False,True
vit_base_soft_d4_s224_full_bce_nfull_seed4,0,0.0,0.2,5122,0.10713688085676037,0.4328387348691917,0.5671612651308082,0.09644670050761428,0.7481545809813287,0.6636079656384225,0.6623677777027306,0.7255916377669969,0.0707294590544277,0.21796607513054075,vit_base,gz2,soft,d4,224,full,bce,0,4,False,True
vit_base_soft_d4_s224_full_bce_nfull_seed4,1,0.2,0.4,5706,0.11935240963855422,0.38310550297932,0.61689449702068,0.2940764107956537,0.22058184976118106,0.9109709078163337,0.9092041035931132,0.9699552420360974,0.2583158605069685,0.13774974387022432,vit_base,gz2,soft,d4,224,full,bce,0,4,False,True
vit_base_soft_d4_s224_full_bce_nfull_seed4,2,0.4,0.6,6977,0.14593791834002678,0.29281926329367924,0.7071807367063208,0.2837895943815394,0.02735562310030395,0.9909703310878601,0.989170312937431,0.9991576028242403,0.24531486975417552,0.07354957410390126,vit_base,gz2,soft,d4,224,full,bce,0,4,False,True
vit_base_soft_d4_s224_full_bce_nfull_seed4,3,0.6,0.8,13454,0.2814173360107095,0.16701352757544224,0.8329864724245577,0.16641890887468413,0.0034737299174989146,0.9994053812992418,0.9989314644524298,0.9999944603571842,0.14625334318783187,0.026562924542869088,vit_base,gz2,soft,d4,224,full,bce,0,4,False,True
vit_base_soft_d4_s224_full_bce_nfull_seed4,4,0.8,1.0,16549,0.34615545515394913,0.22859387274155538,0.7714061272584446,0.22853344612967552,0.0004342162396873643,0.9999395733881201,0.9999608334638885,1.0,0.08489931006378706,0.009055108768351769,vit_base,gz2,soft,d4,224,full,bce,0,4,False,True
vit_small_hard_conf_d4_s224_full_bce_nfull_seed0,0,0.0,0.2,5122,0.10713688085676037,0.4328387348691917,0.5671612651308082,0.07497071456462323,0.6638898949655921,0.6421319796954315,0.6479215916439778,0.7004725649165384,0.31173751064525435,0.32719310101586324,vit_small,gz2,hard_conf,d4,224,full,bce,0,0,False,True
vit_small_hard_conf_d4_s224_full_bce_nfull_seed0,1,0.2,0.4,5706,0.11935240963855422,0.38310550297932,0.61689449702068,0.2584998247458815,0.2575153929735603,0.8753943217665615,0.8786352199950096,0.9458322719995008,0.10440616763970022,0.11269202140522096,vit_small,gz2,hard_conf,d4,224,full,bce,0,0,False,True
vit_small_hard_conf_d4_s224_full_bce_nfull_seed0,2,0.4,0.6,6977,0.14593791834002678,0.29281926329367924,0.7071807367063208,0.2653002723233482,0.06954002173125678,0.9724810090296689,0.9699315348304918,0.9960061157747265,0.020626813168038872,0.023477690856349424,vit_small,gz2,hard_conf,d4,224,full,bce,0,0,False,True
vit_small_hard_conf_d4_s224_full_bce_nfull_seed0,3,0.6,0.8,13454,0.2814173360107095,0.16701352757544224,0.8329864724245577,0.16530399881076263,0.00833031510322347,0.9982904712353203,0.9966611043887512,0.9999734732516063,0.0010800765400718856,0.0013921866245870701,vit_small,gz2,hard_conf,d4,224,full,bce,0,0,False,True
vit_small_hard_conf_d4_s224_full_bce_nfull_seed0,4,0.8,1.0,16549,0.34615545515394913,0.22859387274155538,0.7714061272584446,0.22847301951779564,0.0007243752263672582,0.9998791467762402,0.999735659529474,0.9999999378801965,0.00010685689051557291,9.751274567758433e-05,vit_small,gz2,hard_conf,d4,224,full,bce,0,0,False,True
vit_small_hard_conf_d4_s224_full_bce_nfull_seed1,0,0.0,0.2,5122,0.10713688085676037,0.4328387348691917,0.5671612651308082,0.07321358844201487,0.655749377002492,0.6403748535728231,0.6417790240800821,0.6993439833177675,0.3126103726570309,0.3266544715743215,vit_small,gz2,hard_conf,d4,224,full,bce,0,1,False,True
vit_small_hard_conf_d4_s224_full_bce_nfull_seed1,1,0.2,0.4,5706,0.11935240963855422,0.38310550297932,0.61689449702068,0.25201542236242547,0.26628693485226057,0.8689099193831055,0.8680918863844298,0.9436980163020878,0.10394124168601238,0.11357009887123679,vit_small,gz2,hard_conf,d4,224,full,bce,0,1,False,True
vit_small_hard_conf_d4_s224_full_bce_nfull_seed1,2,0.4,0.6,6977,0.14593791834002678,0.29281926329367924,0.7071807367063208,0.26573025655725957,0.06728373086507654,0.9729109932635803,0.96980534638233,0.9961267983589946,0.01922575262247913,0.0228575005786808,vit_small,gz2,hard_conf,d4,224,full,bce,0,1,False,True
vit_small_hard_conf_d4_s224_full_bce_nfull_seed1,3,0.6,0.8,13454,0.2814173360107095,0.16701352757544224,0.8329864724245577,0.16493236212278883,0.009967960128159488,0.9979188345473465,0.9959043177008584,0.9999613416323933,0.0015670480596675217,0.001788561045188786,vit_small,gz2,hard_conf,d4,224,full,bce,0,1,False,True
vit_small_hard_conf_d4_s224_full_bce_nfull_seed1,4,0.8,1.0,16549,0.34615545515394913,0.22859387274155538,0.7714061272584446,0.22847301951779564,0.000711997152011392,0.9998791467762402,0.999735659529474,0.9999999585867976,0.00010197034278004656,8.214704245624156e-05,vit_small,gz2,hard_conf,d4,224,full,bce,0,1,False,True
vit_small_hard_conf_d4_s224_full_bce_nfull_seed2,0,0.0,0.2,5122,0.10713688085676037,0.4328387348691917,0.5671612651308082,0.052323311206559975,0.6222860791826309,0.6194845763373682,0.6304130110234093,0.6959951928339688,0.2918904484276569,0.3178114232416373,vit_small,gz2,hard_conf,d4,224,full,bce,0,2,False,True
vit_small_hard_conf_d4_s224_full_bce_nfull_seed2,1,0.2,0.4,5706,0.11935240963855422,0.38310550297932,0.61689449702068,0.22800560813179105,0.2825670498084291,0.844900105152471,0.8545260906179821,0.93320094818265,0.10287217806554358,0.1277131020334842,vit_small,gz2,hard_conf,d4,224,full,bce,0,2,False,True
vit_small_hard_conf_d4_s224_full_bce_nfull_seed2,2,0.4,0.6,6977,0.14593791834002678,0.29281926329367924,0.7071807367063208,0.25698724380106064,0.07982120051085569,0.9641679805073814,0.9654879554515097,0.9945825275427121,0.016699724245458947,0.02775250294111459,vit_small,gz2,hard_conf,d4,224,full,bce,0,2,False,True
vit_small_hard_conf_d4_s224_full_bce_nfull_seed2,3,0.6,0.8,13454,0.2814173360107095,0.16701352757544224,0.8329864724245577,0.1637431247212725,0.0140485312899106,0.9967295971458302,0.994656766312332,0.9999359069282824,0.00131692116289894,0.0023757398933967507,vit_small,gz2,hard_conf,d4,224,full,bce,0,2,False,True
vit_small_hard_conf_d4_s224_full_bce_nfull_seed2,4,0.8,1.0,16549,0.34615545515394913,0.22859387274155538,0.7714061272584446,0.22835216629403587,0.001277139208173691,0.9997582935524805,0.9995643227580995,0.9999993166821614,0.00017130127506633885,0.00018494521515370247,vit_small,gz2,hard_conf,d4,224,full,bce,0,2,False,True
vit_small_hard_d4_s224_full_bce_n10000_seed0,0,0.0,0.2,5122,0.10713688085676037,0.4328387348691917,0.5671612651308082,0.04998047637641556,0.5675832127351664,0.6171417415072238,0.622205116619581,0.670837380063459,0.2156416819633123,0.2835721982780153,vit_small,gz2,hard,d4,224,full,bce,10000,0,False,True
vit_small_hard_d4_s224_full_bce_n10000_seed0,1,0.2,0.4,5706,0.11935240963855422,0.38310550297932,0.61689449702068,0.20837714686295128,0.2885672937771346,0.8252716438836313,0.8312489603260418,0.9097081505239958,0.0539007261879358,0.12767823233756692,vit_small,gz2,hard,d4,224,full,bce,10000,0,False,True
vit_small_hard_d4_s224_full_bce_n10000_seed0,2,0.4,0.6,6977,0.14593791834002678,0.29281926329367924,0.7071807367063208,0.2386412498208399,0.10940665701881332,0.9458219865271607,0.9440561074316067,0.9860467520264058,0.006438617542370835,0.04113868796079517,vit_small,gz2,hard,d4,224,full,bce,10000,0,False,True
vit_small_hard_d4_s224_full_bce_n10000_seed0,3,0.6,0.8,13454,0.2814173360107095,0.16701352757544224,0.8329864724245577,0.15935781180318132,0.029811866859623733,0.992344284227739,0.9882885001502455,0.9995688013511487,0.0065468040623503036,0.00577959560758527,vit_small,gz2,hard,d4,224,full,bce,10000,0,False,True
vit_small_hard_d4_s224_full_bce_n10000_seed0,4,0.8,1.0,16549,0.34615545515394913,0.22859387274155538,0.7714061272584446,0.2276270469514775,0.004630969609261939,0.9990331742099221,0.9984432984307006,0.9999911582813008,0.00144133071509765,0.0007497879959066062,vit_small,gz2,hard,d4,224,full,bce,10000,0,False,True
vit_small_hard_d4_s224_full_bce_n10000_seed1,0,0.0,0.2,5122,0.10713688085676037,0.4328387348691917,0.5671612651308082,0.03787582975400239,0.5444025834230355,0.6050370948848106,0.6239256659345676,0.6839472329682155,0.19841835554588028,0.27864611344230933,vit_small,gz2,hard,d4,224,full,bce,10000,1,False,True
vit_small_hard_d4_s224_full_bce_n10000_seed1,1,0.2,0.4,5706,0.11935240963855422,0.38310550297932,0.61689449702068,0.18717139852786535,0.3008611410118407,0.8040658955485454,0.8222963278715795,0.9104088257922315,0.04711330607894243,0.14036370834971013,vit_small,gz2,hard,d4,224,full,bce,10000,1,False,True
vit_small_hard_d4_s224_full_bce_n10000_seed1,2,0.4,0.6,6977,0.14593791834002678,0.29281926329367924,0.7071807367063208,0.2251684104916153,0.12701829924650163,0.932349147197936,0.9401229861186755,0.9868258069661976,0.017251564181332113,0.05009359799645853,vit_small,gz2,hard,d4,224,full,bce,10000,1,False,True
vit_small_hard_d4_s224_full_bce_n10000_seed1,3,0.6,0.8,13454,0.2814173360107095,0.16701352757544224,0.8329864724245577,0.16047272186710282,0.023681377825618945,0.9934591942916605,0.9923378996271522,0.9995786496050434,0.013141130075657294,0.006077927585192245,vit_small,gz2,hard,d4,224,full,bce,10000,1,False,True
vit_small_hard_d4_s224_full_bce_n10000_seed1,4,0.8,1.0,16549,0.34615545515394913,0.22859387274155538,0.7714061272584446,0.22768747356335728,0.004036598493003229,0.9990936008218019,0.998668472365115,0.9999906923827744,0.0025254202951052935,0.0007520845712500867,vit_small,gz2,hard,d4,224,full,bce,10000,1,False,True
vit_small_hard_d4_s224_full_bce_n2000_seed0,0,0.0,0.2,5122,0.10713688085676037,0.4328387348691917,0.5671612651308082,0.06091370558375642,0.4982997645827884,0.6280749707145646,0.6054042576647204,0.6547329856833094,0.24015885436499795,0.29200480234889786,vit_small,gz2,hard,d4,224,full,bce,2000,0,False,True
vit_small_hard_d4_s224_full_bce_n2000_seed0,1,0.2,0.4,5706,0.11935240963855422,0.38310550297932,0.61689449702068,0.18611987381703465,0.2940099398378237,0.8030143708377147,0.7707346076270482,0.8725658633452549,0.09679540132883763,0.14922569254999674,vit_small,gz2,hard,d4,224,full,bce,2000,0,False,True
vit_small_hard_d4_s224_full_bce_n2000_seed0,2,0.4,0.6,6977,0.14593791834002678,0.29281926329367924,0.7071807367063208,0.21986527160670777,0.1331415119016479,0.9270460083130285,0.8904853414062195,0.9729395718045007,0.023365409421392924,0.05506531145511969,vit_small,gz2,hard,d4,224,full,bce,2000,0,False,True
vit_small_hard_d4_s224_full_bce_n2000_seed0,3,0.6,0.8,13454,0.2814173360107095,0.16701352757544224,0.8329864724245577,0.149843912591051,0.06042375098090505,0.9828303850156087,0.9541131530221293,0.9983631646077264,0.0028818317540174336,0.012984909476144809,vit_small,gz2,hard,d4,224,full,bce,2000,0,False,True
vit_small_hard_d4_s224_full_bce_n2000_seed0,4,0.8,1.0,16549,0.34615545515394913,0.22859387274155538,0.7714061272584446,0.2253308357000423,0.014125032696834947,0.9967369629584869,0.9931418183932514,0.9999773262717196,0.001782190404572409,0.002484344127409806,vit_small,gz2,hard,d4,224,full,bce,2000,0,False,True
vit_small_hard_d4_s224_full_bce_n2000_seed1,0,0.0,0.2,5122,0.10713688085676037,0.4328387348691917,0.5671612651308082,0.05603279968762209,0.48529041991450844,0.6231940648184303,0.5935701048927976,0.6493541146996646,0.25384924904949735,0.30092402114689865,vit_small,gz2,hard,d4,224,full,bce,2000,1,False,True
vit_small_hard_d4_s224_full_bce_n2000_seed1,1,0.2,0.4,5706,0.11935240963855422,0.38310550297932,0.61689449702068,0.1824395373291272,0.2879054563741514,0.7993340343498072,0.7581298604757547,0.8796944528195959,0.1123419613019679,0.15706065627049295,vit_small,gz2,hard,d4,224,full,bce,2000,1,False,True
vit_small_hard_d4_s224_full_bce_n2000_seed1,2,0.4,0.6,6977,0.14593791834002678,0.29281926329367924,0.7071807367063208,0.21155224308442022,0.14256977621322606,0.918732979790741,0.8719885156607603,0.9780217321904152,0.030613882843275084,0.06074973549696495,vit_small,gz2,hard,d4,224,full,bce,2000,1,False,True
vit_small_hard_d4_s224_full_bce_n2000_seed1,3,0.6,0.8,13454,0.2814173360107095,0.16701352757544224,0.8329864724245577,0.14694514642485512,0.06789036962534574,0.9799316188494128,0.9431221641347323,0.9986456665359787,0.004525745096764666,0.014632572379691153,vit_small,gz2,hard,d4,224,full,bce,2000,1,False,True
vit_small_hard_d4_s224_full_bce_n2000_seed1,4,0.8,1.0,16549,0.34615545515394913,0.22859387274155538,0.7714061272584446,0.2246661429693637,0.01634397787276842,0.9960722702278083,0.9919669569028127,0.9999593840018066,0.001810840123364083,0.0030519008730734093,vit_small,gz2,hard,d4,224,full,bce,2000,1,False,True
vit_small_hard_d4_s224_full_bce_n25000_seed0,0,0.0,0.2,5122,0.10713688085676037,0.4328387348691917,0.5671612651308082,0.0519328387348692,0.5724765258215962,0.6190941038656774,0.6310836231063826,0.6844235243700494,0.2007193098160649,0.2752157132990711,vit_small,gz2,hard,d4,224,full,bce,25000,0,False,True
vit_small_hard_d4_s224_full_bce_n25000_seed0,1,0.2,0.4,5706,0.11935240963855422,0.38310550297932,0.61689449702068,0.20539782684893093,0.2975352112676056,0.8222923238696109,0.8325615486983282,0.9175179863594778,0.04423596375440356,0.12559303364398522,vit_small,gz2,hard,d4,224,full,bce,25000,0,False,True
vit_small_hard_d4_s224_full_bce_n25000_seed0,2,0.4,0.6,6977,0.14593791834002678,0.29281926329367924,0.7071807367063208,0.2397878744446037,0.10856807511737089,0.9469686111509245,0.9510330290326683,0.9907066473733259,0.01189587904117866,0.038886060971051524,vit_small,gz2,hard,d4,224,full,bce,25000,0,False,True
vit_small_hard_d4_s224_full_bce_n25000_seed0,3,0.6,0.8,13454,0.2814173360107095,0.16701352757544224,0.8329864724245577,0.16218225063178238,0.019072769953051644,0.9951687230563401,0.994609371590464,0.9998049211804134,0.009336134443734727,0.004540391963826047,vit_small,gz2,hard,d4,224,full,bce,25000,0,False,True
vit_small_hard_d4_s224_full_bce_n25000_seed0,4,0.8,1.0,16549,0.34615545515394913,0.22859387274155538,0.7714061272584446,0.22811045984651646,0.002347417840375587,0.999516587104961,0.9992216492153503,0.9999981571124958,0.001823393902418946,0.0004983112366499424,vit_small,gz2,hard,d4,224,full,bce,25000,0,False,True
vit_small_hard_d4_s224_full_bce_n25000_seed1,0,0.0,0.2,5122,0.10713688085676037,0.4328387348691917,0.5671612651308082,0.029480671612651332,0.5612605270306982,0.5966419367434596,0.6198896494541863,0.6859568177989359,0.23822478789305956,0.29755185898849756,vit_small,gz2,hard,d4,224,full,bce,25000,1,False,True
vit_small_hard_d4_s224_full_bce_n25000_seed1,1,0.2,0.4,5706,0.11935240963855422,0.38310550297932,0.61689449702068,0.1905012267788293,0.29856017386579736,0.8073957237995093,0.8315830855443733,0.9270953329036014,0.07182354921045309,0.14048990443390955,vit_small,gz2,hard,d4,224,full,bce,25000,1,False,True
vit_small_hard_d4_s224_full_bce_n25000_seed1,2,0.4,0.6,6977,0.14593791834002678,0.29281926329367924,0.7071807367063208,0.2313315178443457,0.1165444172779136,0.9385122545506664,0.949786322878541,0.9931513997493295,0.007104596251332774,0.043761203800501976,vit_small,gz2,hard,d4,224,full,bce,25000,1,False,True
vit_small_hard_d4_s224_full_bce_n25000_seed1,3,0.6,0.8,13454,0.2814173360107095,0.16701352757544224,0.8329864724245577,0.1607700312174818,0.022819885900570498,0.9937565036420395,0.9946512068141657,0.9998144517486983,0.00564866208977324,0.005215350918139285,vit_small,gz2,hard,d4,224,full,bce,25000,1,False,True
vit_small_hard_d4_s224_full_bce_n25000_seed1,4,0.8,1.0,16549,0.34615545515394913,0.22859387274155538,0.7714061272584446,0.22841259290591576,0.0008149959250203749,0.9998187201643604,0.9998825003916654,0.9999995858679765,0.0011693359335071959,0.0003135841359861655,vit_small,gz2,hard,d4,224,full,bce,25000,1,False,True
vit_small_hard_d4_s224_full_bce_n50000_seed0,0,0.0,0.2,5122,0.10713688085676037,0.4328387348691917,0.5671612651308082,0.08336587270597429,0.643653362099964,0.6505271378367825,0.6452809886365489,0.6959599464938819,0.21547418021161038,0.27273476460300733,vit_small,gz2,hard,d4,224,full,bce,50000,0,False,True
vit_small_hard_d4_s224_full_bce_n50000_seed0,1,0.2,0.4,5706,0.11935240963855422,0.38310550297932,0.61689449702068,0.2551699964949177,0.2624955052139518,0.8720644935155977,0.8678748544456458,0.9411866188763204,0.04796748119984334,0.09647003362521304,vit_small,gz2,hard,d4,224,full,bce,50000,0,False,True
vit_small_hard_d4_s224_full_bce_n50000_seed0,2,0.4,0.6,6977,0.14593791834002678,0.29281926329367924,0.7071807367063208,0.2605704457503225,0.08090614886731391,0.9677511824566433,0.9614249751144872,0.99402340954441,0.004484465174165518,0.02405036303901211,vit_small,gz2,hard,d4,224,full,bce,50000,0,False,True
vit_small_hard_d4_s224_full_bce_n50000_seed0,3,0.6,0.8,13454,0.2814173360107095,0.16701352757544224,0.8329864724245577,0.16470938011000447,0.011147069399496584,0.9976958525345622,0.9947030491345668,0.9999295730714429,0.002034800579633192,0.002062254768261774,vit_small,gz2,hard,d4,224,full,bce,50000,0,False,True
vit_small_hard_d4_s224_full_bce_n50000_seed0,4,0.8,1.0,16549,0.34615545515394913,0.22859387274155538,0.7714061272584446,0.228291739682156,0.0017979144192736426,0.9996978669406006,0.9994321525228365,0.9999991510293521,0.00020082844281137834,0.00026336121934211954,vit_small,gz2,hard,d4,224,full,bce,50000,0,False,True
vit_small_hard_d4_s224_full_bce_n50000_seed1,0,0.0,0.2,5122,0.10713688085676037,0.4328387348691917,0.5671612651308082,0.08356110894181967,0.6572373254959588,0.6507223740726279,0.6470554943532103,0.6931990867005622,0.1600759371828873,0.25147178094083317,vit_small,gz2,hard,d4,224,full,bce,50000,1,False,True
vit_small_hard_d4_s224_full_bce_n50000_seed1,1,0.2,0.4,5706,0.11935240963855422,0.38310550297932,0.61689449702068,0.2599018576936558,0.2582659808963997,0.8767963547143358,0.8730970067786742,0.9423242171255094,0.012225097511087985,0.09123755547417152,vit_small,gz2,hard,d4,224,full,bce,50000,1,False,True
vit_small_hard_d4_s224_full_bce_n50000_seed1,2,0.4,0.6,6977,0.14593791834002678,0.29281926329367924,0.7071807367063208,0.2648702880894367,0.07163850110213078,0.9720510247957574,0.9641783038804337,0.9956081062982917,0.019248858592636465,0.02183509072403667,vit_small,gz2,hard,d4,224,full,bce,50000,1,False,True
vit_small_hard_d4_s224_full_bce_n50000_seed1,3,0.6,0.8,13454,0.2814173360107095,0.16701352757544224,0.8329864724245577,0.16463505277240975,0.011756061719324026,0.9976215251969675,0.9941247223378135,0.9999630094818431,0.0053979175269227644,0.0021738335764770766,vit_small,gz2,hard,d4,224,full,bce,50000,1,False,True
vit_small_hard_d4_s224_full_bce_n50000_seed1,4,0.8,1.0,16549,0.34615545515394913,0.22859387274155538,0.7714061272584446,0.22841259290591576,0.0011021307861866275,0.9998187201643604,0.9996964929933625,0.9999997722273871,0.0009125766429375363,0.00024218756832156566,vit_small,gz2,hard,d4,224,full,bce,50000,1,False,True
vit_small_hard_d4_s224_full_bce_n5000_seed0,0,0.0,0.2,5122,0.10713688085676037,0.4328387348691917,0.5671612651308082,0.04861382272549786,0.5488008923591746,0.6157750878563061,0.6167272608702741,0.6594455921501587,0.29353926886018034,0.32566318028530866,vit_small,gz2,hard,d4,224,full,bce,5000,0,False,True
vit_small_hard_d4_s224_full_bce_n5000_seed0,1,0.2,0.4,5706,0.11935240963855422,0.38310550297932,0.61689449702068,0.19523308797756744,0.2989403234802008,0.8121275849982474,0.8110604414455627,0.8927608801879732,0.12700334084904943,0.15286799040564944,vit_small,gz2,hard,d4,224,full,bce,5000,0,False,True
vit_small_hard_d4_s224_full_bce_n5000_seed0,2,0.4,0.6,6977,0.14593791834002678,0.29281926329367924,0.7071807367063208,0.23491471979360756,0.11266034578918015,0.9420954564999283,0.9359721103688612,0.9813656268619493,0.031609640029611176,0.047359213830404596,vit_small,gz2,hard,d4,224,full,bce,5000,0,False,True
vit_small_hard_d4_s224_full_bce_n5000_seed0,3,0.6,0.8,13454,0.2814173360107095,0.16701352757544224,0.8329864724245577,0.1577969377136912,0.03457891801450084,0.9907834101382489,0.9827260832473697,0.9991634742241213,0.004213257584735414,0.007120093376370034,vit_small,gz2,hard,d4,224,full,bce,5000,0,False,True
vit_small_hard_d4_s224_full_bce_n5000_seed0,4,0.8,1.0,16549,0.34615545515394913,0.22859387274155538,0.7714061272584446,0.22750619372771774,0.0050195203569436695,0.9989123209861623,0.9978999468627201,0.999960046613044,0.0006839601057539764,0.0009930980976600434,vit_small,gz2,hard,d4,224,full,bce,5000,0,False,True
vit_small_hard_d4_s224_full_bce_n5000_seed1,0,0.0,0.2,5122,0.10713688085676037,0.4328387348691917,0.5671612651308082,0.05368996485747757,0.5468882005068995,0.6208512299882858,0.6255821662835375,0.6690119457144255,0.2863225326898253,0.3187841576320059,vit_small,gz2,hard,d4,224,full,bce,5000,1,False,True
vit_small_hard_d4_s224_full_bce_n5000_seed1,1,0.2,0.4,5706,0.11935240963855422,0.38310550297932,0.61689449702068,0.1954083420960392,0.30160518163897493,0.8123028391167192,0.8134562401230974,0.8956944502204108,0.12104596025150435,0.1514004019315462,vit_small,gz2,hard,d4,224,full,bce,5000,1,False,True
vit_small_hard_d4_s224_full_bce_n5000_seed1,2,0.4,0.6,6977,0.14593791834002678,0.29281926329367924,0.7071807367063208,0.23534470402751906,0.11292593635595607,0.9425254407338398,0.938427130436991,0.9851543556542047,0.03019056336956405,0.04409672284978878,vit_small,gz2,hard,d4,224,full,bce,5000,1,False,True
vit_small_hard_d4_s224_full_bce_n5000_seed1,3,0.6,0.8,13454,0.2814173360107095,0.16701352757544224,0.8329864724245577,0.15846588375204407,0.032385243593353985,0.9914523561766018,0.9838392337677246,0.9994129567043359,0.003609692536887662,0.006342115774975626,vit_small,gz2,hard,d4,224,full,bce,5000,1,False,True
vit_small_hard_d4_s224_full_bce_n5000_seed1,4,0.8,1.0,16549,0.34615545515394913,0.22859387274155538,0.7714061272584446,0.2272644872801982,0.006195437904815545,0.9986706145386428,0.9977432807182739,0.999989481046606,0.0005262626448007702,0.0009978094904678006,vit_small,gz2,hard,d4,224,full,bce,5000,1,False,True
vit_small_hard_d4_s224_full_bce_nfull_seed0,0,0.0,0.2,5122,0.10713688085676037,0.4328387348691917,0.5671612651308082,0.08766106989457245,0.68,0.6548223350253807,0.6387588630182823,0.703045625377986,0.14800619787531705,0.24114291278867184,vit_small,gz2,hard,d4,224,full,bce,0,0,False,True
vit_small_hard_d4_s224_full_bce_nfull_seed0,1,0.2,0.4,5706,0.11935240963855422,0.38310550297932,0.61689449702068,0.26848930949877325,0.25153846153846154,0.8853838065194533,0.8701753929967562,0.9543741682608335,0.007379604628214147,0.08240562329322047,vit_small,gz2,hard,d4,224,full,bce,0,0,False,True
vit_small_hard_d4_s224_full_bce_nfull_seed0,2,0.4,0.6,6977,0.14593791834002678,0.29281926329367924,0.7071807367063208,0.27089006736419663,0.05884615384615385,0.9780708040705174,0.9675740826387512,0.997301729872992,0.02073588319441278,0.017752648988806703,vit_small,gz2,hard,d4,224,full,bce,0,0,False,True
vit_small_hard_d4_s224_full_bce_nfull_seed0,3,0.6,0.8,13454,0.2814173360107095,0.16701352757544224,0.8329864724245577,0.16522967147316792,0.009230769230769232,0.9982161438977256,0.9950153539440609,0.9999723812073237,0.004672735083020196,0.0018633995870847228,vit_small,gz2,hard,d4,224,full,bce,0,0,False,True
vit_small_hard_d4_s224_full_bce_nfull_seed0,4,0.8,1.0,16549,0.34615545515394913,0.22859387274155538,0.7714061272584446,0.22853344612967552,0.0003846153846153846,0.9999395733881201,0.999867829764737,0.9999999999999999,0.0006141818353622337,0.00012079343468422128,vit_small,gz2,hard,d4,224,full,bce,0,0,False,True
vit_small_hard_d4_s224_full_bce_nfull_seed1,0,0.0,0.2,5122,0.10713688085676037,0.4328387348691917,0.5671612651308082,0.08024209293244833,0.6864310148232611,0.6474033580632566,0.6497378650499932,0.7066496024694175,0.13166806457908983,0.23943535512827624,vit_small,gz2,hard,d4,224,full,bce,0,1,False,True
vit_small_hard_d4_s224_full_bce_nfull_seed1,1,0.2,0.4,5706,0.11935240963855422,0.38310550297932,0.61689449702068,0.26954083420960395,0.24629418472063855,0.886435331230284,0.8859371101222657,0.9546411695292357,0.027540151940157968,0.08402538522994796,vit_small,gz2,hard,d4,224,full,bce,0,1,False,True
vit_small_hard_d4_s224_full_bce_nfull_seed1,2,0.4,0.6,6977,0.14593791834002678,0.29281926329367924,0.7071807367063208,0.27089006736419663,0.05815279361459521,0.9780708040705174,0.9753177081876263,0.9976232524834422,0.030406665023910942,0.018402913151804708,vit_small,gz2,hard,d4,224,full,bce,0,1,False,True
vit_small_hard_d4_s224_full_bce_nfull_seed1,3,0.6,0.8,13454,0.2814173360107095,0.16701352757544224,0.8329864724245577,0.16537832614835746,0.008361839604713038,0.9983647985729152,0.9963499114788905,0.9999871535881658,0.006043739343733406,0.001622084604598973,vit_small,gz2,hard,d4,224,full,bce,0,1,False,True
vit_small_hard_d4_s224_full_bce_nfull_seed1,4,0.8,1.0,16549,0.34615545515394913,0.22859387274155538,0.7714061272584446,0.22847301951779564,0.0007601672367920942,0.9998791467762402,0.9998286632286255,0.9999999585867977,0.0007711886333349264,0.00012270814842242191,vit_small,gz2,hard,d4,224,full,bce,0,1,False,True
vit_small_hard_d4_s224_full_bce_nfull_seed2,0,0.0,0.2,5122,0.10713688085676037,0.4328387348691917,0.5671612651308082,0.08727059742288179,0.6868451688009313,0.65443186255369,0.6464799852803831,0.7081518418541749,0.15313272920142323,0.2409706962741209,vit_small,gz2,hard,d4,224,full,bce,0,2,False,True
vit_small_hard_d4_s224_full_bce_nfull_seed2,1,0.2,0.4,5706,0.11935240963855422,0.38310550297932,0.61689449702068,0.27059235892043465,0.24912689173457508,0.8874868559411146,0.8803748544456458,0.9525256279630708,0.009228855900665838,0.0819830774874213,vit_small,gz2,hard,d4,224,full,bce,0,2,False,True
vit_small_hard_d4_s224_full_bce_nfull_seed2,2,0.4,0.6,6977,0.14593791834002678,0.29281926329367924,0.7071807367063208,0.27203669198796043,0.05626697710516104,0.9792174286942812,0.9725433976160304,0.9977495897387363,0.01855041437767739,0.016649121830904275,vit_small,gz2,hard,d4,224,full,bce,0,2,False,True
vit_small_hard_d4_s224_full_bce_nfull_seed2,3,0.6,0.8,13454,0.2814173360107095,0.16701352757544224,0.8329864724245577,0.1656013081611417,0.007372914241365929,0.9985877805856994,0.9966616603385678,0.999988801582265,0.004351658197580611,0.0012685757272147419,vit_small,gz2,hard,d4,224,full,bce,0,2,False,True
vit_small_hard_d4_s224_full_bce_nfull_seed2,4,0.8,1.0,16549,0.34615545515394913,0.22859387274155538,0.7714061272584446,0.22853344612967552,0.00038804811796662784,0.9999395733881201,0.999867829764737,0.9999998964669942,0.0004922055144047976,0.00010677250655094292,vit_small,gz2,hard,d4,224,full,bce,0,2,False,True
vit_small_hard_d4_s224_full_bce_nfull_seed3,0,0.0,0.2,5122,0.10713688085676037,0.4328387348691917,0.5671612651308082,0.07223740726278804,0.6909839132061354,0.6393986723935963,0.6436959125890767,0.7035325527899341,0.1461088401737236,0.24481397481054018,vit_small,gz2,hard,d4,224,full,bce,0,3,False,True
vit_small_hard_d4_s224_full_bce_nfull_seed3,1,0.2,0.4,5706,0.11935240963855422,0.38310550297932,0.61689449702068,0.2669120224325271,0.24803591470258138,0.8838065194532071,0.8873604237711055,0.9539392596481743,0.02183814407676994,0.08665417958084437,vit_small,gz2,hard,d4,224,full,bce,0,3,False,True
vit_small_hard_d4_s224_full_bce_nfull_seed3,2,0.4,0.6,6977,0.14593791834002678,0.29281926329367924,0.7071807367063208,0.2717500358320195,0.05499438832772166,0.9789307725383403,0.9775031393344671,0.9977383299990615,0.030023167184862462,0.018457621732261252,vit_small,gz2,hard,d4,224,full,bce,0,3,False,True
vit_small_hard_d4_s224_full_bce_nfull_seed3,3,0.6,0.8,13454,0.2814173360107095,0.16701352757544224,0.8329864724245577,0.16582429017392597,0.005985783763561541,0.9988107625984837,0.9982187367875051,0.9999828449770868,0.006402327891923176,0.0015900753669543161,vit_small,gz2,hard,d4,224,full,bce,0,3,False,True
vit_small_hard_d4_s224_full_bce_nfull_seed3,4,0.8,1.0,16549,0.34615545515394913,0.22859387274155538,0.7714061272584446,0.2285938727415554,0.0,1.0,1.0,1.0,0.0008182110090247214,8.520018873729451e-05,vit_small,gz2,hard,d4,224,full,bce,0,3,False,True
vit_small_hard_d4_s224_full_bce_nfull_seed4,0,0.0,0.2,5122,0.10713688085676037,0.4328387348691917,0.5671612651308082,0.08258492776259274,0.7038054138877992,0.649746192893401,0.6462483221111781,0.6997249388041242,0.18544542604969666,0.2588691595466172,vit_small,gz2,hard,d4,224,full,bce,0,4,False,True
vit_small_hard_d4_s224_full_bce_nfull_seed4,1,0.2,0.4,5706,0.11935240963855422,0.38310550297932,0.61689449702068,0.273571678934455,0.24519419380149077,0.890466175955135,0.8872971336188971,0.9557335419612409,0.015669616503194858,0.0794223825938514,vit_small,gz2,hard,d4,224,full,bce,0,4,False,True
vit_small_hard_d4_s224_full_bce_nfull_seed4,2,0.4,0.6,6977,0.14593791834002678,0.29281926329367924,0.7071807367063208,0.2764798624050452,0.04472342094939192,0.9836605991113659,0.9791264763403604,0.997930985632969,0.012362835152836715,0.01395767145947825,vit_small,gz2,hard,d4,224,full,bce,0,4,False,True
vit_small_hard_d4_s224_full_bce_nfull_seed4,3,0.6,0.8,13454,0.2814173360107095,0.16701352757544224,0.8329864724245577,0.16582429017392597,0.006276971361318164,0.9988107625984837,0.9969734091982453,0.9999869947453608,0.002281532633240357,0.0010970426196530605,vit_small,gz2,hard,d4,224,full,bce,0,4,False,True
vit_small_hard_d4_s224_full_bce_nfull_seed4,4,0.8,1.0,16549,0.34615545515394913,0.22859387274155538,0.7714061272584446,0.2285938727415554,0.0,1.0,1.0,1.0,0.0002291149362945324,1.966572798184732e-05,vit_small,gz2,hard,d4,224,full,bce,0,4,False,True
vit_small_hard_debiased_d4_s224_full_bce_nfull_seed0,0,0.0,0.2,5122,0.10713688085676037,0.4328387348691917,0.5671612651308082,-0.1083561108941819,0.17718120805369128,0.4588051542366263,0.5198470277786189,0.6178191986969723,0.47834890561955823,0.48617847655106905,vit_small,gz2,hard_debiased,d4,224,full,bce,0,0,False,True
vit_small_hard_debiased_d4_s224_full_bce_nfull_seed0,1,0.2,0.4,5706,0.11935240963855422,0.38310550297932,0.61689449702068,-0.1642131090080617,0.19961649089165867,0.4526813880126183,0.5549184375779755,0.7974629356233887,0.46925212629571944,0.47088218642710383,vit_small,gz2,hard_debiased,d4,224,full,bce,0,0,False,True
vit_small_hard_debiased_d4_s224_full_bce_nfull_seed0,2,0.4,0.6,6977,0.14593791834002678,0.29281926329367924,0.7071807367063208,-0.23391142324781422,0.2348993288590604,0.47326931345850654,0.626723707416607,0.9364092561210822,0.41151776345650204,0.4205507828707934,vit_small,gz2,hard_debiased,d4,224,full,bce,0,0,False,True
vit_small_hard_debiased_d4_s224_full_bce_nfull_seed0,3,0.6,0.8,13454,0.2814173360107095,0.16701352757544224,0.8329864724245577,-0.1509588226549724,0.2734419942473634,0.6820276497695853,0.8086034346023722,0.9927054221666484,0.1564165703658228,0.22892289245941805,vit_small,gz2,hard_debiased,d4,224,full,bce,0,0,False,True
vit_small_hard_debiased_d4_s224_full_bce_nfull_seed0,4,0.8,1.0,16549,0.34615545515394913,0.22859387274155538,0.7714061272584446,0.12000725119342559,0.11486097794822626,0.8914133784518702,0.9296177346075514,0.9998794772278946,0.016879890568481996,0.08079196674098274,vit_small,gz2,hard_debiased,d4,224,full,bce,0,0,False,True
vit_small_hard_debiased_d4_s224_full_bce_nfull_seed1,0,0.0,0.2,5122,0.10713688085676037,0.4328387348691917,0.5671612651308082,-0.09332292073408821,0.18703588035255744,0.47383834439672,0.5305896308993949,0.6060938127146125,0.46373757520443704,0.47795837708530897,vit_small,gz2,hard_debiased,d4,224,full,bce,0,1,False,True
vit_small_hard_debiased_d4_s224_full_bce_nfull_seed1,1,0.2,0.4,5706,0.11935240963855422,0.38310550297932,0.61689449702068,-0.13529617946021733,0.20528836144076618,0.4815983175604627,0.5758421359061798,0.7847208865299842,0.44217441091338183,0.4491614797696132,vit_small,gz2,hard_debiased,d4,224,full,bce,0,1,False,True
vit_small_hard_debiased_d4_s224_full_bce_nfull_seed1,2,0.4,0.6,6977,0.14593791834002678,0.29281926329367924,0.7071807367063208,-0.18632650136161677,0.23200777291970295,0.520854235344704,0.6593640062530741,0.9330171975410713,0.36750310633839167,0.38493288936452086,vit_small,gz2,hard_debiased,d4,224,full,bce,0,1,False,True
vit_small_hard_debiased_d4_s224_full_bce_nfull_seed1,3,0.6,0.8,13454,0.2814173360107095,0.16701352757544224,0.8329864724245577,-0.11713988404935327,0.26532028593240337,0.7158465883752044,0.8285474393368408,0.9912887429017618,0.12678197863215443,0.20717644137310967,vit_small,gz2,hard_debiased,d4,224,full,bce,0,1,False,True
vit_small_hard_debiased_d4_s224_full_bce_nfull_seed1,4,0.8,1.0,16549,0.34615545515394913,0.22859387274155538,0.7714061272584446,0.13251555985255914,0.11034769935457006,0.9039216871110037,0.9377252075826414,0.9998225961944829,0.03296097628177019,0.07466952987041485,vit_small,gz2,hard_debiased,d4,224,full,bce,0,1,False,True
vit_small_hard_debiased_d4_s224_full_bce_nfull_seed2,0,0.0,0.2,5122,0.10713688085676037,0.4328387348691917,0.5671612651308082,-0.09761811792268638,0.19532710280373833,0.46954314720812185,0.5258416228222381,0.612544358761161,0.4517233518614356,0.46430991855182996,vit_small,gz2,hard_debiased,d4,224,full,bce,0,2,False,True
vit_small_hard_debiased_d4_s224_full_bce_nfull_seed2,1,0.2,0.4,5706,0.11935240963855422,0.38310550297932,0.61689449702068,-0.13564668769716087,0.21279654924514738,0.4812478093235191,0.5745178512018632,0.7886963398278299,0.4266224962385913,0.4345700733757807,vit_small,gz2,hard_debiased,d4,224,full,bce,0,2,False,True
vit_small_hard_debiased_d4_s224_full_bce_nfull_seed2,2,0.4,0.6,6977,0.14593791834002678,0.29281926329367924,0.7071807367063208,-0.1927762648702881,0.24356578001437815,0.5144044718360327,0.6538000083728813,0.9279497194588737,0.35473769074318445,0.369969472678276,vit_small,gz2,hard_debiased,d4,224,full,bce,0,2,False,True
vit_small_hard_debiased_d4_s224_full_bce_nfull_seed2,3,0.6,0.8,13454,0.2814173360107095,0.16701352757544224,0.8329864724245577,-0.09796343094990334,0.2562904385334292,0.7350230414746544,0.8395243904913678,0.9911635946269673,0.10104539530742178,0.18811383527143816,vit_small,gz2,hard_debiased,d4,224,full,bce,0,2,False,True
vit_small_hard_debiased_d4_s224_full_bce_nfull_seed2,4,0.8,1.0,16549,0.34615545515394913,0.22859387274155538,0.7714061272584446,0.15124780953531936,0.09202012940330698,0.922653936793764,0.9495878226797663,0.9996063364518717,0.043621006163344356,0.06280722754437175,vit_small,gz2,hard_debiased,d4,224,full,bce,0,2,False,True
vit_small_soft_d4_photo_s224_full_bce_nfull_seed0,0,0.0,0.2,5122,0.10713688085676037,0.4328387348691917,0.5671612651308082,0.10308473252635697,0.7543546225993747,0.6702459976571652,0.670356275284785,0.729312688604796,0.07450168970965032,0.2177120861902316,vit_small,gz2,soft,d4_photo,224,full,bce,0,0,False,True
vit_small_soft_d4_photo_s224_full_bce_nfull_seed0,1,0.2,0.4,5706,0.11935240963855422,0.38310550297932,0.61689449702068,0.2982825096389765,0.21616793211255025,0.9151770066596565,0.914086802378774,0.9731799857564667,0.2589358792944181,0.13495236127711857,vit_small,gz2,soft,d4_photo,224,full,bce,0,0,False,True
vit_small_soft_d4_photo_s224_full_bce_nfull_seed0,2,0.4,0.6,6977,0.14593791834002678,0.29281926329367924,0.7071807367063208,0.2837895943815394,0.02813756141134435,0.9909703310878601,0.989170312937431,0.9993847817128336,0.23855249951711713,0.07005785834777603,vit_small,gz2,soft,d4_photo,224,full,bce,0,0,False,True
vit_small_soft_d4_photo_s224_full_bce_nfull_seed0,3,0.6,0.8,13454,0.2814173360107095,0.16701352757544224,0.8329864724245577,0.16679054556265804,0.0013398838767306833,0.9997770179872157,0.9998661550816454,0.9999966841564508,0.14156727813891995,0.024578761513908302,vit_small,gz2,soft,d4_photo,224,full,bce,0,0,False,True
vit_small_soft_d4_photo_s224_full_bce_nfull_seed0,4,0.8,1.0,16549,0.34615545515394913,0.22859387274155538,0.7714061272584446,0.2285938727415554,0.0,1.0,1.0,1.0,0.0824907360169279,0.008459150611548323,vit_small,gz2,soft,d4_photo,224,full,bce,0,0,False,True
vit_small_soft_d4_photo_s224_full_bce_nfull_seed1,0,0.0,0.2,5122,0.10713688085676037,0.4328387348691917,0.5671612651308082,0.11499414291292465,0.7661176470588236,0.6821554080437329,0.6750334025062166,0.7316892546020153,0.08952239992905062,0.2165505149450845,vit_small,gz2,soft,d4_photo,224,full,bce,0,1,False,True
vit_small_soft_d4_photo_s224_full_bce_nfull_seed1,1,0.2,0.4,5706,0.11935240963855422,0.38310550297932,0.61689449702068,0.30651945320715035,0.2056470588235294,0.9234139502278303,0.918075771438077,0.975196888255843,0.2691273568893394,0.1348092798449892,vit_small,gz2,soft,d4_photo,224,full,bce,0,1,False,True
vit_small_soft_d4_photo_s224_full_bce_nfull_seed1,2,0.4,0.6,6977,0.14593791834002678,0.29281926329367924,0.7071807367063208,0.2849362190053032,0.02588235294117647,0.992116955711624,0.9892640118283813,0.9993767957300685,0.24116721372878944,0.07052592779122506,vit_small,gz2,soft,d4_photo,224,full,bce,0,1,False,True
vit_small_soft_d4_photo_s224_full_bce_nfull_seed1,3,0.6,0.8,13454,0.2814173360107095,0.16701352757544224,0.8329864724245577,0.1666418908874685,0.002352941176470588,0.9996283633120262,0.9992432133121072,0.9999899730479499,0.14204975503221454,0.024884205808538284,vit_small,gz2,soft,d4_photo,224,full,bce,0,1,False,True
vit_small_soft_d4_photo_s224_full_bce_nfull_seed1,4,0.8,1.0,16549,0.34615545515394913,0.22859387274155538,0.7714061272584446,0.2285938727415554,0.0,1.0,1.0,0.9999999999999999,0.08290117881297111,0.008504025086012185,vit_small,gz2,soft,d4_photo,224,full,bce,0,1,False,True
vit_small_soft_d4_photo_s224_full_bce_nfull_seed2,0,0.0,0.2,5122,0.10713688085676037,0.4328387348691917,0.5671612651308082,0.10601327606403754,0.7591836734693878,0.6731745411948458,0.6699469053480498,0.7320167194973592,0.07874780940601064,0.2165081042157355,vit_small,gz2,soft,d4_photo,224,full,bce,0,2,False,True
vit_small_soft_d4_photo_s224_full_bce_nfull_seed2,1,0.2,0.4,5706,0.11935240963855422,0.38310550297932,0.61689449702068,0.30301437083771465,0.2072562358276644,0.9199088678583947,0.9163617389586626,0.9742179052649089,0.26269946209733797,0.13367625770684408,vit_small,gz2,soft,d4_photo,224,full,bce,0,2,False,True
vit_small_soft_d4_photo_s224_full_bce_nfull_seed2,2,0.4,0.6,6977,0.14593791834002678,0.29281926329367924,0.7071807367063208,0.2829296259137165,0.031292517006802724,0.9901103626200373,0.9869848817905902,0.999334534504505,0.2370525406105173,0.06959271851019518,vit_small,gz2,soft,d4_photo,224,full,bce,0,2,False,True
vit_small_soft_d4_photo_s224_full_bce_nfull_seed2,3,0.6,0.8,13454,0.2814173360107095,0.16701352757544224,0.8329864724245577,0.1666418908874685,0.0022675736961451248,0.9996283633120262,0.99942111725343,0.9999932888914992,0.14119703858626734,0.024447910514962597,vit_small,gz2,soft,d4_photo,224,full,bce,0,2,False,True
vit_small_soft_d4_photo_s224_full_bce_nfull_seed2,4,0.8,1.0,16549,0.34615545515394913,0.22859387274155538,0.7714061272584446,0.2285938727415554,0.0,1.0,1.0,1.0,0.08276297600792537,0.0084686841232832,vit_small,gz2,soft,d4_photo,224,full,bce,0,2,False,True
vit_small_soft_d4_s112_full_bce_nfull_seed0,0,0.0,0.2,5122,0.10713688085676037,0.4328387348691917,0.5671612651308082,0.08531823506442804,0.6974921630094044,0.6524795001952363,0.6527173453139836,0.7034816241575621,0.04930194740484396,0.22206196315109644,vit_small,gz2,soft,d4,112,full,bce,0,0,False,True
vit_small_soft_d4_s112_full_bce_nfull_seed0,1,0.2,0.4,5706,0.11935240963855422,0.38310550297932,0.61689449702068,0.2749737118822292,0.24177115987460815,0.8918682089029092,0.8899071051318307,0.9566645699908508,0.2350474733622961,0.13981760491169246,vit_small,gz2,soft,d4,112,full,bce,0,0,False,True
vit_small_soft_d4_s112_full_bce_nfull_seed0,2,0.4,0.6,6977,0.14593791834002678,0.29281926329367924,0.7071807367063208,0.2740432850795471,0.051332288401253916,0.9812240217858679,0.9775471366432404,0.9979976016258468,0.23502178568757673,0.07522494849090061,vit_small,gz2,soft,d4,112,full,bce,0,0,False,True
vit_small_soft_d4_s112_full_bce_nfull_seed0,3,0.6,0.8,13454,0.2814173360107095,0.16701352757544224,0.8329864724245577,0.16530399881076263,0.009012539184952978,0.9982904712353203,0.9957715846821371,0.9999565564929002,0.14588013786633716,0.02714710677712188,vit_small,gz2,soft,d4,112,full,bce,0,0,False,True
vit_small_soft_d4_s112_full_bce_nfull_seed0,4,0.8,1.0,16549,0.34615545515394913,0.22859387274155538,0.7714061272584446,0.22853344612967552,0.00039184952978056425,0.9999395733881201,0.999867829764737,1.0,0.08667020880153424,0.009515046872659652,vit_small,gz2,soft,d4,112,full,bce,0,0,False,True
vit_small_soft_d4_s112_full_bce_nfull_seed1,0,0.0,0.2,5122,0.10713688085676037,0.4328387348691917,0.5671612651308082,0.08648965247950025,0.7090327737809752,0.6536509176103085,0.6505452701973562,0.7031769063495428,0.049211407126113355,0.22071121845874658,vit_small,gz2,soft,d4,112,full,bce,0,1,False,True
vit_small_soft_d4_s112_full_bce_nfull_seed1,1,0.2,0.4,5706,0.11935240963855422,0.38310550297932,0.61689449702068,0.28145811426568523,0.23181454836131096,0.8983526112863652,0.8942092759710555,0.9574666784496383,0.23649558429519754,0.1364436190961513,vit_small,gz2,soft,d4,112,full,bce,0,1,False,True
vit_small_soft_d4_s112_full_bce_nfull_seed1,2,0.4,0.6,6977,0.14593791834002678,0.29281926329367924,0.7071807367063208,0.2747599254693994,0.050359712230215826,0.9819406621757202,0.9771934220898434,0.9978927918023539,0.2303768389553827,0.07278975337167856,vit_small,gz2,soft,d4,112,full,bce,0,1,False,True
vit_small_soft_d4_s112_full_bce_nfull_seed1,3,0.6,0.8,13454,0.2814173360107095,0.16701352757544224,0.8329864724245577,0.1656013081611417,0.007593924860111911,0.9985877805856994,0.9966616603385678,0.9999478002832881,0.1410661942462732,0.02566172779699905,vit_small,gz2,soft,d4,112,full,bce,0,1,False,True
vit_small_soft_d4_s112_full_bce_nfull_seed1,4,0.8,1.0,16549,0.34615545515394913,0.22859387274155538,0.7714061272584446,0.22841259290591576,0.001199040767386091,0.9998187201643604,0.9996964929933625,0.9999999378801966,0.08310587471804055,0.008745124855893632,vit_small,gz2,soft,d4,112,full,bce,0,1,False,True
vit_small_soft_d4_s160_full_bce_nfull_seed0,0,0.0,0.2,5122,0.10713688085676037,0.4328387348691917,0.5671612651308082,0.09839906286606803,0.7221753794266442,0.6655603279968763,0.6644094258340145,0.7153748572484409,0.06336970824554812,0.21902942668729528,vit_small,gz2,soft,d4,160,full,bce,0,0,False,True
vit_small_soft_d4_s160_full_bce_nfull_seed0,1,0.2,0.4,5706,0.11935240963855422,0.38310550297932,0.61689449702068,0.286540483701367,0.23229342327150085,0.903434980722047,0.9017959068036263,0.9640621751018881,0.24423327837420103,0.13617876719984756,vit_small,gz2,soft,d4,160,full,bce,0,0,False,True
vit_small_soft_d4_s160_full_bce_nfull_seed0,2,0.4,0.6,6977,0.14593791834002678,0.29281926329367924,0.7071807367063208,0.2794897520424251,0.03920741989881956,0.9866704887487459,0.9844093775477021,0.9987687201852511,0.2339510241585055,0.07094507248119734,vit_small,gz2,soft,d4,160,full,bce,0,0,False,True
vit_small_soft_d4_s160_full_bce_nfull_seed0,3,0.6,0.8,13454,0.2814173360107095,0.16701352757544224,0.8329864724245577,0.1658986175115208,0.006323777403035413,0.9988850899360785,0.9977296399363215,0.9999856842922217,0.14079015373284312,0.025021678876776005,vit_small,gz2,soft,d4,160,full,bce,0,0,False,True
vit_small_soft_d4_s160_full_bce_nfull_seed0,4,0.8,1.0,16549,0.34615545515394913,0.22859387274155538,0.7714061272584446,0.2285938727415554,0.0,1.0,1.0,1.0,0.08308472494119834,0.008678670645168444,vit_small,gz2,soft,d4,160,full,bce,0,0,False,True
vit_small_soft_d4_s160_full_bce_nfull_seed1,0,0.0,0.2,5122,0.10713688085676037,0.4328387348691917,0.5671612651308082,0.09683717297930505,0.7200836820083683,0.6639984381101133,0.6588128660010233,0.7127243169468906,0.06402246703054468,0.21877790224881458,vit_small,gz2,soft,d4,160,full,bce,0,1,False,True
vit_small_soft_d4_s160_full_bce_nfull_seed1,1,0.2,0.4,5706,0.11935240963855422,0.38310550297932,0.61689449702068,0.2833859095688749,0.23807531380753139,0.9002804065895549,0.8949049478083673,0.9634244001081261,0.24278194532503466,0.13702766840345976,vit_small,gz2,soft,d4,160,full,bce,0,1,False,True
vit_small_soft_d4_s160_full_bce_nfull_seed1,2,0.4,0.6,6977,0.14593791834002678,0.29281926329367924,0.7071807367063208,0.2809230328221298,0.03472803347280335,0.9881037695284506,0.9844189508065446,0.9989978831689411,0.2373670595949677,0.07142622330531818,vit_small,gz2,soft,d4,160,full,bce,0,1,False,True
vit_small_soft_d4_s160_full_bce_nfull_seed1,3,0.6,0.8,13454,0.2814173360107095,0.16701352757544224,0.8329864724245577,0.16574996283633125,0.007112970711297071,0.998736435260889,0.9972846021081061,0.9999875904058787,0.14418973689847625,0.02601917327909177,vit_small,gz2,soft,d4,160,full,bce,0,1,False,True
vit_small_soft_d4_s160_full_bce_nfull_seed1,4,0.8,1.0,16549,0.34615545515394913,0.22859387274155538,0.7714061272584446,0.2285938727415554,0.0,1.0,1.0,1.0,0.08568979859411989,0.009199778183205868,vit_small,gz2,soft,d4,160,full,bce,0,1,False,True
vit_small_soft_d4_s224_frozen_bce_nfull_seed0,0,0.0,0.2,5122,0.10713688085676037,0.4328387348691917,0.5671612651308082,0.028699726669269898,0.45,0.5958609918000781,0.5780197922950259,0.6095105339199443,0.045381770387425704,0.24099972441072018,vit_small,gz2,soft,d4,224,frozen,bce,0,0,False,True
vit_small_soft_d4_s224_frozen_bce_nfull_seed0,1,0.2,0.4,5706,0.11935240963855422,0.38310550297932,0.61689449702068,0.14703820539782686,0.29282608695652174,0.7639327024185069,0.7353311101638527,0.8276952247775099,0.09609693762396788,0.17215458064113606,vit_small,gz2,soft,d4,224,frozen,bce,0,0,False,True
vit_small_soft_d4_s224_frozen_bce_nfull_seed0,2,0.4,0.6,6977,0.14593791834002678,0.29281926329367924,0.7071807367063208,0.19220295255840625,0.15260869565217391,0.899383689264727,0.8606023395258926,0.953959966119592,0.17324597896601998,0.10696716182676622,vit_small,gz2,soft,d4,224,frozen,bce,0,0,False,True
vit_small_soft_d4_s224_frozen_bce_nfull_seed0,3,0.6,0.8,13454,0.2814173360107095,0.16701352757544224,0.8329864724245577,0.1406273227292999,0.07717391304347826,0.9736137951538576,0.9350601968562706,0.9948965990921579,0.15303593903438856,0.04781998227582815,vit_small,gz2,soft,d4,224,frozen,bce,0,0,False,True
vit_small_soft_d4_s224_frozen_bce_nfull_seed0,4,0.8,1.0,16549,0.34615545515394913,0.22859387274155538,0.7714061272584446,0.22098011964469155,0.027391304347826086,0.9923862469031361,0.9843695910475259,0.9996560530012789,0.11225288607245623,0.022485906745174648,vit_small,gz2,soft,d4,224,frozen,bce,0,0,False,True
vit_small_soft_d4_s224_frozen_bce_nfull_seed1,0,0.0,0.2,5122,0.10713688085676037,0.4328387348691917,0.5671612651308082,0.0234283483014448,0.45184227537168714,0.590589613432253,0.5771115391393526,0.6100830152234687,0.045602557985042966,0.2414936155426388,vit_small,gz2,soft,d4,224,frozen,bce,0,1,False,True
vit_small_soft_d4_s224_frozen_bce_nfull_seed1,1,0.2,0.4,5706,0.11935240963855422,0.38310550297932,0.61689449702068,0.14335786890991942,0.29476405946994183,0.7602523659305994,0.7387626840222906,0.826644894161191,0.09707334976025711,0.1738893465128575,vit_small,gz2,soft,d4,224,frozen,bce,0,1,False,True
vit_small_soft_d4_s224_frozen_bce_nfull_seed1,2,0.4,0.6,6977,0.14593791834002678,0.29281926329367924,0.7071807367063208,0.1900530313888491,0.15449256625727215,0.8972337680951699,0.86453149264863,0.9536096741302371,0.1765336348951905,0.10906437655287786,vit_small,gz2,soft,d4,224,frozen,bce,0,1,False,True
vit_small_soft_d4_s224_frozen_bce_nfull_seed1,3,0.6,0.8,13454,0.2814173360107095,0.16701352757544224,0.8329864724245577,0.1413705961052476,0.07433742727860375,0.9743570685298053,0.9399539451171901,0.9948833952840127,0.15802602410998726,0.048992338307633984,vit_small,gz2,soft,d4,224,frozen,bce,0,1,False,True
vit_small_soft_d4_s224_frozen_bce_nfull_seed1,4,0.8,1.0,16549,0.34615545515394913,0.22859387274155538,0.7714061272584446,0.22170523898725003,0.02456367162249515,0.9931113662456946,0.9862346449681365,0.9996625652273466,0.11510699868825301,0.02278760462253774,vit_small,gz2,soft,d4,224,frozen,bce,0,1,False,True
vit_small_soft_d4_s224_full_bce_n10000_seed0,0,0.0,0.2,5122,0.10713688085676037,0.4328387348691917,0.5671612651308082,0.07321358844201487,0.6327722432153899,0.6403748535728231,0.6301884126492439,0.6842818402937092,0.032271423074171336,0.22295581816500584,vit_small,gz2,soft,d4,224,full,bce,10000,0,False,True
vit_small_soft_d4_s224_full_bce_n10000_seed0,1,0.2,0.4,5706,0.11935240963855422,0.38310550297932,0.61689449702068,0.24570627409744128,0.26932325661284784,0.8626007711181213,0.8519695323546537,0.9312973701447226,0.1978151810483121,0.1430027986113124,vit_small,gz2,soft,d4,224,full,bce,10000,0,False,True
vit_small_soft_d4_s224_full_bce_n10000_seed0,2,0.4,0.6,6977,0.14593791834002678,0.29281926329367924,0.7071807367063208,0.2605704457503225,0.07729302645139127,0.9677511824566433,0.955832356662522,0.992895153867567,0.2176767981895381,0.07745488764989555,vit_small,gz2,soft,d4,224,full,bce,10000,0,False,True
vit_small_soft_d4_s224_full_bce_n10000_seed0,3,0.6,0.8,13454,0.2814173360107095,0.16701352757544224,0.8329864724245577,0.16285119667013537,0.019237375472346274,0.9958376690946931,0.9896737881058428,0.9998491986122381,0.14224773951337769,0.028119877701467472,vit_small,gz2,soft,d4,224,full,bce,10000,0,False,True
vit_small_soft_d4_s224_full_bce_n10000_seed0,4,0.8,1.0,16549,0.34615545515394913,0.22859387274155538,0.7714061272584446,0.22835216629403587,0.0013740982480247338,0.9997582935524805,0.9995643227580995,0.9999995858679765,0.0864185867199124,0.009997950428670587,vit_small,gz2,soft,d4,224,full,bce,10000,0,False,True
vit_small_soft_d4_s224_full_bce_n10000_seed1,0,0.0,0.2,5122,0.10713688085676037,0.4328387348691917,0.5671612651308082,0.08141351034752053,0.6254343293954134,0.6485747754783288,0.6283905387643751,0.6915026042697757,0.03099792000605972,0.21986811724566918,vit_small,gz2,soft,d4,224,full,bce,10000,1,False,True
vit_small_soft_d4_s224_full_bce_n10000_seed1,1,0.2,0.4,5706,0.11935240963855422,0.38310550297932,0.61689449702068,0.24465474938661058,0.27449617790132036,0.8615492464072906,0.8398484935124344,0.9365943140231223,0.19184197244341125,0.14003651885394813,vit_small,gz2,soft,d4,224,full,bce,10000,1,False,True
vit_small_soft_d4_s224_full_bce_n10000_seed1,2,0.4,0.6,6977,0.14593791834002678,0.29281926329367924,0.7071807367063208,0.26071377382829297,0.0778318276580959,0.9678945105346137,0.9513448791795212,0.9943423528312343,0.21260424030650235,0.07456765316270308,vit_small,gz2,soft,d4,224,full,bce,10000,1,False,True
vit_small_soft_d4_s224_full_bce_n10000_seed1,3,0.6,0.8,13454,0.2814173360107095,0.16701352757544224,0.8329864724245577,0.16292552400773008,0.01911049339819319,0.9959119964322878,0.9884730754893678,0.9999610040914333,0.13999285322733218,0.02716070209144051,vit_small,gz2,soft,d4,224,full,bce,10000,1,False,True
vit_small_soft_d4_s224_full_bce_n10000_seed1,4,0.8,1.0,16549,0.34615545515394913,0.22859387274155538,0.7714061272584446,0.22805003323463657,0.0031271716469770676,0.9994561604930812,0.9989964752809357,0.9999991406760514,0.08647890393208868,0.009974793687759125,vit_small,gz2,soft,d4,224,full,bce,10000,1,False,True
vit_small_soft_d4_s224_full_bce_n2000_seed0,0,0.0,0.2,5122,0.10713688085676037,0.4328387348691917,0.5671612651308082,0.06071846934791103,0.5569842197545295,0.6278797344787193,0.6152737763347998,0.6623524059508864,0.014107888806662226,0.22715847793258223,vit_small,gz2,soft,d4,224,full,bce,2000,0,False,True
vit_small_soft_d4_s224_full_bce_n2000_seed0,1,0.2,0.4,5706,0.11935240963855422,0.38310550297932,0.61689449702068,0.20715036803364872,0.293395675043834,0.8240448650543287,0.807197013016718,0.8930560176328705,0.15895897518912616,0.1541342935837061,vit_small,gz2,soft,d4,224,full,bce,2000,0,False,True
vit_small_soft_d4_s224_full_bce_n2000_seed0,2,0.4,0.6,6977,0.14593791834002678,0.29281926329367924,0.7071807367063208,0.24021785867851508,0.10724722384570427,0.9473985953848358,0.9255249568409714,0.9847057021504217,0.20451425255237687,0.08600478119989424,vit_small,gz2,soft,d4,224,full,bce,2000,0,False,True
vit_small_soft_d4_s224_full_bce_n2000_seed0,3,0.6,0.8,13454,0.2814173360107095,0.16701352757544224,0.8329864724245577,0.15794559238888073,0.03565166569257744,0.9909320648134384,0.9773002910119315,0.9996048983785286,0.14635921049443887,0.03305110399089213,vit_small,gz2,soft,d4,224,full,bce,2000,0,False,True
vit_small_soft_d4_s224_full_bce_n2000_seed0,4,0.8,1.0,16549,0.34615545515394913,0.22859387274155538,0.7714061272584446,0.22720406066831833,0.0067212156633547635,0.9986101879267629,0.9973320993855564,0.9999958069132632,0.09532511466751105,0.012734804584014804,vit_small,gz2,soft,d4,224,full,bce,2000,0,False,True
vit_small_soft_d4_s224_full_bce_n2000_seed1,0,0.0,0.2,5122,0.10713688085676037,0.4328387348691917,0.5671612651308082,0.05525185474424055,0.5581529581529582,0.6224131198750488,0.617772074185006,0.6654328894934076,0.009815611095050983,0.22845373811147054,vit_small,gz2,soft,d4,224,full,bce,2000,1,False,True
vit_small_soft_d4_s224_full_bce_n2000_seed1,1,0.2,0.4,5706,0.11935240963855422,0.38310550297932,0.61689449702068,0.2041710480196285,0.2946608946608947,0.8210655450403085,0.8123236453048324,0.8941619058263329,0.16087846155286545,0.15686646526449355,vit_small,gz2,soft,d4,224,full,bce,2000,1,False,True
vit_small_soft_d4_s224_full_bce_n2000_seed1,2,0.4,0.6,6977,0.14593791834002678,0.29281926329367924,0.7071807367063208,0.23720796904113517,0.11197691197691198,0.9443887057474559,0.9324310958494516,0.9839627577413934,0.20780366944074116,0.08924299394818377,vit_small,gz2,soft,d4,224,full,bce,2000,1,False,True
vit_small_soft_d4_s224_full_bce_n2000_seed1,3,0.6,0.8,13454,0.2814173360107095,0.16701352757544224,0.8329864724245577,0.1589118477776127,0.031457431457431455,0.9918983202021704,0.983039499956497,0.9994041806393732,0.14720329357762738,0.03326030955142257,vit_small,gz2,soft,d4,224,full,bce,2000,1,False,True
vit_small_soft_d4_s224_full_bce_n2000_seed1,4,0.8,1.0,16549,0.34615545515394913,0.22859387274155538,0.7714061272584446,0.22780832678711704,0.003751803751803752,0.9992144540455616,0.9986538017381866,0.9999965419976047,0.0949606250912353,0.012326627503606276,vit_small,gz2,soft,d4,224,full,bce,2000,1,False,True
vit_small_soft_d4_s224_full_bce_n25000_seed0,0,0.0,0.2,5122,0.10713688085676037,0.4328387348691917,0.5671612651308082,0.08180398281921131,0.6963594113090628,0.6489652479500195,0.6468951778503925,0.7015391160621609,0.045277008397685746,0.22136333704822336,vit_small,gz2,soft,d4,224,full,bce,25000,0,False,True
vit_small_soft_d4_s224_full_bce_n25000_seed0,1,0.2,0.4,5706,0.11935240963855422,0.38310550297932,0.61689449702068,0.27444794952681384,0.24012393493415957,0.8913424465474938,0.8870538499126674,0.9520906543707894,0.23444502749387275,0.14087334075718674,vit_small,gz2,soft,d4,224,full,bce,25000,0,False,True
vit_small_soft_d4_s224_full_bce_n25000_seed0,2,0.4,0.6,6977,0.14593791834002678,0.29281926329367924,0.7071807367063208,0.2714633796760786,0.05770720371804802,0.9786441163823993,0.9747192555040286,0.996348223371807,0.2347111998803212,0.07708792940700789,vit_small,gz2,soft,d4,224,full,bce,25000,0,False,True
vit_small_soft_d4_s224_full_bce_n25000_seed0,3,0.6,0.8,13454,0.2814173360107095,0.16701352757544224,0.8329864724245577,0.1659729448491155,0.005422153369481022,0.9989594172736732,0.9975963509677835,0.9999915019099457,0.15386647131679998,0.02909856413009039,vit_small,gz2,soft,d4,224,full,bce,25000,0,False,True
vit_small_soft_d4_s224_full_bce_n25000_seed0,4,0.8,1.0,16549,0.34615545515394913,0.22859387274155538,0.7714061272584446,0.22853344612967552,0.0003872966692486445,0.9999395733881201,0.999867829764737,1.0,0.09477738349451596,0.011208798318632826,vit_small,gz2,soft,d4,224,full,bce,25000,0,False,True
vit_small_soft_d4_s224_full_bce_n25000_seed1,0,0.0,0.2,5122,0.10713688085676037,0.4328387348691917,0.5671612651308082,0.07243264349863343,0.6821877309682187,0.6395939086294417,0.6447226369231032,0.7059041501400926,0.04500112349472209,0.22334698555140733,vit_small,gz2,soft,d4,224,full,bce,25000,1,False,True
vit_small_soft_d4_s224_full_bce_n25000_seed1,1,0.2,0.4,5706,0.11935240963855422,0.38310550297932,0.61689449702068,0.2623554153522608,0.25461936437546195,0.8792499123729408,0.8841006560342677,0.9543422632662398,0.22446814465443898,0.14301739252189247,vit_small,gz2,soft,d4,224,full,bce,25000,1,False,True
vit_small_soft_d4_s224_full_bce_n25000_seed1,2,0.4,0.6,6977,0.14593791834002678,0.29281926329367924,0.7071807367063208,0.2710333954421671,0.05617147080561715,0.9782141321484878,0.978717256726628,0.9972195883359811,0.23736663059337745,0.07880581012635927,vit_small,gz2,soft,d4,224,full,bce,25000,1,False,True
vit_small_soft_d4_s224_full_bce_n25000_seed1,3,0.6,0.8,13454,0.2814173360107095,0.16701352757544224,0.8329864724245577,0.16582429017392597,0.005912786400591279,0.9988107625984837,0.9985745446701508,0.9999882059217472,0.15283088742832743,0.02927493930582271,vit_small,gz2,soft,d4,224,full,bce,25000,1,False,True
vit_small_soft_d4_s224_full_bce_n25000_seed1,4,0.8,1.0,16549,0.34615545515394913,0.22859387274155538,0.7714061272584446,0.22841259290591576,0.0011086474501108647,0.9998187201643604,0.9997894966925138,0.9999999585867977,0.09145160095359983,0.010612589247459834,vit_small,gz2,soft,d4,224,full,bce,25000,1,False,True
vit_small_soft_d4_s224_full_bce_n50000_seed0,0,0.0,0.2,5122,0.10713688085676037,0.4328387348691917,0.5671612651308082,0.08102303787582976,0.70390625,0.648184303006638,0.6508536368555606,0.7103878883017087,0.05268955908421894,0.22145521929920714,vit_small,gz2,soft,d4,224,full,bce,50000,0,False,True
vit_small_soft_d4_s224_full_bce_n50000_seed0,1,0.2,0.4,5706,0.11935240963855422,0.38310550297932,0.61689449702068,0.2742726954083421,0.242578125,0.8911671924290221,0.8936730641270898,0.9582331130957331,0.2365784781139189,0.14135123552692822,vit_small,gz2,soft,d4,224,full,bce,50000,0,False,True
vit_small_soft_d4_s224_full_bce_n50000_seed0,2,0.4,0.6,6977,0.14593791834002678,0.29281926329367924,0.7071807367063208,0.2741866131575176,0.05078125,0.9813673498638383,0.9792258795047143,0.9980198730933094,0.23789924978878857,0.07640431048697073,vit_small,gz2,soft,d4,224,full,bce,50000,0,False,True
vit_small_soft_d4_s224_full_bce_n50000_seed0,3,0.6,0.8,13454,0.2814173360107095,0.16701352757544224,0.8329864724245577,0.16656756354987368,0.00234375,0.9995540359744314,0.9991985983393223,0.9999739100693195,0.15114585297013025,0.028167937201741936,vit_small,gz2,soft,d4,224,full,bce,50000,0,False,True
vit_small_soft_d4_s224_full_bce_n50000_seed0,4,0.8,1.0,16549,0.34615545515394913,0.22859387274155538,0.7714061272584446,0.22853344612967552,0.000390625,0.9999395733881201,0.9999608334638885,1.0,0.08810934498449173,0.009878021067813068,vit_small,gz2,soft,d4,224,full,bce,50000,0,False,True
vit_small_soft_d4_s224_full_bce_n50000_seed1,0,0.0,0.2,5122,0.10713688085676037,0.4328387348691917,0.5671612651308082,0.07379929714955102,0.70110560426992,0.6409605622803592,0.6481173873922133,0.706688808200131,0.0420336722833065,0.22387007339167148,vit_small,gz2,soft,d4,224,full,bce,50000,1,False,True
vit_small_soft_d4_s224_full_bce_n50000_seed1,1,0.2,0.4,5706,0.11935240963855422,0.38310550297932,0.61689449702068,0.27024185068349105,0.24552039649256577,0.887136347704171,0.8911861640189637,0.9565688550070697,0.23680837977059963,0.1447503142390233,vit_small,gz2,soft,d4,224,full,bce,50000,1,False,True
vit_small_soft_d4_s224_full_bce_n50000_seed1,2,0.4,0.6,6977,0.14593791834002678,0.29281926329367924,0.7071807367063208,0.27432994123548804,0.04918032786885246,0.9815106779418088,0.9816216247318248,0.9980830665221452,0.24521813395618539,0.08007495155910158,vit_small,gz2,soft,d4,224,full,bce,50000,1,False,True
vit_small_soft_d4_s224_full_bce_n50000_seed1,3,0.6,0.8,13454,0.2814173360107095,0.16701352757544224,0.8329864724245577,0.1662702541994946,0.003812428516965307,0.9992567266240523,0.9990201384481828,0.9999894965195358,0.15868020587259776,0.03074555884942812,vit_small,gz2,soft,d4,224,full,bce,50000,1,False,True
vit_small_soft_d4_s224_full_bce_n50000_seed1,4,0.8,1.0,16549,0.34615545515394913,0.22859387274155538,0.7714061272584446,0.22853344612967552,0.0003812428516965307,0.9999395733881201,0.9999608334638885,1.0,0.09537540802876061,0.011393489653612483,vit_small,gz2,soft,d4,224,full,bce,50000,1,False,True
vit_small_soft_d4_s224_full_bce_n5000_seed0,0,0.0,0.2,5122,0.10713688085676037,0.4328387348691917,0.5671612651308082,0.062475595470519396,0.6043325899968143,0.6296368606013276,0.6181047406327417,0.6698725309123601,0.019891892374725564,0.2260957062995069,vit_small,gz2,soft,d4,224,full,bce,5000,0,False,True
vit_small_soft_d4_s224_full_bce_n5000_seed0,1,0.2,0.4,5706,0.11935240963855422,0.38310550297932,0.61689449702068,0.226428321065545,0.2848040777317617,0.843322818086225,0.8312302461947934,0.9127141728353988,0.18577928182104572,0.1517003483103275,vit_small,gz2,soft,d4,224,full,bce,5000,0,False,True
vit_small_soft_d4_s224_full_bce_n5000_seed0,2,0.4,0.6,6977,0.14593791834002678,0.29281926329367924,0.7071807367063208,0.2528307295399169,0.08888180949346926,0.9600114662462377,0.9462015094598678,0.9909816429537541,0.2196404639739899,0.08353889792912164,vit_small,gz2,soft,d4,224,full,bce,5000,0,False,True
vit_small_soft_d4_s224_full_bce_n5000_seed0,3,0.6,0.8,13454,0.2814173360107095,0.16701352757544224,0.8329864724245577,0.16240523264456674,0.019751513220770945,0.9953917050691244,0.989050290386488,0.9998208054608885,0.14993436100002655,0.031685389198558254,vit_small,gz2,soft,d4,224,full,bce,5000,0,False,True
vit_small_soft_d4_s224_full_bce_n5000_seed0,4,0.8,1.0,16549,0.34615545515394913,0.22859387274155538,0.7714061272584446,0.22817088645839634,0.0022300095571838167,0.9995770137168409,0.9991678120523104,0.9999992131491556,0.09283959793400871,0.011687247473348374,vit_small,gz2,soft,d4,224,full,bce,5000,0,False,True
vit_small_soft_d4_s224_full_bce_n5000_seed1,0,0.0,0.2,5122,0.10713688085676037,0.4328387348691917,0.5671612651308082,0.06403748535728238,0.6077863577863578,0.6311987504880906,0.623914952289343,0.6785161911904335,0.02867614314227728,0.22476479964640417,vit_small,gz2,soft,d4,224,full,bce,5000,1,False,True
vit_small_soft_d4_s224_full_bce_n5000_seed1,1,0.2,0.4,5706,0.11935240963855422,0.38310550297932,0.61689449702068,0.23256221521205744,0.27638352638352637,0.8494567122327374,0.8394957841220994,0.9188531876403561,0.19455245395099285,0.1509742835451617,vit_small,gz2,soft,d4,224,full,bce,5000,1,False,True
vit_small_soft_d4_s224_full_bce_n5000_seed1,2,0.4,0.6,6977,0.14593791834002678,0.29281926329367924,0.7071807367063208,0.25225741722803496,0.09105534105534105,0.9594381539343557,0.9479471659284842,0.9903888945435598,0.22407364660159332,0.08584739795937293,vit_small,gz2,soft,d4,224,full,bce,5000,1,False,True
vit_small_soft_d4_s224_full_bce_n5000_seed1,3,0.6,0.8,13454,0.2814173360107095,0.16701352757544224,0.8329864724245577,0.1622565779693772,0.02059202059202059,0.9952430503939349,0.9884273486169497,0.9997550246843704,0.15457732442329494,0.03272521159724505,vit_small,gz2,soft,d4,224,full,bce,5000,1,False,True
vit_small_soft_d4_s224_full_bce_n5000_seed1,4,0.8,1.0,16549,0.34615545515394913,0.22859387274155538,0.7714061272584446,0.22780832678711704,0.004182754182754183,0.9992144540455616,0.9984677943398836,0.999997484147958,0.09756314080471691,0.012541535438516568,vit_small,gz2,soft,d4,224,full,bce,5000,1,False,True
vit_small_soft_d4_s224_full_bce_nfull_seed0,0,0.0,0.2,5122,0.10713688085676037,0.4328387348691917,0.5671612651308082,0.10718469347910975,0.7429844097995546,0.674345958609918,0.6653712472158109,0.7262000641266012,0.07625308493788659,0.2158316379520438,vit_small,gz2,soft,d4,224,full,bce,0,0,False,True
vit_small_soft_d4_s224_full_bce_nfull_seed0,1,0.2,0.4,5706,0.11935240963855422,0.38310550297932,0.61689449702068,0.29600420609884326,0.22138084632516702,0.9128987031195233,0.9060857315145969,0.970662155348083,0.25316652283464186,0.13337609014544044,vit_small,gz2,soft,d4,224,full,bce,0,0,False,True
vit_small_soft_d4_s224_full_bce_nfull_seed0,2,0.4,0.6,6977,0.14593791834002678,0.29281926329367924,0.7071807367063208,0.28278629783574605,0.031180400890868598,0.9899670345420668,0.9863099422410077,0.9991489224081913,0.23345001512716335,0.06821128346962155,vit_small,gz2,soft,d4,224,full,bce,0,0,False,True
vit_small_soft_d4_s224_full_bce_nfull_seed0,3,0.6,0.8,13454,0.2814173360107095,0.16701352757544224,0.8329864724245577,0.1662702541994946,0.004454342984409799,0.9992567266240523,0.9981306187415686,0.9999933881682522,0.13939176019770136,0.02414758636653647,vit_small,gz2,soft,d4,224,full,bce,0,0,False,True
vit_small_soft_d4_s224_full_bce_nfull_seed0,4,0.8,1.0,16549,0.34615545515394913,0.22859387274155538,0.7714061272584446,0.2285938727415554,0.0,1.0,1.0,1.0,0.08292499700260308,0.008460906996751042,vit_small,gz2,soft,d4,224,full,bce,0,0,False,True
vit_small_soft_d4_s224_full_bce_nfull_seed0_scratch,0,0.0,0.2,5122,0.10713688085676037,0.4328387348691917,0.5671612651308082,0.07458024209293246,0.6161853593015446,0.6417415072237407,0.6367345275166003,0.6856097888557905,0.03737691393771565,0.2244765842789002,vit_small,gz2,soft,d4,224,full,bce,0,0,False,False
vit_small_soft_d4_s224_full_bce_nfull_seed0_scratch,1,0.2,0.4,5706,0.11935240963855422,0.38310550297932,0.61689449702068,0.2404486505432878,0.2733378106111484,0.8573431475639678,0.8486616796972469,0.929437523392664,0.19946157456468042,0.14699572296195898,vit_small,gz2,soft,d4,224,full,bce,0,0,False,False
vit_small_soft_d4_s224_full_bce_nfull_seed0_scratch,2,0.4,0.6,6977,0.14593791834002678,0.29281926329367924,0.7071807367063208,0.2575605561129425,0.08260577568838147,0.9647412928192632,0.9535608653908538,0.9915684390786578,0.22492262700718643,0.08304220945206581,vit_small,gz2,soft,d4,224,full,bce,0,0,False,False
vit_small_soft_d4_s224_full_bce_nfull_seed0_scratch,3,0.6,0.8,13454,0.2814173360107095,0.16701352757544224,0.8329864724245577,0.16129032258064524,0.025856279382135663,0.9942767950052029,0.9871357382054551,0.9998230689708562,0.14778743860283705,0.030853903611002015,vit_small,gz2,soft,d4,224,full,bce,0,0,False,False
vit_small_soft_d4_s224_full_bce_nfull_seed0_scratch,4,0.8,1.0,16549,0.34615545515394913,0.22859387274155538,0.7714061272584446,0.22823131307027622,0.0020147750167897917,0.9996374403287208,0.9992999822875734,0.9999984884181147,0.0923212866101717,0.011330918801638796,vit_small,gz2,soft,d4,224,full,bce,0,0,False,False
vit_small_soft_d4_s224_full_bce_nfull_seed1,0,0.0,0.2,5122,0.10713688085676037,0.4328387348691917,0.5671612651308082,0.1026942600546662,0.7439507259128905,0.6698555251854744,0.6636024864973133,0.7235916020548462,0.07445744091513243,0.2174771190047529,vit_small,gz2,soft,d4,224,full,bce,0,1,False,True
vit_small_soft_d4_s224_full_bce_nfull_seed1,1,0.2,0.4,5706,0.11935240963855422,0.38310550297932,0.61689449702068,0.2972309849281458,0.21557413110426749,0.9141254819488258,0.9089003888380605,0.9709638557348417,0.26000222775927145,0.13625080718262508,vit_small,gz2,soft,d4,224,full,bce,0,1,False,True
vit_small_soft_d4_s224_full_bce_nfull_seed1,2,0.4,0.6,6977,0.14593791834002678,0.29281926329367924,0.7071807367063208,0.28049304858821844,0.03783545974483062,0.9876737852945392,0.9835413359428152,0.9990606301763801,0.23883900665236915,0.07196246349995196,vit_small,gz2,soft,d4,224,full,bce,0,1,False,True
vit_small_soft_d4_s224_full_bce_nfull_seed1,3,0.6,0.8,13454,0.2814173360107095,0.16701352757544224,0.8329864724245577,0.16656756354987368,0.0026396832380114386,0.9995540359744314,0.9990206943979995,0.9999937654199134,0.1462156319838741,0.026183604736132855,vit_small,gz2,soft,d4,224,full,bce,0,1,False,True
vit_small_soft_d4_s224_full_bce_nfull_seed1,4,0.8,1.0,16549,0.34615545515394913,0.22859387274155538,0.7714061272584446,0.2285938727415554,0.0,1.0,1.0,1.0,0.08700138817162728,0.009314318833118273,vit_small,gz2,soft,d4,224,full,bce,0,1,False,True
vit_small_soft_d4_s224_full_bce_nfull_seed1_scratch,0,0.0,0.2,5122,0.10713688085676037,0.4328387348691917,0.5671612651308082,0.07126122608356111,0.6225210084033613,0.6384224912143693,0.6350904487852822,0.6862449993284563,0.038782529723464985,0.22445719507361492,vit_small,gz2,soft,d4,224,full,bce,0,1,False,False
vit_small_soft_d4_s224_full_bce_nfull_seed1_scratch,1,0.2,0.4,5706,0.11935240963855422,0.38310550297932,0.61689449702068,0.24202593760953384,0.27058823529411763,0.8589204346302138,0.8529739873575647,0.9306096258213423,0.2012725229862434,0.147071854815482,vit_small,gz2,soft,d4,224,full,bce,0,1,False,False
vit_small_soft_d4_s224_full_bce_nfull_seed1_scratch,2,0.4,0.6,6977,0.14593791834002678,0.29281926329367924,0.7071807367063208,0.2589938368926473,0.07932773109243697,0.9661745735989681,0.9560082466928607,0.9920002277741172,0.22648962047092547,0.08278971768091196,vit_small,gz2,soft,d4,224,full,bce,0,1,False,False
vit_small_soft_d4_s224_full_bce_nfull_seed1_scratch,3,0.6,0.8,13454,0.2814173360107095,0.16701352757544224,0.8329864724245577,0.16121599524305041,0.02621848739495798,0.9942024676676081,0.9872690271739931,0.9996833071580247,0.14803332035055003,0.031089954898299167,vit_small,gz2,soft,d4,224,full,bce,0,1,False,False
vit_small_soft_d4_s224_full_bce_nfull_seed1_scratch,4,0.8,1.0,16549,0.34615545515394913,0.22859387274155538,0.7714061272584446,0.22835216629403587,0.0013445378151260505,0.9997582935524805,0.9995643227580995,0.9999996065745778,0.09236874106283892,0.011273271116628857,vit_small,gz2,soft,d4,224,full,bce,0,1,False,False
vit_small_soft_d4_s224_full_bce_nfull_seed2,0,0.0,0.2,5122,0.10713688085676037,0.4328387348691917,0.5671612651308082,0.10171807887543938,0.7419072615923009,0.6688793440062476,0.6630089660788913,0.7236610078434752,0.0740514148211442,0.21746377682182946,vit_small,gz2,soft,d4,224,full,bce,0,2,False,True
vit_small_soft_d4_s224_full_bce_nfull_seed2,1,0.2,0.4,5706,0.11935240963855422,0.38310550297932,0.61689449702068,0.29495268138801256,0.22003499562554682,0.9118471784086926,0.9060136041337437,0.9716881835856276,0.25856973399279876,0.13660407645631584,vit_small,gz2,soft,d4,224,full,bce,0,2,False,True
vit_small_soft_d4_s224_full_bce_nfull_seed2,2,0.4,0.6,6977,0.14593791834002678,0.29281926329367924,0.7071807367063208,0.28192632936792317,0.033245844269466314,0.9891070660742439,0.9851283144060581,0.9990836952818815,0.24051426110851384,0.07205704823770481,vit_small,gz2,soft,d4,224,full,bce,0,2,False,True
vit_small_soft_d4_s224_full_bce_nfull_seed2,3,0.6,0.8,13454,0.2814173360107095,0.16701352757544224,0.8329864724245577,0.16619592686189988,0.004811898512685914,0.9991823992864576,0.9980860037687838,0.9999833215055011,0.14719428231803164,0.02641763698573002,vit_small,gz2,soft,d4,224,full,bce,0,2,False,True
vit_small_soft_d4_s224_full_bce_nfull_seed2,4,0.8,1.0,16549,0.34615545515394913,0.22859387274155538,0.7714061272584446,0.2285938727415554,0.0,1.0,1.0,1.0,0.08803606692527573,0.009521904274275588,vit_small,gz2,soft,d4,224,full,bce,0,2,False,True
vit_small_soft_d4_s224_full_bce_nfull_seed2_scratch,0,0.0,0.2,5122,0.10713688085676037,0.4328387348691917,0.5671612651308082,0.0572042171026943,0.6306129137987545,0.6243654822335025,0.6208285684784373,0.6727458063454281,0.023112856135301806,0.2270984161662533,vit_small,gz2,soft,d4,224,full,bce,0,2,False,False
vit_small_soft_d4_s224_full_bce_nfull_seed2_scratch,1,0.2,0.4,5706,0.11935240963855422,0.38310550297932,0.61689449702068,0.24377847879425163,0.2605703048180924,0.8606729758149316,0.8542210762704816,0.9293660458080346,0.2026418243850527,0.14725423170285404,vit_small,gz2,soft,d4,224,full,bce,0,2,False,False
vit_small_soft_d4_s224_full_bce_nfull_seed2_scratch,2,0.4,0.6,6977,0.14593791834002678,0.29281926329367924,0.7071807367063208,0.257990540346854,0.07964601769911504,0.9651712770531747,0.9541516793083286,0.9922431802187306,0.2252410542696685,0.08276483872807104,vit_small,gz2,soft,d4,224,full,bce,0,2,False,False
vit_small_soft_d4_s224_full_bce_nfull_seed2_scratch,3,0.6,0.8,13454,0.2814173360107095,0.16701352757544224,0.8329864724245577,0.16121599524305041,0.025565388397246803,0.9942024676676081,0.9860236995847333,0.9997127724983064,0.14857278207697164,0.031305259402474264,vit_small,gz2,soft,d4,224,full,bce,0,2,False,False
vit_small_soft_d4_s224_full_bce_nfull_seed2_scratch,4,0.8,1.0,16549,0.34615545515394913,0.22859387274155538,0.7714061272584446,0.2279291800108768,0.003605375286791216,0.9993353072693214,0.9987321348104097,0.9999988093704327,0.09269954235462871,0.011464820982501666,vit_small,gz2,soft,d4,224,full,bce,0,2,False,False
vit_small_soft_d4_s224_full_bce_nfull_seed3,0,0.0,0.2,5122,0.10713688085676037,0.4328387348691917,0.5671612651308082,0.0962514642717689,0.7521815008726004,0.6634127294025771,0.6641185270756329,0.7242377590780675,0.06749997442469652,0.218655485673917,vit_small,gz2,soft,d4,224,full,bce,0,3,False,True
vit_small_soft_d4_s224_full_bce_nfull_seed3,1,0.2,0.4,5706,0.11935240963855422,0.38310550297932,0.61689449702068,0.2972309849281458,0.21378708551483422,0.9141254819488258,0.9144480890792648,0.970030228520336,0.25901213690607205,0.1367268040149017,vit_small,gz2,soft,d4,224,full,bce,0,3,False,True
vit_small_soft_d4_s224_full_bce_nfull_seed3,2,0.4,0.6,6977,0.14593791834002678,0.29281926329367924,0.7071807367063208,0.28321628206965743,0.029232111692844676,0.9903970187759782,0.9890517632553921,0.9990741716254163,0.24059844473599792,0.07162651923817578,vit_small,gz2,soft,d4,224,full,bce,0,3,False,True
vit_small_soft_d4_s224_full_bce_nfull_seed3,3,0.6,0.8,13454,0.2814173360107095,0.16701352757544224,0.8329864724245577,0.1662702541994946,0.004363001745200698,0.9992567266240523,0.9984864266242144,0.9999710111881326,0.14350962550540622,0.025583418383123464,vit_small,gz2,soft,d4,224,full,bce,0,3,False,True
vit_small_soft_d4_s224_full_bce_nfull_seed3,4,0.8,1.0,16549,0.34615545515394913,0.22859387274155538,0.7714061272584446,0.22853344612967552,0.0004363001745200698,0.9999395733881201,0.9999608334638885,1.0,0.08357507848753222,0.008777418448897999,vit_small,gz2,soft,d4,224,full,bce,0,3,False,True
vit_small_soft_d4_s224_full_bce_nfull_seed4,0,0.0,0.2,5122,0.10713688085676037,0.4328387348691917,0.5671612651308082,0.09683717297930505,0.7604949182501105,0.6639984381101133,0.6641007486353688,0.7271306761940474,0.0699953305149907,0.21784957215504663,vit_small,gz2,soft,d4,224,full,bce,0,4,False,True
vit_small_soft_d4_s224_full_bce_nfull_seed4,1,0.2,0.4,5706,0.11935240963855422,0.38310550297932,0.61689449702068,0.30161233788994035,0.2054794520547945,0.9185068349106204,0.9178258598103635,0.9719518059136655,0.26571690596449477,0.137157536061663,vit_small,gz2,soft,d4,224,full,bce,0,4,False,True
vit_small_soft_d4_s224_full_bce_nfull_seed4,2,0.4,0.6,6977,0.14593791834002678,0.29281926329367924,0.7071807367063208,0.2824996416798051,0.031816173221387536,0.9896803783861259,0.9868242692924976,0.9990088452943515,0.24255071352097812,0.07303304129230294,vit_small,gz2,soft,d4,224,full,bce,0,4,False,True
vit_small_soft_d4_s224_full_bce_nfull_seed4,3,0.6,0.8,13454,0.2814173360107095,0.16701352757544224,0.8329864724245577,0.1666418908874685,0.002209456473707468,0.9996283633120262,0.9992432133121072,0.999991879161607,0.1457576813429353,0.02615733171670599,vit_small,gz2,soft,d4,224,full,bce,0,4,False,True
vit_small_soft_d4_s224_full_bce_nfull_seed4,4,0.8,1.0,16549,0.34615545515394913,0.22859387274155538,0.7714061272584446,0.2285938727415554,0.0,1.0,1.0,1.0,0.08495755127279792,0.009032081727439648,vit_small,gz2,soft,d4,224,full,bce,0,4,False,True
vit_small_soft_d4_s224_full_focal_nfull_seed0,0,0.0,0.2,5122,0.10713688085676037,0.4328387348691917,0.5671612651308082,0.09351815696993371,0.7358171041490262,0.6606794221007419,0.6518809046353595,0.7202464604212326,0.01884170786296889,0.21076007896474885,vit_small,gz2,soft,d4,224,full,focal,0,0,False,True
vit_small_soft_d4_s224_full_focal_nfull_seed0,1,0.2,0.4,5706,0.11935240963855422,0.38310550297932,0.61689449702068,0.2891692954784437,0.22692633361558,0.9060637924991237,0.8976854258504533,0.9663733703110705,0.1429958952087458,0.0920599340134954,vit_small,gz2,soft,d4,224,full,focal,0,0,False,True
vit_small_soft_d4_s224_full_focal_nfull_seed0,2,0.4,0.6,6977,0.14593791834002678,0.29281926329367924,0.7071807367063208,0.2813530170560413,0.03386960203217612,0.9885337537623621,0.98443616283151,0.9991110757942184,0.11882386714985181,0.028068637284432044,vit_small,gz2,soft,d4,224,full,focal,0,0,False,True
vit_small_soft_d4_s224_full_focal_nfull_seed0,3,0.6,0.8,13454,0.2814173360107095,0.16701352757544224,0.8329864724245577,0.16641890887468413,0.003386960203217612,0.9994053812992418,0.9989314644524298,0.9999943015143794,0.05040699605608088,0.005097461276375086,vit_small,gz2,soft,d4,224,full,focal,0,0,False,True
vit_small_soft_d4_s224_full_focal_nfull_seed0,4,0.8,1.0,16549,0.34615545515394913,0.22859387274155538,0.7714061272584446,0.2285938727415554,0.0,1.0,1.0,0.9999999999999999,0.02383575872358015,0.000925285958977267,vit_small,gz2,soft,d4,224,full,focal,0,0,False,True
vit_small_soft_d4_s224_full_focal_nfull_seed1,0,0.0,0.2,5122,0.10713688085676037,0.4328387348691917,0.5671612651308082,0.0987895353377587,0.7243861134631668,0.6659508004685669,0.6595191902347453,0.721997675604797,0.015316853008812295,0.21089301418292689,vit_small,gz2,soft,d4,224,full,focal,0,1,False,True
vit_small_soft_d4_s224_full_focal_nfull_seed1,1,0.2,0.4,5706,0.11935240963855422,0.38310550297932,0.61689449702068,0.288117770767613,0.22946655376799321,0.905012267788293,0.8977866641021376,0.9652227761374034,0.14032974855173241,0.09186450703612005,vit_small,gz2,soft,d4,224,full,focal,0,1,False,True
vit_small_soft_d4_s224_full_focal_nfull_seed1,2,0.4,0.6,6977,0.14593791834002678,0.29281926329367924,0.7071807367063208,0.27862978357460233,0.04191363251481795,0.9858105202809231,0.9810767426158429,0.998846397508294,0.11611070746540708,0.02823793593483212,vit_small,gz2,soft,d4,224,full,focal,0,1,False,True
vit_small_soft_d4_s224_full_focal_nfull_seed1,3,0.6,0.8,13454,0.2814173360107095,0.16701352757544224,0.8329864724245577,0.1662702541994946,0.004233700254022015,0.9992567266240523,0.9986643305655372,0.9999873521416716,0.050185577668968445,0.005046038764502132,vit_small,gz2,soft,d4,224,full,focal,0,1,False,True
vit_small_soft_d4_s224_full_focal_nfull_seed1,4,0.8,1.0,16549,0.34615545515394913,0.22859387274155538,0.7714061272584446,0.2285938727415554,0.0,1.0,1.0,1.0,0.023878266943832577,0.000895466963123873,vit_small,gz2,soft,d4,224,full,focal,0,1,False,True
vit_small_soft_d4_s224_full_smooth_nfull_seed0,0,0.0,0.2,5122,0.10713688085676037,0.4328387348691917,0.5671612651308082,0.1091370558375635,0.7455035971223022,0.6762983209683717,0.6686948062887544,0.7257275768451732,0.0882423605358214,0.21821738015776448,vit_small,gz2,soft,d4,224,full,smooth,0,0,False,True
vit_small_soft_d4_s224_full_smooth_nfull_seed0,1,0.2,0.4,5706,0.11935240963855422,0.38310550297932,0.61689449702068,0.29775674728356116,0.2189748201438849,0.9146512443042412,0.9080262829576645,0.9714549717208683,0.2706700148869827,0.14168038907790326,vit_small,gz2,soft,d4,224,full,smooth,0,0,False,True
vit_small_soft_d4_s224_full_smooth_nfull_seed0,2,0.4,0.6,6977,0.14593791834002678,0.29281926329367924,0.7071807367063208,0.28235631360183466,0.03282374100719424,0.9895370503081554,0.9857191283235329,0.9990902427957011,0.25876640747462126,0.07985506730711742,vit_small,gz2,soft,d4,224,full,smooth,0,0,False,True
vit_small_soft_d4_s224_full_smooth_nfull_seed0,3,0.6,0.8,13454,0.2814173360107095,0.16701352757544224,0.8329864724245577,0.16656756354987368,0.002697841726618705,0.9995540359744314,0.9991985983393223,0.9999942419483276,0.17602945275918166,0.034675621295593706,vit_small,gz2,soft,d4,224,full,smooth,0,0,False,True
vit_small_soft_d4_s224_full_smooth_nfull_seed0,4,0.8,1.0,16549,0.34615545515394913,0.22859387274155538,0.7714061272584446,0.2285938727415554,0.0,1.0,1.0,1.0,0.1254338688733779,0.017030514402726845,vit_small,gz2,soft,d4,224,full,smooth,0,0,False,True
vit_small_soft_d4_s224_full_smooth_nfull_seed1,0,0.0,0.2,5122,0.10713688085676037,0.4328387348691917,0.5671612651308082,0.10035142522452167,0.743993010048056,0.6675126903553299,0.6648486852882243,0.7277326588394948,0.08139857589581759,0.21922332146094856,vit_small,gz2,soft,d4,224,full,smooth,0,1,False,True
vit_small_soft_d4_s224_full_smooth_nfull_seed1,1,0.2,0.4,5706,0.11935240963855422,0.38310550297932,0.61689449702068,0.29460217315106907,0.22062035823503715,0.9114966701717491,0.9088500946103302,0.9687134814522167,0.27321400572772697,0.14593204385832872,vit_small,gz2,soft,d4,224,full,smooth,0,1,False,True
vit_small_soft_d4_s224_full_smooth_nfull_seed1,2,0.4,0.6,6977,0.14593791834002678,0.29281926329367924,0.7071807367063208,0.2822129855238641,0.03232852774137178,0.9893937222301848,0.9863347930320961,0.9990662352450288,0.26535047520466243,0.08364239379235888,vit_small,gz2,soft,d4,224,full,smooth,0,1,False,True
vit_small_soft_d4_s224_full_smooth_nfull_seed1,3,0.6,0.8,13454,0.2814173360107095,0.16701352757544224,0.8329864724245577,0.16649323621227896,0.0030581039755351682,0.9994797086368367,0.9991539833665375,0.9999944405018337,0.17916206278763044,0.036109363326374655,vit_small,gz2,soft,d4,224,full,smooth,0,1,False,True
vit_small_soft_d4_s224_full_smooth_nfull_seed1,4,0.8,1.0,16549,0.34615545515394913,0.22859387274155538,0.7714061272584446,0.2285938727415554,0.0,1.0,1.0,1.0,0.12615494842415556,0.017254126003699327,vit_small,gz2,soft,d4,224,full,smooth,0,1,False,True
vit_small_soft_d4_s224_partial_bce_nfull_seed0,0,0.0,0.2,5122,0.10713688085676037,0.4328387348691917,0.5671612651308082,0.05915657946114805,0.5835365853658536,0.6263178445919563,0.6208405242854271,0.6659520354761401,0.025980795604532776,0.22853008152913445,vit_small,gz2,soft,d4,224,partial,bce,0,0,False,True
vit_small_soft_d4_s224_partial_bce_nfull_seed0,1,0.2,0.4,5706,0.11935240963855422,0.38310550297932,0.61689449702068,0.22134595162986326,0.2814024390243902,0.8382404486505433,0.832398579805373,0.9086690613823506,0.17707946253604234,0.15195232015762183,vit_small,gz2,soft,d4,224,partial,bce,0,0,False,True
vit_small_soft_d4_s224_partial_bce_nfull_seed0,2,0.4,0.6,6977,0.14593791834002678,0.29281926329367924,0.7071807367063208,0.24566432564139318,0.1003048780487805,0.9528450623477139,0.9407044251868175,0.9867757581673786,0.21204775583516378,0.08540180482540646,vit_small,gz2,soft,d4,224,partial,bce,0,0,False,True
vit_small_soft_d4_s224_partial_bce_nfull_seed0,3,0.6,0.8,13454,0.2814173360107095,0.16701352757544224,0.8329864724245577,0.15980377582874983,0.029573170731707316,0.9927902482533075,0.983930687512561,0.999438530395901,0.14742710193672018,0.0323197216008852,vit_small,gz2,soft,d4,224,partial,bce,0,0,False,True
vit_small_soft_d4_s224_partial_bce_nfull_seed0,4,0.8,1.0,16549,0.34615545515394913,0.22859387274155538,0.7714061272584446,0.22756662033959763,0.005182926829268293,0.9989727475980422,0.9979391133988316,0.9999971735489404,0.0921306002928324,0.011681162364727497,vit_small,gz2,soft,d4,224,partial,bce,0,0,False,True
vit_small_soft_d4_s224_partial_bce_nfull_seed1,0,0.0,0.2,5122,0.10713688085676037,0.4328387348691917,0.5671612651308082,0.05759468957438507,0.5926611162503854,0.6247559547051933,0.6224547134992706,0.6635394467877309,0.019843308978751466,0.22956051202608632,vit_small,gz2,soft,d4,224,partial,bce,0,1,False,True
vit_small_soft_d4_s224_partial_bce_nfull_seed1,1,0.2,0.4,5706,0.11935240963855422,0.38310550297932,0.61689449702068,0.22344900105152465,0.2809127351218008,0.8403434980722047,0.8372237066455959,0.9094480370955668,0.18558076477932423,0.15451519362107682,vit_small,gz2,soft,d4,224,partial,bce,0,1,False,True
vit_small_soft_d4_s224_partial_bce_nfull_seed1,2,0.4,0.6,6977,0.14593791834002678,0.29281926329367924,0.7071807367063208,0.2470976064210979,0.09836571076164045,0.9542783431274187,0.9458764154782433,0.9869732748342734,0.2226013015890012,0.08945170515567162,vit_small,gz2,soft,d4,224,partial,bce,0,1,False,True
vit_small_soft_d4_s224_partial_bce_nfull_seed1,3,0.6,0.8,13454,0.2814173360107095,0.16701352757544224,0.8329864724245577,0.16099301323026616,0.02497687326549491,0.9939794856548239,0.9860677586077016,0.9995040331975109,0.15735457682910375,0.034887942024187144,vit_small,gz2,soft,d4,224,partial,bce,0,1,False,True
vit_small_soft_d4_s224_partial_bce_nfull_seed1,4,0.8,1.0,16549,0.34615545515394913,0.22859387274155538,0.7714061272584446,0.2279896066227567,0.003083564600678384,0.9993957338812013,0.9986782976473698,0.9999986644242246,0.09935455662779982,0.013097662108769585,vit_small,gz2,soft,d4,224,partial,bce,0,1,False,True
vit_small_soft_debiased_d4_s224_full_bce_nfull_seed0,0,0.0,0.2,5122,0.10713688085676037,0.4328387348691917,0.5671612651308082,-0.10269426005466609,0.18478846672056048,0.46446700507614214,0.5239304016762973,0.5881396065607879,0.3805077560726016,0.41146135211550194,vit_small,gz2,soft_debiased,d4,224,full,bce,0,0,False,True
vit_small_soft_debiased_d4_s224_full_bce_nfull_seed0,1,0.2,0.4,5706,0.11935240963855422,0.38310550297932,0.61689449702068,-0.15807921486154924,0.20803018054432768,0.45881528215913076,0.5590232003243782,0.7400380390709473,0.3675215631355184,0.38525637331581025,vit_small,gz2,soft_debiased,d4,224,full,bce,0,0,False,True
vit_small_soft_debiased_d4_s224_full_bce_nfull_seed0,2,0.4,0.6,6977,0.14593791834002678,0.29281926329367924,0.7071807367063208,-0.21441880464382973,0.23841282673133926,0.492761932062491,0.6406490292517124,0.8869449717177165,0.29430339593048915,0.3343412899163519,vit_small,gz2,soft_debiased,d4,224,full,bce,0,0,False,True
vit_small_soft_debiased_d4_s224_full_bce_nfull_seed0,3,0.6,0.8,13454,0.2814173360107095,0.16701352757544224,0.8329864724245577,-0.12219414300579745,0.26212611156022636,0.7107923294187602,0.8264031408940841,0.9829110159828027,0.038269650710515996,0.19524821503680312,vit_small,gz2,soft_debiased,d4,224,full,bce,0,0,False,True
vit_small_soft_debiased_d4_s224_full_bce_nfull_seed0,4,0.8,1.0,16549,0.34615545515394913,0.22859387274155538,0.7714061272584446,0.1329385461357182,0.10664241444354622,0.9043446733941628,0.9379993733354222,0.9996196197365217,0.10858239019890084,0.08660706073567492,vit_small,gz2,soft_debiased,d4,224,full,bce,0,0,False,True
vit_small_soft_debiased_d4_s224_full_bce_nfull_seed1,0,0.0,0.2,5122,0.10713688085676037,0.4328387348691917,0.5671612651308082,-0.1097227645450995,0.17932503065109376,0.45743850058570873,0.5192297510164378,0.5877551574944666,0.4017579806870382,0.4236989219188287,vit_small,gz2,soft_debiased,d4,224,full,bce,0,1,False,True
vit_small_soft_debiased_d4_s224_full_bce_nfull_seed1,1,0.2,0.4,5706,0.11935240963855422,0.38310550297932,0.61689449702068,-0.16649141254819488,0.20236174743498742,0.4504030844724851,0.5532452123014223,0.7386973145221658,0.3900261442263504,0.4013719545789057,vit_small,gz2,soft_debiased,d4,224,full,bce,0,1,False,True
vit_small_soft_debiased_d4_s224_full_bce_nfull_seed1,2,0.4,0.6,6977,0.14593791834002678,0.29281926329367924,0.7071807367063208,-0.23161817400028667,0.2361102148802994,0.4755625627060341,0.6287753113491629,0.8946565541307768,0.3222627867393914,0.3487597266360766,vit_small,gz2,soft_debiased,d4,224,full,bce,0,1,False,True
vit_small_soft_debiased_d4_s224_full_bce_nfull_seed1,3,0.6,0.8,13454,0.2814173360107095,0.16701352757544224,0.8329864724245577,-0.14464099895941718,0.27056849712847647,0.6883454734651405,0.8129294191130543,0.9870668202835431,0.05676123977811699,0.20627508672819944,vit_small,gz2,soft_debiased,d4,224,full,bce,0,1,False,True
vit_small_soft_debiased_d4_s224_full_bce_nfull_seed1,4,0.8,1.0,16549,0.34615545515394913,0.22859387274155538,0.7714061272584446,0.12405583418937705,0.11163450990514293,0.8954619614478216,0.9322418925270248,0.9997838644969957,0.10932869929994758,0.09408183002180122,vit_small,gz2,soft_debiased,d4,224,full,bce,0,1,False,True
vit_small_soft_debiased_d4_s224_full_bce_nfull_seed2,0,0.0,0.2,5122,0.10713688085676037,0.4328387348691917,0.5671612651308082,-0.10698945724326431,0.18730524319197941,0.4601718078875439,0.5208381952321174,0.5893207471292476,0.3725829819789719,0.4016261774146679,vit_small,gz2,soft_debiased,d4,224,full,bce,0,2,False,True
vit_small_soft_debiased_d4_s224_full_bce_nfull_seed2,1,0.2,0.4,5706,0.11935240963855422,0.38310550297932,0.61689449702068,-0.1600070101647389,0.2099309036715892,0.4568874868559411,0.5578941144057223,0.7378521245737336,0.35852169707976345,0.3784248083545084,vit_small,gz2,soft_debiased,d4,224,full,bce,0,2,False,True
vit_small_soft_debiased_d4_s224_full_bce_nfull_seed2,2,0.4,0.6,6977,0.14593791834002678,0.29281926329367924,0.7071807367063208,-0.2245950981797334,0.2445468093754234,0.48258563852658737,0.633310655126376,0.8921667627960742,0.29307079625083565,0.32961984157246965,vit_small,gz2,soft_debiased,d4,224,full,bce,0,2,False,True
vit_small_soft_debiased_d4_s224_full_bce_nfull_seed2,3,0.6,0.8,13454,0.2814173360107095,0.16701352757544224,0.8329864724245577,-0.12323472573212424,0.26453055141579734,0.7097517466924335,0.8254227233924503,0.9847125713636047,0.033940138056336,0.1961980052199746,vit_small,gz2,soft_debiased,d4,224,full,bce,0,2,False,True
vit_small_soft_debiased_d4_s224_full_bce_nfull_seed2,4,0.8,1.0,16549,0.34615545515394913,0.22859387274155538,0.7714061272584446,0.14502386851169258,0.09368649234521068,0.9164299957701372,0.9458326805577315,0.9996327787815648,0.1384047975039848,0.08956706141861502,vit_small,gz2,soft_debiased,d4,224,full,bce,0,2,False,True
vit_small_soft_flip_s224_full_bce_nfull_seed0,0,0.0,0.2,5122,0.10713688085676037,0.4328387348691917,0.5671612651308082,0.06306130417805555,0.7059262020126724,0.6302225693088638,0.6475709138506471,0.7151430388090153,0.03325953009025235,0.2270796003310359,vit_small,gz2,soft,flip,224,full,bce,0,0,False,True
vit_small_soft_flip_s224_full_bce_nfull_seed0,1,0.2,0.4,5706,0.11935240963855422,0.38310550297932,0.61689449702068,0.2679635471433579,0.2448751397689154,0.8848580441640379,0.8981812203692923,0.9673428662771354,0.24018097788884146,0.14858483221684618,vit_small,gz2,soft,flip,224,full,bce,0,0,False,True
vit_small_soft_flip_s224_full_bce_nfull_seed0,2,0.4,0.6,6977,0.14593791834002678,0.29281926329367924,0.7071807367063208,0.27504658162534046,0.04621692135669027,0.9822273183316612,0.9855699243722472,0.9989915340646311,0.2533683030419847,0.08393888589761192,vit_small,gz2,soft,flip,224,full,bce,0,0,False,True
vit_small_soft_flip_s224_full_bce_nfull_seed0,3,0.6,0.8,13454,0.2814173360107095,0.16701352757544224,0.8329864724245577,0.16641890887468413,0.002981736861721953,0.9994053812992418,0.9996430802177211,0.9999834406376046,0.16477025741240822,0.03277349512711974,vit_small,gz2,soft,flip,224,full,bce,0,0,False,True
vit_small_soft_flip_s224_full_bce_nfull_seed0,4,0.8,1.0,16549,0.34615545515394913,0.22859387274155538,0.7714061272584446,0.2285938727415554,0.0,1.0,1.0,1.0,0.10035520947331052,0.012407447761530917,vit_small,gz2,soft,flip,224,full,bce,0,0,False,True
vit_small_soft_flip_s224_full_bce_nfull_seed1,0,0.0,0.2,5122,0.10713688085676037,0.4328387348691917,0.5671612651308082,0.09644670050761428,0.7360102520290475,0.6636079656384225,0.6592698262603867,0.7192334775017332,0.06566616524067624,0.21778451926697362,vit_small,gz2,soft,flip,224,full,bce,0,1,False,True
vit_small_soft_flip_s224_full_bce_nfull_seed1,1,0.2,0.4,5706,0.11935240963855422,0.38310550297932,0.61689449702068,0.293024886084823,0.21956428876548484,0.909919383105503,0.9059247120103135,0.9673776303751144,0.2548856155674603,0.13707737904833042,vit_small,gz2,soft,flip,224,full,bce,0,1,False,True
vit_small_soft_flip_s224_full_bce_nfull_seed1,2,0.4,0.6,6977,0.14593791834002678,0.29281926329367924,0.7071807367063208,0.2794897520424251,0.03972661255873558,0.9866704887487459,0.9826885718701743,0.99869292775255,0.23709872703675178,0.07241884450432531,vit_small,gz2,soft,flip,224,full,bce,0,1,False,True
vit_small_soft_flip_s224_full_bce_nfull_seed1,3,0.6,0.8,13454,0.2814173360107095,0.16701352757544224,0.8329864724245577,0.16619592686189988,0.004698846646732166,0.9991823992864576,0.9984418116514295,0.9999906878405714,0.14318741268947804,0.025756671831515567,vit_small,gz2,soft,flip,224,full,bce,0,1,False,True
vit_small_soft_flip_s224_full_bce_nfull_seed1,4,0.8,1.0,16549,0.34615545515394913,0.22859387274155538,0.7714061272584446,0.2285938727415554,0.0,1.0,1.0,1.0,0.08417211233418358,0.008935987945756537,vit_small,gz2,soft,flip,224,full,bce,0,1,False,True
vit_small_soft_flip_s224_full_bce_nfull_seed2,0,0.0,0.2,5122,0.10713688085676037,0.4328387348691917,0.5671612651308082,0.10171807887543938,0.7380330722367275,0.6688793440062476,0.6611395126223043,0.7249899656619907,0.06969595456998451,0.21581292635593352,vit_small,gz2,soft,flip,224,full,bce,0,2,False,True
vit_small_soft_flip_s224_full_bce_nfull_seed2,1,0.2,0.4,5706,0.11935240963855422,0.38310550297932,0.61689449702068,0.29179810725552047,0.2267188859878155,0.9086926042762005,0.902243226524162,0.9676083730142228,0.2514453806842246,0.13571123366763396,vit_small,gz2,soft,flip,224,full,bce,0,2,False,True
vit_small_soft_flip_s224_full_bce_nfull_seed2,2,0.4,0.6,6977,0.14593791834002678,0.29281926329367924,0.7071807367063208,0.2826429697577756,0.030896431679721496,0.9898237064640963,0.9863520050570616,0.9990228331647844,0.23910494878305066,0.07141872455260635,vit_small,gz2,soft,flip,224,full,bce,0,2,False,True
vit_small_soft_flip_s224_full_bce_nfull_seed2,3,0.6,0.8,13454,0.2814173360107095,0.16701352757544224,0.8329864724245577,0.1662702541994946,0.004351610095735422,0.9992567266240523,0.9984864266242144,0.9999802637815095,0.14415864764611822,0.025851042379171105,vit_small,gz2,soft,flip,224,full,bce,0,2,False,True
vit_small_soft_flip_s224_full_bce_nfull_seed2,4,0.8,1.0,16549,0.34615545515394913,0.22859387274155538,0.7714061272584446,0.2285938727415554,0.0,1.0,1.0,1.0,0.08583787428106536,0.009102812600250827,vit_small,gz2,soft,flip,224,full,bce,0,2,False,True
vit_small_soft_none_s224_full_bce_nfull_seed0,0,0.0,0.2,5122,0.10713688085676037,0.4328387348691917,0.5671612651308082,0.09761811792268649,0.6560947649980894,0.6647793830534947,0.6384566295337933,0.7193488432756737,0.048907481519412994,0.21493724268665454,vit_small,gz2,soft,none,224,full,bce,0,0,False,True
vit_small_soft_none_s224_full_bce_nfull_seed0,1,0.2,0.4,5706,0.11935240963855422,0.38310550297932,0.61689449702068,0.2641079565369786,0.2594573939625525,0.8810024535576586,0.85561553896698,0.9589443800424187,0.21266403981532456,0.1358837736231931,vit_small,gz2,soft,none,224,full,bce,0,0,False,True
vit_small_soft_none_s224_full_bce_nfull_seed0,2,0.4,0.6,6977,0.14593791834002678,0.29281926329367924,0.7071807367063208,0.2668768811810234,0.06916316392816202,0.9740576178873441,0.9579968060037131,0.9980698722897509,0.21468630175937703,0.07039144194452553,vit_small,gz2,soft,none,224,full,bce,0,0,False,True
vit_small_soft_none_s224_full_bce_nfull_seed0,3,0.6,0.8,13454,0.2814173360107095,0.16701352757544224,0.8329864724245577,0.1644120707596255,0.013374092472296522,0.9973985431841832,0.9923897419475534,0.9999948376088456,0.13715270390229856,0.02498252590401636,vit_small,gz2,soft,none,224,full,bce,0,0,False,True
vit_small_soft_none_s224_full_bce_nfull_seed0,4,0.8,1.0,16549,0.34615545515394913,0.22859387274155538,0.7714061272584446,0.228291739682156,0.0019105846388995033,0.9996978669406006,0.9993391488236849,0.9999999378801964,0.08410463424514183,0.009057149539391804,vit_small,gz2,soft,none,224,full,bce,0,0,False,True
vit_small_soft_none_s224_full_bce_nfull_seed0_op,0,0.0,0.2,5122,0.10713688085676037,0.4328387348691917,0.5671612651308082,0.0948848106208513,0.735969387755102,0.6620460757516595,0.6641422057842815,0.7237991207047405,0.06869029847062086,0.21961560701641933,vit_small,gz2,soft,none,224,full,bce,0,0,True,True
vit_small_soft_none_s224_full_bce_nfull_seed0_op,1,0.2,0.4,5706,0.11935240963855422,0.38310550297932,0.61689449702068,0.291447599018577,0.2223639455782313,0.908342096039257,0.9102806859768777,0.9697345062588371,0.25918386267844806,0.1403673272614059,vit_small,gz2,soft,none,224,full,bce,0,0,True,True
vit_small_soft_none_s224_full_bce_nfull_seed0_op,2,0.4,0.6,6977,0.14593791834002678,0.29281926329367924,0.7071807367063208,0.28006306435430706,0.03784013605442177,0.9872438010606278,0.9873959366922873,0.9989888555362504,0.2467549536438595,0.07641637432779158,vit_small,gz2,soft,none,224,full,bce,0,0,True,True
vit_small_soft_none_s224_full_bce_nfull_seed0_op,3,0.6,0.8,13454,0.2814173360107095,0.16701352757544224,0.8329864724245577,0.16634458153708942,0.003826530612244898,0.9993310539616471,0.9988868494796449,0.9999857240029227,0.1529489620239145,0.028456989689315003,vit_small,gz2,soft,none,224,full,bce,0,0,True,True
vit_small_soft_none_s224_full_bce_nfull_seed0_op,4,0.8,1.0,16549,0.34615545515394913,0.22859387274155538,0.7714061272584446,0.2285938727415554,0.0,1.0,1.0,1.0,0.09064821254794483,0.010202948526096092,vit_small,gz2,soft,none,224,full,bce,0,0,True,True
vit_small_soft_none_s224_full_bce_nfull_seed1,0,0.0,0.2,5122,0.10713688085676037,0.4328387348691917,0.5671612651308082,0.08375634517766506,0.6887519260400616,0.6509176103084733,0.6558805102489991,0.7119301874033928,0.04581928359070404,0.22131433498910597,vit_small,gz2,soft,none,224,full,bce,0,1,False,True
vit_small_soft_none_s224_full_bce_nfull_seed1,1,0.2,0.4,5706,0.11935240963855422,0.38310550297932,0.61689449702068,0.2676130389064143,0.25385208012326654,0.8845075359270943,0.8904424072610829,0.9577289362056058,0.22680738052014424,0.14059114438710008,vit_small,gz2,soft,none,224,full,bce,0,1,False,True
vit_small_soft_none_s224_full_bce_nfull_seed1,2,0.4,0.6,6977,0.14593791834002678,0.29281926329367924,0.7071807367063208,0.27346997276766516,0.052003081664098616,0.9806507094739859,0.9808701983162572,0.9980173929744383,0.23379736383385094,0.07497453883819066,vit_small,gz2,soft,none,224,full,bce,0,1,False,True
vit_small_soft_none_s224_full_bce_nfull_seed1,3,0.6,0.8,13454,0.2814173360107095,0.16701352757544224,0.8329864724245577,0.16604727218671034,0.005007704160246533,0.999033744611268,0.9985304856471826,0.9999939044073676,0.15044098324249688,0.027824486206588648,vit_small,gz2,soft,none,224,full,bce,0,1,False,True
vit_small_soft_none_s224_full_bce_nfull_seed1,4,0.8,1.0,16549,0.34615545515394913,0.22859387274155538,0.7714061272584446,0.22853344612967552,0.0003852080123266564,0.9999395733881201,0.9999608334638885,1.0,0.09156914859394705,0.0103981279890235,vit_small,gz2,soft,none,224,full,bce,0,1,False,True
vit_small_soft_none_s224_full_bce_nfull_seed1_op,0,0.0,0.2,5122,0.10713688085676037,0.4328387348691917,0.5671612651308082,0.10894181960171812,0.7347209920283436,0.6761030847325263,0.6646235434682864,0.7260713451136849,0.08088875533878359,0.21617420553127445,vit_small,gz2,soft,none,224,full,bce,0,1,True,True
vit_small_soft_none_s224_full_bce_nfull_seed1_op,1,0.2,0.4,5706,0.11935240963855422,0.38310550297932,0.61689449702068,0.2912723449001051,0.2320637732506643,0.9081668419207851,0.8972229008982784,0.9679823307410795,0.25419331802909845,0.13733598552992732,vit_small,gz2,soft,none,224,full,bce,0,1,True,True
vit_small_soft_none_s224_full_bce_nfull_seed1_op,2,0.4,0.6,6977,0.14593791834002678,0.29281926329367924,0.7071807367063208,0.2833596101476279,0.029229406554472984,0.9905403468539487,0.9857114895574098,0.9990890027362656,0.2440708024370964,0.07312763935473351,vit_small,gz2,soft,none,224,full,bce,0,1,True,True
vit_small_soft_none_s224_full_bce_nfull_seed1_op,3,0.6,0.8,13454,0.2814173360107095,0.16701352757544224,0.8329864724245577,0.16641890887468413,0.00354295837023915,0.9994053812992418,0.9985756565697841,0.9999537568884663,0.1484912574934724,0.0269218550778875,vit_small,gz2,soft,none,224,full,bce,0,1,True,True
vit_small_soft_none_s224_full_bce_nfull_seed1_op,4,0.8,1.0,16549,0.34615545515394913,0.22859387274155538,0.7714061272584446,0.22853344612967552,0.0004428697962798937,0.9999395733881201,0.999867829764737,1.0,0.08844077408415504,0.009646599602876739,vit_small,gz2,soft,none,224,full,bce,0,1,True,True
vit_small_soft_none_s224_full_bce_nfull_seed2,0,0.0,0.2,5122,0.10713688085676037,0.4328387348691917,0.5671612651308082,0.07126122608356111,0.6884758364312268,0.6384224912143693,0.651060922600124,0.7159348392992033,0.03421749493884696,0.22350032784803212,vit_small,gz2,soft,none,224,full,bce,0,2,False,True
vit_small_soft_none_s224_full_bce_nfull_seed2,1,0.2,0.4,5706,0.11935240963855422,0.38310550297932,0.61689449702068,0.2644584647739222,0.2516728624535316,0.8813529617946022,0.8906594391998669,0.9575619385760625,0.2272781507891289,0.1440865055686005,vit_small,gz2,soft,none,224,full,bce,0,2,False,True
vit_small_soft_none_s224_full_bce_nfull_seed2,2,0.4,0.6,6977,0.14593791834002678,0.29281926329367924,0.7071807367063208,0.27232334814390136,0.053159851301115245,0.9795040848502221,0.9806330989521795,0.9974924510141802,0.23654984989012232,0.07756456359397743,vit_small,gz2,soft,none,224,full,bce,0,2,False,True
vit_small_soft_none_s224_full_bce_nfull_seed2,3,0.6,0.8,13454,0.2814173360107095,0.16701352757544224,0.8329864724245577,0.1658986175115208,0.0055762081784386614,0.9988850899360785,0.9984412557016129,0.9999861806759865,0.14885910104179928,0.02793436917563259,vit_small,gz2,soft,none,224,full,bce,0,2,False,True
vit_small_soft_none_s224_full_bce_nfull_seed2,4,0.8,1.0,16549,0.34615545515394913,0.22859387274155538,0.7714061272584446,0.22841259290591576,0.0011152416356877324,0.9998187201643604,0.9997894966925138,0.9999999585867977,0.08847544246091352,0.00971059811368565,vit_small,gz2,soft,none,224,full,bce,0,2,False,True
vit_small_soft_none_s224_full_bce_nfull_seed2_op,0,0.0,0.2,5122,0.10713688085676037,0.4328387348691917,0.5671612651308082,0.10035142522452167,0.7158469945355191,0.6675126903553299,0.6496794058119196,0.7205126712145316,0.0615964729479983,0.21527027472088273,vit_small,gz2,soft,none,224,full,bce,0,2,True,True
vit_small_soft_none_s224_full_bce_nfull_seed2_op,1,0.2,0.4,5706,0.11935240963855422,0.38310550297932,0.61689449702068,0.28531370487206453,0.23455233291298866,0.9022082018927445,0.885198681693421,0.966887749001913,0.2369110083740885,0.13271738479493378,vit_small,gz2,soft,none,224,full,bce,0,2,True,True
vit_small_soft_none_s224_full_bce_nfull_seed2_op,2,0.4,0.6,6977,0.14593791834002678,0.29281926329367924,0.7071807367063208,0.27776981510677945,0.044136191677175286,0.9849505518131002,0.9764535034258378,0.9989736276063816,0.22570308104052791,0.06796501129869657,vit_small,gz2,soft,none,224,full,bce,0,2,True,True
vit_small_soft_none_s224_full_bce_nfull_seed2_op,3,0.6,0.8,13454,0.2814173360107095,0.16701352757544224,0.8329864724245577,0.16612159952430505,0.005044136191677175,0.9991080719488628,0.9976855809133532,0.9999591773991787,0.13885901797929995,0.02413473401299829,vit_small,gz2,soft,none,224,full,bce,0,2,True,True
vit_small_soft_none_s224_full_bce_nfull_seed2_op,4,0.8,1.0,16549,0.34615545515394913,0.22859387274155538,0.7714061272584446,0.22853344612967552,0.0004203446826397646,0.9999395733881201,0.999867829764737,1.0,0.08273274689522013,0.008489889343982536,vit_small,gz2,soft,none,224,full,bce,0,2,True,True
vit_small_soft_w_d4_s224_full_bce_nfull_seed0,0,0.0,0.2,5122,0.10713688085676037,0.4328387348691917,0.5671612651308082,0.11284654431862562,0.7436479128856625,0.6800078094494338,0.6707899450110513,0.7281290637128061,0.08120004917840062,0.21524372035454387,vit_small,gz2,soft_w,d4,224,full,bce,0,0,False,True
vit_small_soft_w_d4_s224_full_bce_nfull_seed0,1,0.2,0.4,5706,0.11935240963855422,0.38310550297932,0.61689449702068,0.29705573080967407,0.22277676950998185,0.9139502278303541,0.9058111276303751,0.971349574773351,0.2534737226432806,0.13274267716706273,vit_small,gz2,soft_w,d4,224,full,bce,0,0,False,True
vit_small_soft_w_d4_s224_full_bce_nfull_seed0,2,0.4,0.6,6977,0.14593791834002678,0.29281926329367924,0.7071807367063208,0.28321628206965743,0.030399274047186932,0.9903970187759782,0.9866139552122277,0.9991269981573708,0.23317608263696502,0.06790968436624664,vit_small,gz2,soft_w,d4,224,full,bce,0,0,False,True
vit_small_soft_w_d4_s224_full_bce_nfull_seed0,3,0.6,0.8,13454,0.2814173360107095,0.16701352757544224,0.8329864724245577,0.16649323621227896,0.003176043557168784,0.9994797086368367,0.9987981754838917,0.9999918990169576,0.13917371702798725,0.024042678466971487,vit_small,gz2,soft_w,d4,224,full,bce,0,0,False,True
vit_small_soft_w_d4_s224_full_bce_nfull_seed0,4,0.8,1.0,16549,0.34615545515394913,0.22859387274155538,0.7714061272584446,0.2285938727415554,0.0,1.0,1.0,1.0,0.08219392779381429,0.008367436495462344,vit_small,gz2,soft_w,d4,224,full,bce,0,0,False,True
vit_small_soft_w_d4_s224_full_bce_nfull_seed1,0,0.0,0.2,5122,0.10713688085676037,0.4328387348691917,0.5671612651308082,0.09839906286606803,0.743812418584455,0.6655603279968763,0.6645162517458195,0.7269653910441689,0.07124410416350523,0.21796357670399347,vit_small,gz2,soft_w,d4,224,full,bce,0,1,False,True
vit_small_soft_w_d4_s224_full_bce_nfull_seed1,1,0.2,0.4,5706,0.11935240963855422,0.38310550297932,0.61689449702068,0.2933753943217665,0.22231871471993053,0.9102698913424465,0.9092427014888131,0.9698163805830491,0.2589840394073606,0.1386728803864545,vit_small,gz2,soft_w,d4,224,full,bce,0,1,False,True
vit_small_soft_w_d4_s224_full_bce_nfull_seed1,2,0.4,0.6,6977,0.14593791834002678,0.29281926329367924,0.7071807367063208,0.2822129855238641,0.03213200173686496,0.9893937222301848,0.9869083949246054,0.9990954510453305,0.24383727745635564,0.0735920146064248,vit_small,gz2,soft_w,d4,224,full,bce,0,1,False,True
vit_small_soft_w_d4_s224_full_bce_nfull_seed1,3,0.6,0.8,13454,0.2814173360107095,0.16701352757544224,0.8329864724245577,0.16671621822506322,0.0017368649587494573,0.9997026906496209,0.9998215401088606,0.9999969422760084,0.14690707751854498,0.02641156427593219,vit_small,gz2,soft_w,d4,224,full,bce,0,1,False,True
vit_small_soft_w_d4_s224_full_bce_nfull_seed1,4,0.8,1.0,16549,0.34615545515394913,0.22859387274155538,0.7714061272584446,0.2285938727415554,0.0,1.0,1.0,1.0,0.08608517557030515,0.009200345841831345,vit_small,gz2,soft_w,d4,224,full,bce,0,1,False,True
vit_small_soft_w_d4_s224_full_bce_nfull_seed2,0,0.0,0.2,5122,0.10713688085676037,0.4328387348691917,0.5671612651308082,0.1026942600546662,0.7518897287683415,0.6698555251854744,0.6631751828500936,0.7244349522582888,0.07468635539136241,0.21696173572219707,vit_small,gz2,soft_w,d4,224,full,bce,0,2,False,True
vit_small_soft_w_d4_s224_full_bce_nfull_seed2,1,0.2,0.4,5706,0.11935240963855422,0.38310550297932,0.61689449702068,0.2996845425867508,0.21164962205424634,0.9165790396074308,0.9097621485902021,0.9721186735839641,0.2621597651009638,0.13576810425914676,vit_small,gz2,soft_w,d4,224,full,bce,0,2,False,True
vit_small_soft_w_d4_s224_full_bce_nfull_seed2,2,0.4,0.6,6977,0.14593791834002678,0.29281926329367924,0.7071807367063208,0.2824996416798051,0.03201422854602046,0.9896803783861259,0.9855336650343516,0.9990444598013405,0.24041905491407958,0.07165638675806174,vit_small,gz2,soft_w,d4,224,full,bce,0,2,False,True
vit_small_soft_w_d4_s224_full_bce_nfull_seed2,3,0.6,0.8,13454,0.2814173360107095,0.16701352757544224,0.8329864724245577,0.1662702541994946,0.004446420631391729,0.9992567266240523,0.9981306187415686,0.9999924152560731,0.14680774459208037,0.026368011237320556,vit_small,gz2,soft_w,d4,224,full,bce,0,2,False,True
vit_small_soft_w_d4_s224_full_bce_nfull_seed2,4,0.8,1.0,16549,0.34615545515394913,0.22859387274155538,0.7714061272584446,0.2285938727415554,0.0,1.0,1.0,1.0,0.08774973759575673,0.009462242909752951,vit_small,gz2,soft_w,d4,224,full,bce,0,2,False,True
